# Generated by tools/osm_geometry.py on 2026-09-05. Do not edit by hand.
# Source: OpenStreetMap via api.openstreetmap.org, ODbL 1.0. Relation ids from Wikidata (CC0).
# Pit lane excluded by member role. Every row was measured and checked against the published length before it was written.
# circuit_id|layout_key|wikidata_id|osm_relation|measured_km|published_km|delta_pct|node_count|osm_timestamp|centreline
albert-park|current|Q171288|280443|5.3084|5.278|0.58|338|2025-03-10T23:17:16Z|{"type":"MultiLineString","coordinates":[[[144.967631,-37.848971],[144.967264,-37.848674],[144.967013,-37.848471],[144.966653,-37.848204],[144.966159,-37.847809],[144.966112,-37.847768],[144.966071,-37.847727],[144.966046,-37.847702]],[[144.966046,-37.847702],[144.966028,-37.847682],[144.966013,-37.847664],[144.966002,-37.847647],[144.965993,-37.847626],[144.965988,-37.847612],[144.965988,-37.847597],[144.96599,-37.847583],[144.965994,-37.847568],[144.966004,-37.847546],[144.966018,-37.847519],[144.966043,-37.847479],[144.966083,-37.847417]],[[144.966083,-37.847417],[144.966123,-37.847349],[144.966165,-37.847275],[144.966188,-37.847218],[144.966219,-37.847132],[144.966239,-37.847033],[144.966249,-37.84691],[144.966248,-37.846815],[144.966235,-37.846707],[144.966218,-37.846621],[144.966208,-37.846573],[144.966196,-37.846535],[144.96617,-37.846481],[144.966138,-37.846422],[144.966101,-37.84636],[144.966015,-37.846249],[144.965954,-37.846187],[144.965888,-37.846132],[144.96581,-37.846067],[144.965739,-37.846013],[144.96555,-37.845871],[144.965001,-37.845469],[144.964951,-37.84543],[144.964596,-37.84514],[144.964117,-37.844722],[144.963564,-37.844181],[144.963421,-37.844036],[144.963244,-37.843842],[144.963089,-37.843658],[144.963015,-37.843563],[144.96285,-37.843349],[144.962303,-37.842576],[144.962144,-37.842315],[144.962136,-37.842285],[144.962133,-37.842256],[144.962139,-37.842216],[144.962152,-37.842183],[144.962176,-37.842148],[144.962211,-37.842118],[144.962254,-37.842099],[144.962319,-37.842082],[144.962401,-37.842069]],[[144.962401,-37.842069],[144.962561,-37.842051],[144.962681,-37.842032],[144.96278,-37.842003]],[[144.96278,-37.842003],[144.962902,-37.841987],[144.963096,-37.841962]],[[144.963096,-37.841962],[144.963371,-37.841923],[144.963491,-37.841899],[144.963565,-37.841879],[144.963628,-37.841846],[144.963678,-37.841801]],[[144.963678,-37.841801],[144.963709,-37.841753],[144.96373,-37.841714],[144.96375,-37.841662],[144.963758,-37.841617],[144.96376,-37.841574],[144.963694,-37.840256]],[[144.963694,-37.840256],[144.963694,-37.840233],[144.963692,-37.840194],[144.963682,-37.839979],[144.963677,-37.839922],[144.963676,-37.839914]],[[144.963676,-37.839914],[144.963729,-37.83985],[144.963758,-37.83982],[144.963785,-37.839791],[144.963817,-37.839761],[144.963827,-37.839753],[144.963862,-37.839724],[144.96389,-37.839702],[144.96392,-37.839682],[144.96397,-37.839652],[144.964112,-37.839572],[144.964923,-37.839108],[144.965123,-37.838997],[144.965226,-37.838948],[144.965344,-37.838893],[144.965531,-37.838823],[144.965721,-37.838759],[144.965769,-37.838746],[144.965812,-37.838744],[144.965861,-37.838744]],[[144.965861,-37.838744],[144.965891,-37.838723],[144.965906,-37.838713],[144.96592,-37.838704],[144.965974,-37.838687],[144.96601,-37.838673],[144.966558,-37.838496],[144.966704,-37.838449],[144.96688,-37.838392],[144.967048,-37.838333],[144.967239,-37.838254],[144.967381,-37.838192],[144.967586,-37.838093]],[[144.967586,-37.838093],[144.967705,-37.838035],[144.967789,-37.837997]],[[144.967789,-37.837997],[144.967959,-37.837918]],[[144.967959,-37.837918],[144.968007,-37.837981],[144.968071,-37.838053],[144.968133,-37.838107],[144.968201,-37.838166]],[[144.968201,-37.838166],[144.968242,-37.838197]],[[144.968242,-37.838197],[144.968276,-37.838225],[144.968322,-37.83826],[144.968367,-37.838289],[144.968397,-37.838308]],[[144.968397,-37.838308],[144.968432,-37.838329],[144.968471,-37.838348],[144.968519,-37.838371],[144.968562,-37.838391],[144.968604,-37.838409],[144.968656,-37.838427],[144.968723,-37.838448],[144.968771,-37.838461],[144.968828,-37.838477],[144.968899,-37.838492],[144.96896,-37.838502]],[[144.96896,-37.838502],[144.969116,-37.838519],[144.969307,-37.838528],[144.969452,-37.838535],[144.969558,-37.838542],[144.969697,-37.838558],[144.96984,-37.838579],[144.969969,-37.838609],[144.970075,-37.83864],[144.970222,-37.838686],[144.970346,-37.838731],[144.970443,-37.838776],[144.970613,-37.838868],[144.970803,-37.838989],[144.970938,-37.839095],[144.971082,-37.839233],[144.971156,-37.839325],[144.971243,-37.839429],[144.971302,-37.839524],[144.971377,-37.839662],[144.971421,-37.839757],[144.971459,-37.839879],[144.971537,-37.840199],[144.971743,-37.841022],[144.971768,-37.841239],[144.971773,-37.841389],[144.971765,-37.841481],[144.971761,-37.841554],[144.971752,-37.841644],[144.971733,-37.841746],[144.971711,-37.841826],[144.971674,-37.841945],[144.971632,-37.842056],[144.971587,-37.842164],[144.971527,-37.842305],[144.971476,-37.842414],[144.971436,-37.842494],[144.971394,-37.842575],[144.971354,-37.842653],[144.971313,-37.842739],[144.971283,-37.842797],[144.971226,-37.8429],[144.971154,-37.84304],[144.971008,-37.843335],[144.970854,-37.84365],[144.970775,-37.843849],[144.970671,-37.844161],[144.970644,-37.844292],[144.97063,-37.844379],[144.970615,-37.844512],[144.970605,-37.84471],[144.970608,-37.844831],[144.970627,-37.845077],[144.970642,-37.845176],[144.970682,-37.845366],[144.970711,-37.845482],[144.970736,-37.845563],[144.970779,-37.84568],[144.970863,-37.845885],[144.970941,-37.84604],[144.971036,-37.846202],[144.971156,-37.846374],[144.971295,-37.846553],[144.971422,-37.846699],[144.971573,-37.846862],[144.971722,-37.846988],[144.971887,-37.84712],[144.972205,-37.847344],[144.972536,-37.847569],[144.97302,-37.847904]],[[144.97515,-37.848267],[144.974859,-37.848059],[144.97484,-37.848048],[144.974816,-37.848039],[144.974792,-37.848033],[144.974747,-37.84803],[144.974699,-37.84803],[144.974633,-37.848038],[144.974132,-37.848093],[144.97393,-37.848117],[144.973573,-37.848152],[144.973513,-37.848149],[144.973455,-37.848144],[144.973393,-37.84813],[144.973347,-37.848116],[144.9733,-37.848098],[144.973254,-37.848073],[144.973215,-37.848047],[144.97302,-37.847904]],[[144.97515,-37.848267],[144.975384,-37.848425],[144.975905,-37.848778]],[[144.975905,-37.848778],[144.976257,-37.849017],[144.976511,-37.849179],[144.976645,-37.849268],[144.976796,-37.849369],[144.976863,-37.849425]],[[144.976863,-37.849425],[144.976968,-37.849509]],[[144.976968,-37.849509],[144.977042,-37.849575],[144.97712,-37.849649],[144.97713,-37.849659],[144.977184,-37.849709],[144.977233,-37.849752]],[[144.977233,-37.849752],[144.977303,-37.84983],[144.977372,-37.849917],[144.977439,-37.850009],[144.977501,-37.850117]],[[144.977501,-37.850117],[144.977588,-37.850268],[144.977647,-37.850388],[144.977711,-37.850543],[144.977772,-37.8507],[144.977846,-37.850901],[144.977963,-37.851213],[144.978191,-37.851847]],[[144.978468,-37.85262],[144.978355,-37.852275],[144.978288,-37.852098],[144.978237,-37.851962],[144.978191,-37.851847]],[[144.978656,-37.853368],[144.978606,-37.853146],[144.978556,-37.852903],[144.978515,-37.85277],[144.978468,-37.85262]],[[144.978656,-37.853368],[144.977675,-37.85355],[144.977321,-37.853614],[144.977015,-37.853676],[144.976861,-37.853708],[144.976725,-37.853739],[144.976568,-37.853779],[144.976451,-37.853808],[144.976346,-37.853833],[144.976153,-37.853879],[144.976085,-37.853891],[144.976044,-37.853894],[144.975995,-37.853896],[144.975918,-37.853894]],[[144.975918,-37.853894],[144.975873,-37.853888],[144.975821,-37.853879],[144.975748,-37.853862],[144.975685,-37.853843],[144.975612,-37.853813],[144.975553,-37.853784],[144.975493,-37.853746],[144.975446,-37.853709],[144.975391,-37.85366],[144.975334,-37.853598],[144.974667,-37.852642],[144.974366,-37.852255],[144.974288,-37.852159]],[[144.974288,-37.852159],[144.974242,-37.852112],[144.974203,-37.852084],[144.974162,-37.852067],[144.974107,-37.852061],[144.974063,-37.852064],[144.974029,-37.852076],[144.973998,-37.852093],[144.973942,-37.852139]],[[144.973942,-37.852139],[144.973652,-37.852399],[144.973429,-37.852598],[144.97334,-37.85268],[144.973267,-37.85274],[144.973219,-37.852775],[144.973147,-37.852809],[144.973074,-37.852835],[144.972984,-37.852862],[144.972873,-37.852879],[144.972772,-37.85288],[144.972674,-37.852868],[144.972568,-37.852843],[144.97248,-37.852812],[144.97241,-37.852777],[144.972331,-37.852728],[144.97227,-37.85268],[144.971346,-37.851938],[144.968984,-37.850056],[144.967956,-37.84923],[144.967631,-37.848971]]]}
bahrain|gp|Q171332|284538|5.4196|5.412|0.14|241|2026-03-10T11:30:53Z|{"type":"MultiLineString","coordinates":[[[50.51745,26.02956],[50.517425,26.029519],[50.517394,26.029481],[50.517352,26.02944],[50.517272,26.02937],[50.517186,26.029307],[50.517118,26.029264],[50.517047,26.029226],[50.516869,26.029136],[50.515495,26.028443],[50.51522,26.028305],[50.514268,26.027824],[50.512914,26.02714],[50.511085,26.02622],[50.51085,26.026101],[50.510808,26.026084],[50.510762,26.026075],[50.510715,26.026075],[50.510669,26.026083],[50.51063,26.026098],[50.510594,26.026119],[50.510563,26.026146],[50.510538,26.026177],[50.51035,26.02655],[50.510318,26.026626],[50.510292,26.026705],[50.510272,26.026785],[50.510259,26.026866],[50.510254,26.026948],[50.510255,26.02703],[50.510263,26.027112],[50.510275,26.0274],[50.510316,26.02845],[50.510318,26.028481],[50.510622,26.035422],[50.510652,26.036064],[50.510684,26.03676],[50.510685,26.03679],[50.510691,26.036821],[50.510706,26.036848],[50.510728,26.036872],[50.510757,26.036889],[50.510788,26.036898],[50.51082,26.036901],[50.510853,26.036896],[50.510882,26.036883],[50.510908,26.036865],[50.510954,26.036829],[50.511447,26.036401],[50.511477,26.036379],[50.51151,26.036362],[50.511547,26.036351],[50.511584,26.036344],[50.511629,26.036344],[50.511674,26.036352],[50.511716,26.036367],[50.512412,26.036578],[50.512502,26.036596],[50.512593,26.036607],[50.512685,26.036612],[50.512789,26.036609],[50.512892,26.036597],[50.512949,26.036585],[50.513286,26.036527],[50.514854,26.036258],[50.516498,26.035983],[50.517099,26.035879],[50.518203,26.035687],[50.518237,26.035679],[50.518268,26.035665],[50.518296,26.035645],[50.518319,26.035621],[50.518335,26.035593],[50.518345,26.035563],[50.518348,26.035531],[50.518341,26.035435],[50.518331,26.035372],[50.518313,26.03531],[50.518283,26.035243],[50.518244,26.03518],[50.5182,26.035129],[50.518127,26.035068]],[[50.518127,26.035068],[50.517955,26.034977],[50.517823,26.034898],[50.517693,26.034811],[50.517569,26.034716],[50.51745,26.034625],[50.517282,26.034491],[50.517119,26.034352],[50.516947,26.034197],[50.51678,26.034038],[50.516707,26.033967],[50.516639,26.033891]],[[50.516639,26.033891],[50.516578,26.033811],[50.516514,26.033711],[50.516459,26.033606],[50.516361,26.033394],[50.516326,26.033324],[50.516298,26.033278],[50.516256,26.033227],[50.516206,26.03318],[50.516151,26.033139],[50.516084,26.033102],[50.516013,26.033073],[50.515938,26.033053],[50.515861,26.033042],[50.515783,26.03304],[50.515707,26.033047],[50.515354,26.033102],[50.515282,26.033114],[50.515192,26.033123],[50.515086,26.033122],[50.514991,26.033107],[50.514924,26.033089],[50.51486,26.033064],[50.514799,26.033034],[50.514723,26.032984],[50.514651,26.032928],[50.514584,26.032868],[50.514523,26.032802],[50.513451,26.031547],[50.513422,26.03152],[50.513387,26.031498],[50.513347,26.031484],[50.513305,26.031478],[50.513263,26.031479],[50.513222,26.031489],[50.513184,26.031506],[50.513152,26.03153],[50.513125,26.031559],[50.513106,26.031592],[50.513095,26.031629],[50.51308,26.031691],[50.513071,26.031754],[50.513067,26.031818],[50.51307,26.031891],[50.513081,26.031964],[50.513322,26.033314],[50.51351,26.034385],[50.513518,26.034453],[50.513519,26.034522],[50.513512,26.034591],[50.513498,26.034658],[50.513479,26.034716],[50.513454,26.034773],[50.513424,26.034827],[50.513389,26.034879],[50.513306,26.034967],[50.513216,26.035049],[50.51315,26.035101],[50.513081,26.03515],[50.51301,26.035196],[50.512849,26.035309],[50.512829,26.03532],[50.512806,26.035325],[50.512783,26.035325],[50.51276,26.035319],[50.512737,26.035305],[50.512721,26.035285],[50.512712,26.035262],[50.512631,26.034738],[50.512566,26.034292],[50.512535,26.034019],[50.512512,26.033746],[50.512495,26.033411],[50.512443,26.032085],[50.512381,26.030747],[50.512321,26.029408],[50.512311,26.029169],[50.51231,26.029114],[50.512312,26.029059],[50.512323,26.029005],[50.512343,26.028952],[50.512368,26.028909],[50.512399,26.028869],[50.512436,26.028834],[50.512477,26.028802],[50.512541,26.028772],[50.51262,26.028755],[50.5127,26.028742],[50.512781,26.028734],[50.512861,26.028731],[50.512915,26.028732],[50.51302,26.028738],[50.513121,26.028752],[50.513221,26.028774],[50.513319,26.028802],[50.513423,26.028841],[50.513523,26.028888],[50.513618,26.028943],[50.513707,26.029004],[50.513793,26.029073],[50.513874,26.029147],[50.513948,26.029226],[50.514009,26.0293],[50.514065,26.029376],[50.514116,26.029456],[50.51416,26.029538],[50.514211,26.029647],[50.514253,26.029759],[50.514403,26.030129],[50.514449,26.03021],[50.514502,26.030288],[50.514562,26.030362],[50.514628,26.030431],[50.514696,26.03049],[50.514768,26.030544],[50.514845,26.030593],[50.514925,26.030637],[50.515009,26.030674],[50.515096,26.030707],[50.515184,26.030733],[50.515275,26.030753],[50.515367,26.030767],[50.515465,26.030776],[50.515562,26.030777],[50.51566,26.030772],[50.515756,26.03076],[50.515867,26.030736],[50.515976,26.030705],[50.516063,26.030673],[50.516148,26.030636],[50.516293,26.030567],[50.516891,26.030305],[50.516972,26.030271],[50.517049,26.030231],[50.517122,26.030186],[50.51719,26.030134],[50.517253,26.030078],[50.517305,26.030022],[50.517353,26.029963],[50.517394,26.0299],[50.51743,26.029835],[50.517453,26.029792],[50.517469,26.029746],[50.517477,26.029699],[50.517476,26.029651],[50.517467,26.029605],[50.51745,26.02956]]]}
baku||Q17004958|11266687|6.0033|6.003|0.01|273|2026-09-04T09:40:28Z|{"type":"MultiLineString","coordinates":[[[49.836359,40.368845],[49.836414,40.368846],[49.836463,40.368848],[49.836642,40.368858],[49.836689,40.368859],[49.836728,40.368857],[49.836759,40.368853],[49.83679,40.368845],[49.836823,40.36883],[49.837063,40.368725],[49.837088,40.368722],[49.837118,40.368724],[49.83718,40.368735],[49.837219,40.368745],[49.837262,40.368749],[49.837298,40.368748],[49.837335,40.368733],[49.837357,40.368717],[49.837373,40.368692],[49.838063,40.367134],[49.838076,40.367104],[49.838095,40.367076],[49.838102,40.367068],[49.838117,40.367054],[49.838152,40.36703],[49.838186,40.367013]],[[49.838186,40.367013],[49.838294,40.366981]],[[49.841149,40.368725],[49.840047,40.368056],[49.838989,40.367454],[49.838807,40.367349],[49.838555,40.367203],[49.83849,40.367163],[49.838427,40.367118],[49.838383,40.367084],[49.838346,40.367049],[49.83832,40.367019],[49.838304,40.366997],[49.838294,40.366981]],[[49.84176,40.369078],[49.841149,40.368725]],[[49.842116,40.369962],[49.841977,40.369893],[49.841873,40.369825],[49.841794,40.369766],[49.841746,40.369717],[49.841723,40.369681],[49.841712,40.369643],[49.841709,40.369613],[49.841716,40.36957],[49.841726,40.369542],[49.841842,40.369249],[49.841846,40.369213],[49.841835,40.369169],[49.841818,40.369135],[49.841794,40.369104],[49.84176,40.369078]],[[49.843251,40.370489],[49.842211,40.370009],[49.842116,40.369962]],[[49.843349,40.370525],[49.843251,40.370489]],[[49.843887,40.370698],[49.843428,40.37055],[49.843349,40.370525]],[[49.844006,40.370738],[49.843887,40.370698]],[[49.844483,40.370895],[49.844006,40.370738]],[[49.844588,40.370929],[49.844483,40.370895]],[[49.845148,40.371127],[49.844588,40.370929]],[[49.844526,40.372226],[49.845063,40.371274],[49.845148,40.371127]],[[49.844473,40.37233],[49.844492,40.372292],[49.844526,40.372226]],[[49.844156,40.373001],[49.844436,40.372407],[49.84446,40.372355],[49.844473,40.37233]],[[49.844128,40.373067],[49.844156,40.373001]],[[49.844128,40.373067],[49.844226,40.3731],[49.844262,40.373112]],[[49.844262,40.373112],[49.846721,40.373972],[49.846788,40.373994]],[[49.846788,40.373994],[49.846901,40.374033]],[[49.846901,40.374033],[49.847007,40.374069]],[[49.847007,40.374069],[49.849623,40.374973]],[[49.849623,40.374973],[49.849737,40.375012],[49.849819,40.375037]],[[49.849819,40.375037],[49.850189,40.375149],[49.851492,40.375555],[49.851553,40.375575],[49.851571,40.375579],[49.851624,40.375597],[49.851801,40.375653],[49.852896,40.375965],[49.853451,40.376134]],[[49.853451,40.376134],[49.853581,40.376169]],[[49.853581,40.376169],[49.853628,40.376089]],[[49.853628,40.376089],[49.853843,40.375697],[49.853927,40.375546],[49.853972,40.375472],[49.854034,40.375374]],[[49.854034,40.375374],[49.854046,40.375353],[49.854122,40.375224],[49.854639,40.374409]],[[49.854639,40.374409],[49.854652,40.374388],[49.854787,40.374161]],[[49.854787,40.374161],[49.854913,40.373934],[49.854932,40.373899],[49.855002,40.373794]],[[49.855139,40.373311],[49.855166,40.373344],[49.855175,40.373382],[49.855171,40.373433],[49.855152,40.373487],[49.855128,40.37354],[49.855002,40.373794]],[[49.851408,40.372094],[49.851707,40.372191],[49.852914,40.372585],[49.855139,40.373311]],[[49.848603,40.371185],[49.848672,40.371207],[49.848734,40.371227],[49.849646,40.371524],[49.850091,40.371668],[49.850504,40.371799],[49.850568,40.371819],[49.850658,40.371851],[49.851408,40.372094]],[[49.8475,40.370829],[49.848603,40.371185]],[[49.84565,40.370218],[49.8475,40.370829]],[[49.841311,40.368696],[49.841543,40.36882],[49.841561,40.36883],[49.841731,40.368911],[49.841895,40.368977],[49.842914,40.36933],[49.84535,40.37012],[49.84558,40.370195],[49.84565,40.370218]],[[49.835417,40.363315],[49.835927,40.364075],[49.83597,40.364121],[49.836023,40.36417],[49.83793,40.365506],[49.838041,40.365599],[49.83808,40.365654],[49.838115,40.365736],[49.838323,40.366654],[49.838351,40.366756],[49.838362,40.366793],[49.838378,40.366842],[49.838395,40.366883],[49.838412,40.36692],[49.838426,40.366948],[49.838447,40.366978],[49.838468,40.367003],[49.838488,40.367022],[49.838513,40.367042],[49.838571,40.367082],[49.838618,40.367111],[49.839073,40.367372],[49.839361,40.367542],[49.8395,40.367624],[49.840838,40.368416],[49.841311,40.368696]],[[49.833169,40.363103],[49.83448,40.362642],[49.834565,40.362615],[49.834636,40.362602],[49.834727,40.362602],[49.834801,40.362606],[49.834859,40.36262],[49.834933,40.362646],[49.834953,40.362652],[49.835044,40.362706],[49.835132,40.362791],[49.835205,40.362926],[49.835417,40.363315]],[[49.831941,40.363585],[49.833169,40.363103]],[[49.831153,40.363895],[49.831941,40.363585]],[[49.831116,40.36391],[49.831153,40.363895]],[[49.831076,40.363991],[49.831077,40.363965],[49.831082,40.363946],[49.831088,40.363935],[49.831094,40.363926],[49.831103,40.363919],[49.831116,40.36391]],[[49.830937,40.366124],[49.830924,40.366038],[49.830922,40.365958],[49.830925,40.365876],[49.830934,40.365759],[49.83097,40.365259],[49.831043,40.364449],[49.831076,40.363991]],[[49.830937,40.366124],[49.830953,40.366177],[49.830972,40.366229],[49.830994,40.366284],[49.831101,40.366549]],[[49.831101,40.366549],[49.831344,40.367165]],[[49.831344,40.367165],[49.831412,40.367344],[49.831548,40.367691],[49.831572,40.367742],[49.831601,40.367788],[49.831641,40.367843],[49.831689,40.367889],[49.83171,40.36791],[49.831733,40.367928],[49.831755,40.367947],[49.831828,40.367995],[49.831902,40.368037],[49.832391,40.368262],[49.833044,40.368563],[49.833293,40.368654],[49.833913,40.368882],[49.834543,40.369098],[49.834665,40.369139],[49.834687,40.369148]],[[49.834687,40.369148],[49.834714,40.369154],[49.834733,40.369156],[49.834757,40.369156],[49.834792,40.369154],[49.834809,40.369154],[49.834825,40.369156],[49.834862,40.369165],[49.834887,40.369172],[49.835794,40.369401],[49.835833,40.369406]],[[49.835833,40.369406],[49.835868,40.369396],[49.835891,40.369381],[49.835911,40.369362],[49.835923,40.36934],[49.836094,40.368918],[49.83611,40.368891],[49.836127,40.368875],[49.836148,40.368863],[49.836191,40.36885],[49.836206,40.368847],[49.836253,40.368846],[49.836359,40.368845]]]}
buddh||Q172906|2532569|5.1355|5.125|0.21|172|2012-10-28T08:31:16Z|{"type":"MultiLineString","coordinates":[[[77.535854,28.356386],[77.536634,28.353973],[77.5373,28.351927],[77.537931,28.349975],[77.538148,28.349253],[77.538456,28.34828],[77.538679,28.347592],[77.538866,28.346906],[77.539079,28.346145],[77.539104,28.346037],[77.539134,28.345543],[77.539124,28.345501],[77.539101,28.345459],[77.539058,28.345437],[77.539002,28.345423],[77.538969,28.345423],[77.538922,28.345429],[77.538875,28.34544],[77.538822,28.345459],[77.536802,28.34648],[77.535207,28.347286],[77.534452,28.347667],[77.534364,28.34771],[77.534259,28.347742],[77.534172,28.34775],[77.534083,28.347749],[77.534005,28.347737],[77.533929,28.347717],[77.533856,28.347683],[77.533779,28.347625],[77.533629,28.347501],[77.533329,28.347254],[77.533276,28.347201],[77.533232,28.347129],[77.533215,28.347078],[77.533204,28.347018],[77.533212,28.346948],[77.53324,28.346879],[77.53329,28.346813],[77.533361,28.346749],[77.533412,28.346689],[77.533445,28.346619],[77.533454,28.34655],[77.533334,28.345311],[77.533303,28.345155],[77.533251,28.345063],[77.533173,28.344993],[77.532869,28.344859],[77.532736,28.344788],[77.532652,28.344694],[77.532616,28.344614],[77.532593,28.344495],[77.532531,28.342986],[77.532527,28.342877],[77.532513,28.342495],[77.532493,28.342358],[77.532478,28.342295],[77.532448,28.342206],[77.532393,28.342109],[77.532315,28.342004],[77.53222,28.341925],[77.53211,28.34185],[77.532014,28.341804],[77.531897,28.341767],[77.531765,28.341745],[77.531635,28.341737],[77.531557,28.341745],[77.53147,28.341761],[77.531396,28.341781],[77.531317,28.341809],[77.531196,28.341872],[77.531076,28.341949],[77.530937,28.342066],[77.530796,28.342212],[77.530709,28.342336],[77.530622,28.342476],[77.530574,28.342582],[77.530528,28.342711],[77.530505,28.342797],[77.530497,28.342876],[77.530501,28.342962],[77.530522,28.343053],[77.530561,28.343138],[77.530613,28.343212],[77.530696,28.343296],[77.530803,28.34337],[77.531129,28.3436],[77.531211,28.343659],[77.531285,28.343713],[77.531365,28.343781],[77.531417,28.343835],[77.531529,28.34397],[77.531592,28.344053],[77.53167,28.344172],[77.532345,28.345222],[77.532423,28.345352],[77.532464,28.345448],[77.532481,28.345544],[77.532485,28.345631],[77.532473,28.345716],[77.532436,28.345813],[77.532379,28.34592],[77.531865,28.346461],[77.531838,28.346504],[77.531834,28.346541],[77.531959,28.348276],[77.531991,28.348655],[77.532022,28.348761],[77.532103,28.348886],[77.532215,28.349],[77.532371,28.349078],[77.532546,28.349109],[77.532725,28.349085],[77.532875,28.349022],[77.534715,28.348086],[77.534797,28.348046],[77.535198,28.347868],[77.535524,28.347744],[77.535757,28.347684],[77.53584,28.347692],[77.535913,28.347722],[77.535969,28.347766],[77.535989,28.347814],[77.536001,28.347865],[77.535999,28.347927],[77.535874,28.348262],[77.535444,28.349297],[77.534572,28.351427],[77.534495,28.351617],[77.534441,28.351743],[77.533739,28.353406],[77.533566,28.353838]],[[77.535508,28.356278],[77.53554,28.356405],[77.535557,28.356443],[77.535596,28.356481],[77.535639,28.356499],[77.53569,28.356506],[77.53573,28.3565],[77.535765,28.356488],[77.535796,28.35647],[77.535818,28.356449],[77.535836,28.356424],[77.535854,28.356386]],[[77.535388,28.355491],[77.535508,28.356278]],[[77.534262,28.354182],[77.534403,28.354216],[77.534497,28.354249],[77.534603,28.354302],[77.534711,28.354366],[77.534814,28.354451],[77.534914,28.354539],[77.535023,28.354673],[77.535109,28.354808],[77.535189,28.354943],[77.53526,28.355089],[77.535316,28.355214],[77.535357,28.355342],[77.535388,28.355491]],[[77.533753,28.354101],[77.534089,28.35415],[77.534262,28.354182]],[[77.533566,28.353838],[77.533557,28.353889],[77.533551,28.353936],[77.533562,28.353984],[77.533597,28.354032],[77.533625,28.354055],[77.533658,28.354074],[77.533698,28.354088],[77.533753,28.354101]]]}
cota||Q59626|6537729|5.5022|5.513|-0.2|375|2026-05-14T04:55:33Z|{"type":"MultiLineString","coordinates":[[[-97.643248,30.134208],[-97.64225,30.133537],[-97.639829,30.131893],[-97.637658,30.130423]],[[-97.637658,30.130423],[-97.637445,30.13029],[-97.637246,30.13018],[-97.637061,30.130087],[-97.63701,30.130066],[-97.636971,30.130055],[-97.636933,30.13005],[-97.636898,30.130053],[-97.636867,30.130061],[-97.636852,30.130066],[-97.636822,30.130079],[-97.636797,30.130099],[-97.636776,30.130125],[-97.63677,30.130154],[-97.63677,30.130191],[-97.636776,30.130226],[-97.636791,30.130275],[-97.636838,30.130413],[-97.636913,30.130591]],[[-97.636913,30.130591],[-97.637239,30.131427]],[[-97.637239,30.131427],[-97.637296,30.131573],[-97.637317,30.131645],[-97.637332,30.131715],[-97.637339,30.13178],[-97.63734,30.131844],[-97.637337,30.131917],[-97.637326,30.131991],[-97.637307,30.132064],[-97.637279,30.132142],[-97.637249,30.132214],[-97.637213,30.132285],[-97.637172,30.132351],[-97.637126,30.132415],[-97.637075,30.132476],[-97.637015,30.132535],[-97.636953,30.132587],[-97.636877,30.132638],[-97.636795,30.132688],[-97.636693,30.132742],[-97.6365,30.132845]],[[-97.6365,30.132845],[-97.63549,30.133377],[-97.635349,30.133456],[-97.635278,30.133501],[-97.635205,30.133549],[-97.635143,30.133601],[-97.635085,30.133661],[-97.635038,30.133721],[-97.634998,30.133781],[-97.634957,30.133867],[-97.634918,30.133955],[-97.634885,30.134033]],[[-97.634885,30.134033],[-97.634855,30.134106],[-97.634818,30.134183],[-97.634777,30.134252],[-97.63473,30.134314],[-97.634672,30.134375],[-97.634601,30.134433],[-97.634518,30.134476],[-97.634423,30.134515],[-97.63429,30.134559]],[[-97.63429,30.134559],[-97.634158,30.1346],[-97.634081,30.13463],[-97.634014,30.134664],[-97.633952,30.134706],[-97.633896,30.134752],[-97.633842,30.134803],[-97.633803,30.134849],[-97.633771,30.13491],[-97.633747,30.134971],[-97.633731,30.135034],[-97.633716,30.135122],[-97.633696,30.135255]],[[-97.633696,30.135255],[-97.633676,30.135385],[-97.633651,30.13549],[-97.633625,30.135564],[-97.63358,30.135642],[-97.633529,30.135717],[-97.633457,30.135797],[-97.633379,30.135868],[-97.63331,30.135922],[-97.633222,30.135978],[-97.633141,30.136024],[-97.633061,30.136064],[-97.632969,30.136103],[-97.632859,30.136145],[-97.632764,30.136172],[-97.632678,30.136189],[-97.632599,30.136197],[-97.632534,30.136201],[-97.63247,30.136199],[-97.632411,30.136192],[-97.632352,30.136182],[-97.632292,30.136168],[-97.632225,30.136146],[-97.631985,30.136052],[-97.63166,30.135922]],[[-97.63166,30.135922],[-97.63135,30.135801],[-97.631282,30.135774],[-97.631238,30.135759],[-97.631203,30.135752],[-97.631164,30.135747],[-97.631128,30.135748],[-97.631086,30.135755],[-97.631039,30.135772],[-97.630977,30.135799],[-97.630825,30.135882],[-97.630708,30.135963],[-97.630605,30.136038],[-97.630516,30.13611],[-97.6304,30.136223]],[[-97.6304,30.136223],[-97.630346,30.136283],[-97.630296,30.136346],[-97.630253,30.136401],[-97.630204,30.13646],[-97.630159,30.136503],[-97.630099,30.136547],[-97.63004,30.136578],[-97.629976,30.136601],[-97.629902,30.13662],[-97.629818,30.136634],[-97.629745,30.136637],[-97.629663,30.136631],[-97.629593,30.136618],[-97.629529,30.1366],[-97.629483,30.136582],[-97.629441,30.136561],[-97.629398,30.136536],[-97.629364,30.13651],[-97.629325,30.136476],[-97.629294,30.136444],[-97.629259,30.136402],[-97.629222,30.136353]],[[-97.629222,30.136353],[-97.629197,30.136315],[-97.629176,30.13628],[-97.629155,30.136254],[-97.629128,30.136233],[-97.629091,30.136208],[-97.629056,30.136192],[-97.629014,30.136181],[-97.628975,30.136175],[-97.628927,30.136173],[-97.62888,30.136177],[-97.628818,30.136187],[-97.62869,30.136212]],[[-97.62869,30.136212],[-97.62731,30.136473]],[[-97.62731,30.136473],[-97.627182,30.136497],[-97.627117,30.13651],[-97.627068,30.136524],[-97.627026,30.136539],[-97.626989,30.136559],[-97.626957,30.136581],[-97.626924,30.13661],[-97.626833,30.136706]],[[-97.626833,30.136706],[-97.625054,30.138569]],[[-97.625054,30.138569],[-97.624636,30.139008],[-97.624529,30.13913],[-97.624496,30.13918],[-97.624478,30.139222],[-97.62447,30.139266],[-97.624473,30.139304],[-97.624488,30.139346],[-97.624509,30.139378],[-97.62454,30.139405],[-97.624572,30.139421],[-97.624607,30.139432],[-97.624645,30.139434],[-97.624685,30.139434],[-97.624728,30.139428],[-97.624805,30.13941],[-97.625095,30.139333]],[[-97.625095,30.139333],[-97.625824,30.139131],[-97.62664,30.138912],[-97.627921,30.138602],[-97.628712,30.138431],[-97.629832,30.138208],[-97.631119,30.137988],[-97.632377,30.137808],[-97.632702,30.137769],[-97.633057,30.137727],[-97.63308,30.137723],[-97.633117,30.13772],[-97.633814,30.137647],[-97.634146,30.137617],[-97.634276,30.137605],[-97.634657,30.137567],[-97.634952,30.137538],[-97.635635,30.137473]],[[-97.635635,30.137473],[-97.636276,30.137409],[-97.636462,30.13739],[-97.636515,30.137382],[-97.636551,30.137372],[-97.636572,30.137359],[-97.636596,30.137336],[-97.63661,30.137315],[-97.636618,30.137289],[-97.636619,30.137266],[-97.636614,30.137241],[-97.636602,30.137214],[-97.636582,30.137184],[-97.636465,30.137059]],[[-97.636465,30.137059],[-97.636229,30.136799],[-97.636059,30.136606],[-97.635792,30.136276],[-97.635538,30.135924]],[[-97.635538,30.135924],[-97.635466,30.135828],[-97.635445,30.135809],[-97.635432,30.135745],[-97.63543,30.135708],[-97.635431,30.135675],[-97.635439,30.135646],[-97.635451,30.135613],[-97.635469,30.135588],[-97.63549,30.135565],[-97.635518,30.135541],[-97.635545,30.135528],[-97.635577,30.135518],[-97.635612,30.135511],[-97.635652,30.135509],[-97.635701,30.13551],[-97.635919,30.135523]],[[-97.635919,30.135523],[-97.636081,30.135531],[-97.636174,30.135537],[-97.636238,30.135543],[-97.636279,30.13555],[-97.636315,30.13556],[-97.636348,30.135575],[-97.636385,30.135596],[-97.636429,30.135627],[-97.636454,30.135654],[-97.63648,30.13569],[-97.6365,30.135734],[-97.636553,30.135862]],[[-97.636553,30.135862],[-97.636588,30.135945],[-97.636622,30.136018],[-97.636656,30.136081],[-97.636694,30.136135],[-97.636735,30.136175],[-97.636825,30.136259],[-97.637004,30.136427],[-97.637044,30.136464],[-97.637089,30.136496],[-97.637128,30.136519],[-97.637181,30.136544],[-97.63723,30.136559],[-97.637291,30.136571],[-97.637355,30.136581],[-97.637441,30.136591]],[[-97.637441,30.136591],[-97.637574,30.136601],[-97.637614,30.136603],[-97.637656,30.136603],[-97.637687,30.136598],[-97.637711,30.136589],[-97.637734,30.136576],[-97.637751,30.136563],[-97.637765,30.136546],[-97.637774,30.136526],[-97.637781,30.136506],[-97.637783,30.136486],[-97.637782,30.136462],[-97.637778,30.136438],[-97.63777,30.136414],[-97.637751,30.136378],[-97.637607,30.136157]],[[-97.637607,30.136157],[-97.636998,30.135244]],[[-97.636998,30.135244],[-97.636897,30.135082],[-97.636862,30.135018],[-97.636843,30.134974],[-97.636818,30.134912],[-97.636803,30.134851],[-97.636796,30.134784],[-97.636795,30.134718],[-97.636803,30.134652],[-97.636815,30.134585],[-97.636839,30.134498],[-97.636881,30.134396],[-97.636948,30.134248],[-97.636985,30.13418],[-97.637024,30.134118],[-97.637066,30.134065],[-97.637107,30.134019],[-97.637141,30.13399],[-97.637175,30.133967],[-97.637225,30.133941],[-97.637619,30.133778]],[[-97.637619,30.133778],[-97.637764,30.133723],[-97.637856,30.133689],[-97.637904,30.133672],[-97.637951,30.133657],[-97.638009,30.133646],[-97.638078,30.133642],[-97.638149,30.13364],[-97.638226,30.133643],[-97.638349,30.133653],[-97.638473,30.133671],[-97.63857,30.133693],[-97.638702,30.133726],[-97.638825,30.133766],[-97.638926,30.133804],[-97.639004,30.133835],[-97.63907,30.133869],[-97.639143,30.133914],[-97.639212,30.133968],[-97.63926,30.13401],[-97.6393,30.134057],[-97.639362,30.134131]],[[-97.639362,30.134131],[-97.63952,30.134335],[-97.639634,30.134471],[-97.639743,30.134597],[-97.639842,30.134722],[-97.639968,30.134867],[-97.64011,30.135025],[-97.640326,30.135257]],[[-97.640326,30.135257],[-97.640462,30.135399],[-97.640511,30.135441],[-97.640555,30.135472],[-97.640593,30.135492],[-97.640629,30.135506],[-97.640665,30.135515],[-97.640706,30.135521],[-97.640754,30.135523],[-97.640801,30.135519],[-97.640857,30.135511],[-97.640931,30.135496],[-97.641011,30.135476],[-97.64111,30.135446],[-97.641207,30.135412],[-97.641393,30.135338]],[[-97.641393,30.135338],[-97.643123,30.134677]],[[-97.643123,30.134677],[-97.643305,30.134608],[-97.643344,30.134592],[-97.643372,30.134575],[-97.643394,30.134558],[-97.643413,30.134538],[-97.643427,30.13452],[-97.643436,30.1345],[-97.643444,30.134477],[-97.643448,30.134456],[-97.64345,30.134433],[-97.643447,30.134411],[-97.64344,30.134385],[-97.643429,30.134363],[-97.643409,30.134335],[-97.643377,30.134302],[-97.643248,30.134208]]]}
donington||Q173202|51165|3.9954|4.023|-0.69|243|2026-01-08T18:32:29Z|{"type":"MultiLineString","coordinates":[[[-1.366672,52.831499],[-1.365876,52.830625],[-1.365564,52.830304],[-1.364978,52.829701]],[[-1.364978,52.829701],[-1.364805,52.829523],[-1.364736,52.829444],[-1.364706,52.829386],[-1.364688,52.829343],[-1.364679,52.829299],[-1.364679,52.829249],[-1.364699,52.829185],[-1.364743,52.829112],[-1.364898,52.828939],[-1.364997,52.828841],[-1.365089,52.828772],[-1.365183,52.828717],[-1.365318,52.82866],[-1.36549,52.82859],[-1.365709,52.828513],[-1.3659,52.828471],[-1.366116,52.828444],[-1.366305,52.828429],[-1.366551,52.828423],[-1.366728,52.828429]],[[-1.366728,52.828429],[-1.370758,52.828649],[-1.373647,52.828811],[-1.374701,52.828863]],[[-1.374701,52.828863],[-1.374778,52.828855],[-1.374826,52.828846],[-1.374869,52.828834],[-1.374909,52.828819],[-1.374949,52.828798],[-1.374982,52.828769],[-1.375011,52.828732],[-1.375035,52.828687],[-1.375055,52.828651],[-1.375082,52.828616],[-1.375116,52.828587],[-1.375153,52.828564],[-1.375202,52.828535],[-1.375258,52.828512],[-1.37532,52.828493],[-1.375392,52.828479],[-1.375474,52.82847],[-1.375567,52.828465],[-1.375997,52.828464]],[[-1.375997,52.828464],[-1.37754,52.82846],[-1.378192,52.828456],[-1.378422,52.828455],[-1.378657,52.828451],[-1.378876,52.828445],[-1.379335,52.828416],[-1.379796,52.828385],[-1.381368,52.828263]],[[-1.381368,52.828263],[-1.381506,52.828252],[-1.381585,52.828245],[-1.38165,52.828245],[-1.381714,52.82825],[-1.381766,52.828263],[-1.381809,52.828279],[-1.381848,52.828302],[-1.381889,52.828338],[-1.381912,52.828373],[-1.381922,52.828417],[-1.381924,52.828461],[-1.381917,52.828507],[-1.381907,52.828542],[-1.38189,52.828574],[-1.381848,52.828605],[-1.381798,52.828623],[-1.381723,52.828641],[-1.381588,52.828658],[-1.381438,52.828671]],[[-1.381438,52.828671],[-1.379609,52.828841],[-1.378937,52.828892],[-1.378279,52.828946],[-1.378219,52.82895],[-1.377999,52.828963],[-1.377662,52.828972],[-1.377403,52.828974],[-1.377174,52.82897],[-1.376948,52.828966],[-1.37674,52.828962]],[[-1.37674,52.828962],[-1.376618,52.828966],[-1.376536,52.828975],[-1.376485,52.828985],[-1.376432,52.828998],[-1.376384,52.829018],[-1.376349,52.829039],[-1.376318,52.829063],[-1.376292,52.829088],[-1.376276,52.829115],[-1.376263,52.82915],[-1.37626,52.829179],[-1.37626,52.829211],[-1.376267,52.829238],[-1.376281,52.829273],[-1.376301,52.829307],[-1.376322,52.829336],[-1.37635,52.829368],[-1.376383,52.829397],[-1.376424,52.829427],[-1.376462,52.829449],[-1.37651,52.829475],[-1.37654,52.829487],[-1.376567,52.829497],[-1.376662,52.829515]],[[-1.376662,52.829515],[-1.376906,52.829543],[-1.379543,52.829839],[-1.383843,52.830322]],[[-1.383843,52.830322],[-1.384171,52.830379],[-1.384253,52.830394],[-1.384315,52.830406],[-1.384393,52.830422],[-1.38454,52.830468],[-1.384617,52.8305],[-1.384693,52.830538],[-1.384775,52.830597],[-1.384826,52.830659],[-1.384874,52.830722],[-1.384899,52.830789],[-1.384909,52.830847],[-1.384899,52.830888],[-1.384884,52.830936],[-1.384852,52.830988],[-1.384818,52.831031],[-1.384779,52.83107],[-1.384154,52.831559]],[[-1.384154,52.831559],[-1.383781,52.831851],[-1.383709,52.831899],[-1.383633,52.831952],[-1.383568,52.831995],[-1.383487,52.832048],[-1.38344,52.832077],[-1.383367,52.832117],[-1.383286,52.832152],[-1.383227,52.832175],[-1.382965,52.832268],[-1.382797,52.832323],[-1.382646,52.832368],[-1.382513,52.832401],[-1.382384,52.832431],[-1.382255,52.832453],[-1.382069,52.832478],[-1.381863,52.832506],[-1.38169,52.832523]],[[-1.38169,52.832523],[-1.38156,52.832531],[-1.381251,52.832536],[-1.381014,52.832538],[-1.380842,52.832537],[-1.380688,52.832529],[-1.380548,52.832516],[-1.380389,52.832499],[-1.380075,52.83245],[-1.379627,52.832369],[-1.379257,52.832306],[-1.379022,52.832281],[-1.378792,52.832293],[-1.378615,52.832311],[-1.378517,52.832321],[-1.378393,52.832338],[-1.378193,52.832376],[-1.377888,52.83245],[-1.377512,52.832559],[-1.377332,52.832618],[-1.377117,52.832681],[-1.37695,52.832724],[-1.376432,52.832817]],[[-1.376432,52.832817],[-1.376061,52.832876],[-1.375848,52.832911],[-1.375752,52.832914],[-1.37567,52.832911],[-1.375606,52.832906],[-1.375502,52.832887],[-1.375429,52.832869],[-1.375363,52.832844],[-1.37527,52.832794],[-1.374975,52.832619]],[[-1.374975,52.832619],[-1.373914,52.831987]],[[-1.373914,52.831987],[-1.373352,52.831633],[-1.373267,52.831588],[-1.373211,52.831562],[-1.373141,52.831543],[-1.373027,52.831516],[-1.372914,52.831491],[-1.372765,52.831461],[-1.372626,52.831435],[-1.372516,52.831417],[-1.37237,52.831391],[-1.372238,52.831371],[-1.372105,52.831353]],[[-1.372105,52.831353],[-1.371957,52.831338],[-1.371821,52.831325],[-1.371632,52.831311],[-1.371459,52.831301],[-1.371294,52.831295],[-1.371112,52.831288],[-1.370265,52.831252],[-1.370085,52.831251],[-1.369979,52.831251],[-1.369856,52.831256],[-1.369735,52.831261],[-1.3696,52.831274],[-1.369485,52.831289],[-1.369376,52.83131],[-1.369255,52.831338],[-1.369152,52.831369],[-1.369061,52.831401],[-1.368816,52.83149],[-1.368409,52.831637]],[[-1.368409,52.831637],[-1.368294,52.831672],[-1.368204,52.831698],[-1.368034,52.831736],[-1.367872,52.831768],[-1.367723,52.831792],[-1.367584,52.831809],[-1.367451,52.831816],[-1.367361,52.831813],[-1.367274,52.831804],[-1.36718,52.831794],[-1.36709,52.831775],[-1.367013,52.831754],[-1.366956,52.831727],[-1.3669,52.831697],[-1.366845,52.831659],[-1.366797,52.831617],[-1.366672,52.831499]]]}
east-london||Q172865|2579523|3.8998|3.92|-0.52|72|2026-04-12T15:32:55Z|{"type":"MultiLineString","coordinates":[[[27.872406,-33.044757],[27.872634,-33.044603],[27.872864,-33.044448],[27.87318,-33.044255],[27.87342,-33.044142],[27.873627,-33.044067],[27.873909,-33.043996],[27.874249,-33.04395],[27.874725,-33.043936],[27.878382,-33.043832],[27.878861,-33.04387],[27.879374,-33.043986],[27.879827,-33.044148],[27.882569,-33.045458]],[[27.868417,-33.052612],[27.86879,-33.05188],[27.86962,-33.050209],[27.870234,-33.049007],[27.870335,-33.048799],[27.870455,-33.048565],[27.872406,-33.044757]],[[27.868886,-33.052812],[27.868755,-33.052865],[27.868642,-33.05288],[27.868542,-33.052828],[27.868496,-33.052782],[27.868454,-33.052725],[27.868417,-33.052612]],[[27.882569,-33.045458],[27.882656,-33.045531],[27.882686,-33.045592],[27.882682,-33.045693],[27.882651,-33.045781],[27.882603,-33.045833],[27.882513,-33.045874],[27.880988,-33.046294],[27.877027,-33.047384],[27.876661,-33.047473],[27.876324,-33.047526],[27.875903,-33.047555],[27.874962,-33.047596],[27.874734,-33.047588],[27.874616,-33.047533],[27.874489,-33.047404],[27.874388,-33.047302],[27.874295,-33.047208],[27.874177,-33.047127],[27.874018,-33.047046],[27.873844,-33.047001],[27.873609,-33.046979],[27.873322,-33.047026],[27.873231,-33.047068],[27.872996,-33.047176],[27.872722,-33.047343],[27.872551,-33.047504],[27.872474,-33.047645],[27.872462,-33.047786],[27.872495,-33.047943],[27.872616,-33.048101],[27.873093,-33.048612],[27.873189,-33.048738],[27.873219,-33.048777],[27.873319,-33.048944],[27.873356,-33.049109],[27.873367,-33.049363],[27.873313,-33.049609],[27.87322,-33.04984],[27.8731,-33.050018],[27.872965,-33.05015],[27.872736,-33.05032],[27.870624,-33.051687],[27.868886,-33.052812]]]}
gilles-villeneuve||Q172860|284595|4.3622|4.361|0.03|232|2024-09-17T08:28:37Z|{"type":"MultiLineString","coordinates":[[[-73.523603,45.504562],[-73.523468,45.504096],[-73.52346,45.504026],[-73.523466,45.503986],[-73.523482,45.503957],[-73.523508,45.503932],[-73.523541,45.503912],[-73.523602,45.503893],[-73.523675,45.503869],[-73.523728,45.503837],[-73.523766,45.503803],[-73.523791,45.503767],[-73.523797,45.503729],[-73.523792,45.503685],[-73.523765,45.503593],[-73.522713,45.500097],[-73.522709,45.500082],[-73.522625,45.499783],[-73.522582,45.4995],[-73.522572,45.49926],[-73.522576,45.499156],[-73.522582,45.498987],[-73.522622,45.49876],[-73.522639,45.498657],[-73.522721,45.498201],[-73.522734,45.498129],[-73.522761,45.497979],[-73.522766,45.497911],[-73.522756,45.497856],[-73.522728,45.497805],[-73.522676,45.497758],[-73.522599,45.497719],[-73.522265,45.497615],[-73.522166,45.497583],[-73.522112,45.497558],[-73.522065,45.49753],[-73.522023,45.497498],[-73.52199,45.49746],[-73.521971,45.497405],[-73.521967,45.497342],[-73.521983,45.497287],[-73.522017,45.49723],[-73.522071,45.497178],[-73.522123,45.497145],[-73.52219,45.49711],[-73.522253,45.497089],[-73.522318,45.497074],[-73.522384,45.497066],[-73.522466,45.497065],[-73.522533,45.497067],[-73.522619,45.497074],[-73.522742,45.49709],[-73.522902,45.497118],[-73.523135,45.497167],[-73.523494,45.497245],[-73.523739,45.4973],[-73.523931,45.497355],[-73.524113,45.497423],[-73.524296,45.497498],[-73.524503,45.4976],[-73.524717,45.497721],[-73.525073,45.497927],[-73.525404,45.498126],[-73.525883,45.498435],[-73.525986,45.498505],[-73.526025,45.498543],[-73.526048,45.498577],[-73.526059,45.498626],[-73.526052,45.49868],[-73.526032,45.498737],[-73.525963,45.498873],[-73.525944,45.498924],[-73.525928,45.498981],[-73.525922,45.499038],[-73.525927,45.499081],[-73.525938,45.499117],[-73.525965,45.499161],[-73.526002,45.499202],[-73.526537,45.499664],[-73.526926,45.500017],[-73.526985,45.500066],[-73.527052,45.500117],[-73.527131,45.500164],[-73.527234,45.500214],[-73.52742,45.500293],[-73.52752,45.500344],[-73.527613,45.500402],[-73.52771,45.500467],[-73.527778,45.500527],[-73.527849,45.50061],[-73.527904,45.500681],[-73.527968,45.500782],[-73.528013,45.500875],[-73.528051,45.500982],[-73.528075,45.501083],[-73.528089,45.501191],[-73.528095,45.501304],[-73.528096,45.501444],[-73.528067,45.502475],[-73.52807,45.502554],[-73.528081,45.502601],[-73.528105,45.502646],[-73.528129,45.50268],[-73.528168,45.502719],[-73.528209,45.502748],[-73.528251,45.502767],[-73.528301,45.502782],[-73.528364,45.502794],[-73.528433,45.502801],[-73.528499,45.502801],[-73.528568,45.502794],[-73.528647,45.502777],[-73.528745,45.502753],[-73.528816,45.502742],[-73.528886,45.502739],[-73.528965,45.502744],[-73.529056,45.502761],[-73.529139,45.502786],[-73.529218,45.502819],[-73.529296,45.502861],[-73.529368,45.502907],[-73.529467,45.502987],[-73.529535,45.503059],[-73.52958,45.503118],[-73.529618,45.503179],[-73.529669,45.503285],[-73.529743,45.503502],[-73.529795,45.503722],[-73.529819,45.503881],[-73.529852,45.504133],[-73.529875,45.504423],[-73.529932,45.505111],[-73.529943,45.505344],[-73.529943,45.505517],[-73.529936,45.505647],[-73.529933,45.505695],[-73.529918,45.505928],[-73.529887,45.506267],[-73.529852,45.506494],[-73.529813,45.506708],[-73.529776,45.506888],[-73.529738,45.507043],[-73.529695,45.507194],[-73.529649,45.507329],[-73.529587,45.507495],[-73.529266,45.508298],[-73.529163,45.508567],[-73.529131,45.508639],[-73.529108,45.508671],[-73.529072,45.508696],[-73.529028,45.50871],[-73.528991,45.508714],[-73.528964,45.508717],[-73.528827,45.508718],[-73.528719,45.50872],[-73.528654,45.508729],[-73.528567,45.508752],[-73.528484,45.508784],[-73.528412,45.508819],[-73.528386,45.508838],[-73.528335,45.508876],[-73.528287,45.508919],[-73.528244,45.508964],[-73.528202,45.509013],[-73.528168,45.509062],[-73.528115,45.509162],[-73.528027,45.509355],[-73.527963,45.5095],[-73.527845,45.509793],[-73.527783,45.509958],[-73.527695,45.510211],[-73.527616,45.510467],[-73.527549,45.510707],[-73.527477,45.510997],[-73.527414,45.511262],[-73.527379,45.51139],[-73.527356,45.511526],[-73.527342,45.511618],[-73.527306,45.51185],[-73.527283,45.512229],[-73.527281,45.512359],[-73.527288,45.512622],[-73.527299,45.512715],[-73.527315,45.512799],[-73.527342,45.512917],[-73.527373,45.513015],[-73.527376,45.513027],[-73.527688,45.514056],[-73.527698,45.514108],[-73.527692,45.514162],[-73.527673,45.514204],[-73.527637,45.514246],[-73.527586,45.514271],[-73.527526,45.514287],[-73.527464,45.514291],[-73.527403,45.514284],[-73.527362,45.514271],[-73.527317,45.514247],[-73.527284,45.514222],[-73.527258,45.514191],[-73.527232,45.514147],[-73.527187,45.514018],[-73.527152,45.513879],[-73.527134,45.51375],[-73.52712,45.513522],[-73.527115,45.513469],[-73.527104,45.513397],[-73.527089,45.513344],[-73.52707,45.513292],[-73.527031,45.513206],[-73.526978,45.513111],[-73.526973,45.513103],[-73.526918,45.513016],[-73.526799,45.51285],[-73.526599,45.512559],[-73.526519,45.512438],[-73.526452,45.512328],[-73.526162,45.511803],[-73.525663,45.510894],[-73.525348,45.510289],[-73.525299,45.510197],[-73.525257,45.5101],[-73.525228,45.510008],[-73.525198,45.509908],[-73.525178,45.509838],[-73.525106,45.509585],[-73.524892,45.508832],[-73.52455,45.507703],[-73.524094,45.506202],[-73.523923,45.505631],[-73.523838,45.505346],[-73.523603,45.504562]]]}
interlagos|current|Q171387|6781071|4.3075|4.309|-0.03|321|2026-05-14T05:17:37Z|{"type":"MultiLineString","coordinates":[[[-46.700419,-23.702192],[-46.700127,-23.703224],[-46.69998,-23.703747],[-46.699943,-23.703876],[-46.699372,-23.705905],[-46.699328,-23.706015]],[[-46.699328,-23.706015],[-46.699297,-23.70608],[-46.699258,-23.706146],[-46.699206,-23.706225],[-46.699151,-23.706292]],[[-46.699151,-23.706292],[-46.699104,-23.706334],[-46.699047,-23.706378],[-46.698987,-23.706412],[-46.698912,-23.706439],[-46.698833,-23.70644],[-46.698763,-23.706427],[-46.698696,-23.706398],[-46.698647,-23.706362],[-46.698589,-23.706311],[-46.698374,-23.7061],[-46.698319,-23.706051],[-46.698281,-23.706021],[-46.698236,-23.705998],[-46.698194,-23.705985],[-46.698143,-23.705978]],[[-46.698143,-23.705978],[-46.698088,-23.705982],[-46.698032,-23.705995],[-46.69798,-23.706016],[-46.697917,-23.706048],[-46.697724,-23.70616],[-46.697645,-23.706207],[-46.697505,-23.70626],[-46.697327,-23.706304],[-46.69721,-23.706315],[-46.697072,-23.706321],[-46.696956,-23.706319],[-46.696835,-23.706308]],[[-46.696835,-23.706308],[-46.69668,-23.70628],[-46.696547,-23.706241],[-46.696396,-23.706177],[-46.696256,-23.706097],[-46.696142,-23.706022],[-46.696036,-23.705931],[-46.695927,-23.705818],[-46.69584,-23.70571],[-46.695763,-23.705583],[-46.695703,-23.705455],[-46.695608,-23.70518]],[[-46.695608,-23.70518],[-46.695377,-23.704463],[-46.695246,-23.704047],[-46.695149,-23.703731],[-46.695094,-23.703544],[-46.695055,-23.703404],[-46.694978,-23.703105],[-46.694914,-23.702847],[-46.694574,-23.701679],[-46.694342,-23.700893],[-46.694098,-23.700102]],[[-46.694098,-23.700102],[-46.694068,-23.69999],[-46.694059,-23.699915],[-46.694059,-23.699857],[-46.694068,-23.699797],[-46.694086,-23.699742],[-46.694107,-23.699692],[-46.694142,-23.699638],[-46.694178,-23.699604],[-46.694215,-23.699574],[-46.694274,-23.699537],[-46.694319,-23.699518],[-46.694388,-23.699498],[-46.694554,-23.699464],[-46.695003,-23.699392]],[[-46.695003,-23.699392],[-46.695178,-23.699366],[-46.695293,-23.69935],[-46.695384,-23.699345],[-46.695481,-23.699348],[-46.695574,-23.699354],[-46.695676,-23.699373],[-46.695789,-23.699404],[-46.695897,-23.699445]],[[-46.695897,-23.699445],[-46.695956,-23.699471],[-46.696027,-23.699511],[-46.696102,-23.699558],[-46.696211,-23.699644],[-46.696312,-23.699738],[-46.696436,-23.699874],[-46.696612,-23.700089],[-46.696846,-23.700384],[-46.697228,-23.700873],[-46.69739,-23.70108],[-46.697629,-23.701379],[-46.698156,-23.702042]],[[-46.698156,-23.702042],[-46.698235,-23.702141],[-46.698286,-23.702196],[-46.698338,-23.702243],[-46.698397,-23.70229],[-46.698465,-23.702333],[-46.69855,-23.702368],[-46.698634,-23.702392],[-46.698701,-23.702405],[-46.698804,-23.702412],[-46.69889,-23.702412],[-46.69899,-23.702407],[-46.699095,-23.702394]],[[-46.699095,-23.702394],[-46.699183,-23.702374],[-46.699286,-23.702345],[-46.699368,-23.702315],[-46.69946,-23.702277],[-46.69954,-23.702231],[-46.699621,-23.702174],[-46.699689,-23.702119],[-46.699714,-23.702091],[-46.69974,-23.702054],[-46.699776,-23.701996],[-46.699808,-23.701913],[-46.699835,-23.701822],[-46.699885,-23.701609]],[[-46.699885,-23.701609],[-46.699984,-23.701046]],[[-46.699984,-23.701046],[-46.699992,-23.700976],[-46.699997,-23.700919],[-46.699999,-23.700858],[-46.699998,-23.700797],[-46.699993,-23.700731],[-46.699986,-23.700694],[-46.699973,-23.700659],[-46.699956,-23.700631],[-46.699926,-23.700599],[-46.699887,-23.70057],[-46.699844,-23.700547],[-46.699804,-23.700531],[-46.699766,-23.700523],[-46.699714,-23.70052],[-46.699674,-23.700522],[-46.699635,-23.700531],[-46.699592,-23.700547],[-46.69954,-23.700571],[-46.699476,-23.700607],[-46.699433,-23.700633],[-46.699299,-23.700728]],[[-46.699299,-23.700728],[-46.699217,-23.70077],[-46.699181,-23.700785],[-46.699147,-23.700794],[-46.699097,-23.700803],[-46.699045,-23.700808],[-46.699005,-23.700808],[-46.69896,-23.700804],[-46.698885,-23.700785],[-46.698817,-23.700758],[-46.698761,-23.700722],[-46.698712,-23.70068],[-46.698677,-23.70064],[-46.698651,-23.700603],[-46.698631,-23.700562],[-46.698617,-23.700531],[-46.698606,-23.700497],[-46.6986,-23.70045],[-46.698597,-23.700417],[-46.698598,-23.700384],[-46.698608,-23.700322],[-46.698628,-23.700265],[-46.698657,-23.700217],[-46.698698,-23.700165],[-46.698759,-23.700102],[-46.698959,-23.699923]],[[-46.698959,-23.699923],[-46.699138,-23.699759],[-46.69928,-23.69962],[-46.699318,-23.699579],[-46.699351,-23.699539],[-46.699379,-23.699503],[-46.699411,-23.699455],[-46.699442,-23.699406],[-46.699474,-23.699351],[-46.699493,-23.699306],[-46.699521,-23.699225],[-46.699588,-23.69899],[-46.699632,-23.698809],[-46.699641,-23.698761],[-46.699644,-23.698718],[-46.699646,-23.698678],[-46.699644,-23.698635],[-46.699637,-23.698601],[-46.699626,-23.698576],[-46.699612,-23.698554],[-46.699591,-23.698528],[-46.699571,-23.698509],[-46.699532,-23.698483],[-46.699499,-23.698465],[-46.699465,-23.698451],[-46.699435,-23.698443],[-46.699409,-23.698439],[-46.699381,-23.69844],[-46.699353,-23.698443],[-46.699322,-23.698452],[-46.699298,-23.698462],[-46.699275,-23.698475],[-46.699231,-23.698509],[-46.699171,-23.698559],[-46.699087,-23.698636],[-46.69892,-23.698808],[-46.698685,-23.699042]],[[-46.698685,-23.699042],[-46.698585,-23.69914],[-46.698536,-23.699179],[-46.698486,-23.699215],[-46.698413,-23.699259],[-46.698346,-23.699293],[-46.698265,-23.699328],[-46.698177,-23.699357],[-46.698082,-23.699375],[-46.697995,-23.699387],[-46.697899,-23.699392],[-46.697843,-23.699392],[-46.697774,-23.699389],[-46.697702,-23.699381],[-46.697655,-23.699374],[-46.69761,-23.699363],[-46.69756,-23.699348],[-46.697502,-23.699328],[-46.697438,-23.699301],[-46.697396,-23.699281],[-46.697356,-23.699259],[-46.697281,-23.69921],[-46.697223,-23.699165],[-46.697177,-23.699124],[-46.697137,-23.699083],[-46.697102,-23.699046],[-46.697025,-23.698941],[-46.696904,-23.69877]],[[-46.696904,-23.69877],[-46.696698,-23.69847]],[[-46.696698,-23.69847],[-46.696319,-23.697909],[-46.696183,-23.697694]],[[-46.696183,-23.697694],[-46.696167,-23.697668],[-46.696157,-23.697646],[-46.696149,-23.697622],[-46.696144,-23.6976],[-46.696142,-23.697577],[-46.696143,-23.697552],[-46.696146,-23.697519],[-46.696149,-23.697498],[-46.696157,-23.697477],[-46.696167,-23.697456],[-46.696179,-23.697439],[-46.696206,-23.697409],[-46.696238,-23.69738],[-46.696271,-23.697357],[-46.696314,-23.697332],[-46.696397,-23.697294]],[[-46.696397,-23.697294],[-46.696513,-23.697249],[-46.696623,-23.697209],[-46.696806,-23.697147],[-46.696973,-23.697092]],[[-46.696973,-23.697092],[-46.697121,-23.697043],[-46.697201,-23.697019],[-46.697262,-23.697003],[-46.697308,-23.696996],[-46.697357,-23.696994],[-46.697419,-23.696997],[-46.697484,-23.697004],[-46.697683,-23.697031]],[[-46.697683,-23.697031],[-46.697919,-23.69707],[-46.698146,-23.69711],[-46.698208,-23.697123],[-46.698263,-23.697137],[-46.698366,-23.697168],[-46.698459,-23.6972],[-46.698559,-23.697239],[-46.698681,-23.697289],[-46.698789,-23.697335],[-46.698909,-23.697388],[-46.699028,-23.697441],[-46.699145,-23.697496]],[[-46.699145,-23.697496],[-46.699206,-23.697528],[-46.699275,-23.697566],[-46.69934,-23.697607],[-46.699425,-23.697665],[-46.699515,-23.697733],[-46.699611,-23.697816],[-46.699711,-23.697915],[-46.69978,-23.698006],[-46.699843,-23.698108],[-46.699905,-23.698221],[-46.699948,-23.698323],[-46.699985,-23.698435],[-46.700107,-23.698872]],[[-46.700107,-23.698872],[-46.700277,-23.699527],[-46.70037,-23.699886]],[[-46.70037,-23.699886],[-46.700544,-23.700548],[-46.700571,-23.700696],[-46.700587,-23.700803],[-46.700599,-23.700927],[-46.700605,-23.701044],[-46.700607,-23.701166],[-46.700599,-23.701321],[-46.700582,-23.701455],[-46.700558,-23.701598],[-46.700535,-23.701729],[-46.700494,-23.701908],[-46.700419,-23.702192]]]}
las-vegas||Q113112116|16696508|6.3226|6.201|1.96|326|2026-08-04T00:51:50Z|{"type":"MultiLineString","coordinates":[[[-115.161882,36.109284],[-115.160457,36.110584],[-115.160364,36.1107]],[[-115.160364,36.1107],[-115.16034,36.110795],[-115.160346,36.110874],[-115.160416,36.110984],[-115.160527,36.111068]],[[-115.160527,36.111068],[-115.160645,36.111116],[-115.160786,36.111151],[-115.160999,36.111176],[-115.161206,36.111167],[-115.161388,36.111125],[-115.161573,36.111048],[-115.16184,36.110903],[-115.162253,36.110584],[-115.162388,36.110509],[-115.162551,36.110465],[-115.162753,36.110441],[-115.162922,36.110443]],[[-115.162922,36.110443],[-115.163104,36.110489],[-115.163265,36.11054],[-115.163431,36.110614],[-115.163611,36.11074],[-115.163758,36.110892],[-115.163928,36.111154]],[[-115.163928,36.111154],[-115.163934,36.111526]],[[-115.163934,36.111526],[-115.163941,36.111772]],[[-115.163941,36.111772],[-115.163941,36.11265],[-115.163947,36.112763]],[[-115.163947,36.112763],[-115.163955,36.113377],[-115.163958,36.113587],[-115.163959,36.113685],[-115.163961,36.113859],[-115.163963,36.113949],[-115.163966,36.114194],[-115.163968,36.114312],[-115.163969,36.114338],[-115.163968,36.11444]],[[-115.163968,36.11444],[-115.16397,36.114588]],[[-115.16397,36.114588],[-115.163971,36.114682],[-115.163964,36.115364]],[[-115.163964,36.115364],[-115.163963,36.115591]],[[-115.163963,36.115591],[-115.163963,36.115729]],[[-115.163963,36.115729],[-115.163965,36.115895]],[[-115.163965,36.115895],[-115.16397,36.11626]],[[-115.16397,36.11626],[-115.163976,36.116807]],[[-115.163976,36.116807],[-115.163976,36.116869],[-115.16398,36.117176],[-115.16398,36.117203],[-115.163982,36.117303]],[[-115.163982,36.117303],[-115.163989,36.118085],[-115.163988,36.118231],[-115.163995,36.11904],[-115.163995,36.119208]],[[-115.161185,36.119172],[-115.161948,36.119184],[-115.162977,36.119205],[-115.163068,36.119205],[-115.163928,36.119207],[-115.163995,36.119208]],[[-115.161185,36.119172],[-115.161065,36.119239],[-115.160953,36.119302],[-115.160922,36.119319],[-115.160561,36.119603],[-115.1604,36.119784],[-115.1603,36.119958],[-115.160282,36.119992],[-115.160199,36.120147],[-115.160142,36.120366],[-115.160112,36.120615],[-115.160113,36.120741]],[[-115.160113,36.120741],[-115.160251,36.120766],[-115.160393,36.120792],[-115.160477,36.120812],[-115.160518,36.120829],[-115.160565,36.120858],[-115.160612,36.120889],[-115.160671,36.120939]],[[-115.160671,36.120939],[-115.160701,36.120982],[-115.160722,36.121028],[-115.160739,36.121078],[-115.160744,36.121124],[-115.160746,36.121199],[-115.160735,36.121262],[-115.160715,36.121326],[-115.160693,36.121377],[-115.160619,36.121508],[-115.160445,36.121783],[-115.160428,36.121821],[-115.160418,36.121862],[-115.16041,36.122136],[-115.160407,36.122172],[-115.160406,36.122236]],[[-115.163687,36.122291],[-115.163666,36.122291],[-115.163038,36.122292],[-115.162786,36.122286],[-115.162182,36.12227],[-115.161621,36.122255],[-115.160764,36.122242],[-115.160406,36.122236]],[[-115.16404,36.12229],[-115.163953,36.12229],[-115.163687,36.122291]],[[-115.16404,36.12229],[-115.164162,36.122469]],[[-115.164162,36.122469],[-115.164273,36.122474],[-115.164789,36.122495],[-115.165233,36.122578],[-115.165486,36.122681],[-115.165771,36.122882],[-115.165999,36.123073]],[[-115.165999,36.123073],[-115.166099,36.123197],[-115.166263,36.123475],[-115.166578,36.124156],[-115.166579,36.124159]],[[-115.166579,36.124159],[-115.166663,36.124339]],[[-115.166663,36.124339],[-115.166719,36.124462],[-115.1668,36.124594],[-115.166816,36.124616],[-115.166888,36.124717]],[[-115.166888,36.124717],[-115.166993,36.124807]],[[-115.166993,36.124807],[-115.167194,36.124955],[-115.167403,36.125109],[-115.167607,36.125224],[-115.167877,36.125305],[-115.167978,36.125335]],[[-115.167978,36.125335],[-115.168348,36.125409],[-115.168732,36.125467]],[[-115.168732,36.125467],[-115.169005,36.125509],[-115.169152,36.125532]],[[-115.169152,36.125532],[-115.169265,36.125546]],[[-115.169265,36.125546],[-115.169378,36.125559]],[[-115.169378,36.125559],[-115.169474,36.125411]],[[-115.169474,36.125411],[-115.169613,36.125178],[-115.169669,36.12509]],[[-115.169669,36.12509],[-115.170175,36.124296],[-115.170427,36.123913]],[[-115.170427,36.123913],[-115.170638,36.123593],[-115.170758,36.12341]],[[-115.170758,36.12341],[-115.170827,36.123303]],[[-115.170827,36.123303],[-115.170955,36.123125]],[[-115.170955,36.123125],[-115.171272,36.12268],[-115.171321,36.122611]],[[-115.171321,36.122611],[-115.17149,36.122373]],[[-115.17149,36.122373],[-115.171573,36.122256],[-115.1716,36.122216],[-115.171638,36.122155]],[[-115.171638,36.122155],[-115.172014,36.121456],[-115.17229,36.120739],[-115.172328,36.120634]],[[-115.172328,36.120634],[-115.172487,36.120195],[-115.172521,36.120102]],[[-115.172521,36.120102],[-115.172595,36.119876],[-115.172601,36.11985],[-115.172634,36.119746],[-115.172671,36.119614]],[[-115.172671,36.119614],[-115.1727,36.1195],[-115.172763,36.119258]],[[-115.172763,36.119258],[-115.172829,36.118921],[-115.172909,36.118362]],[[-115.172909,36.118362],[-115.172938,36.118154],[-115.172944,36.118065],[-115.172981,36.117511],[-115.172984,36.117475],[-115.172985,36.117413]],[[-115.172985,36.117413],[-115.172989,36.117317]],[[-115.172989,36.117317],[-115.17299,36.117267],[-115.172987,36.11697]],[[-115.172987,36.11697],[-115.172992,36.115944]],[[-115.172992,36.115944],[-115.172984,36.114913],[-115.172983,36.11477]],[[-115.172983,36.11477],[-115.172994,36.1146]],[[-115.172994,36.1146],[-115.17303,36.114029]],[[-115.17303,36.114029],[-115.173048,36.113017]],[[-115.173048,36.113017],[-115.173066,36.112595],[-115.173084,36.112184]],[[-115.173084,36.112184],[-115.173095,36.111935],[-115.173101,36.11176],[-115.173112,36.111516]],[[-115.173112,36.111516],[-115.17312,36.1113],[-115.173124,36.111214]],[[-115.173124,36.111214],[-115.173131,36.11106]],[[-115.173131,36.11106],[-115.173134,36.110958],[-115.173136,36.1108]],[[-115.173136,36.1108],[-115.17314,36.110443],[-115.17314,36.110362]],[[-115.17314,36.110362],[-115.173142,36.110322],[-115.173145,36.109883],[-115.173144,36.109438]],[[-115.173144,36.109438],[-115.173142,36.109147],[-115.173144,36.109002]],[[-115.173144,36.109002],[-115.173152,36.108811]],[[-115.173152,36.108811],[-115.172981,36.108676]],[[-115.172981,36.108676],[-115.172805,36.108527]],[[-115.172805,36.108527],[-115.172562,36.108329],[-115.172342,36.108165],[-115.172275,36.108121],[-115.172192,36.108065],[-115.172108,36.108025],[-115.172026,36.108002],[-115.171915,36.107986],[-115.171797,36.10798]],[[-115.171797,36.10798],[-115.171283,36.107967],[-115.170906,36.10797]],[[-115.170906,36.10797],[-115.170195,36.107965],[-115.170103,36.107963],[-115.169964,36.107962]],[[-115.169964,36.107962],[-115.169857,36.107961]],[[-115.169857,36.107961],[-115.168707,36.10795]],[[-115.168707,36.10795],[-115.168601,36.107951],[-115.16846,36.107952],[-115.167854,36.107954]],[[-115.167854,36.107954],[-115.167768,36.107954],[-115.167721,36.107954],[-115.167599,36.107954]],[[-115.167599,36.107954],[-115.166236,36.107952],[-115.165763,36.107954],[-115.165237,36.107947]],[[-115.165237,36.107947],[-115.164732,36.107951]],[[-115.164732,36.107951],[-115.164146,36.107952],[-115.164108,36.107952],[-115.164027,36.107952]],[[-115.164027,36.107952],[-115.163901,36.10797]],[[-115.163901,36.10797],[-115.163651,36.108048],[-115.163509,36.10809],[-115.163336,36.108154],[-115.163145,36.108223],[-115.162982,36.108306],[-115.162837,36.108412],[-115.162693,36.108544],[-115.16256,36.108665]],[[-115.16256,36.108665],[-115.161882,36.109284]],[[-115.160113,36.120741],[-115.160113,36.120891],[-115.160117,36.120915],[-115.160126,36.120934],[-115.160142,36.120953],[-115.160165,36.120966],[-115.160215,36.120982],[-115.160264,36.120993],[-115.160322,36.120996],[-115.160397,36.121004],[-115.160463,36.121025],[-115.160502,36.121046],[-115.160536,36.121074],[-115.160569,36.121123],[-115.160585,36.121159],[-115.160593,36.121197],[-115.160608,36.121354],[-115.160619,36.121508]]]}
long-beach||Q16739|18052024|3.2584|3.251|0.23|206|2024-09-16T16:57:01Z|{"type":"MultiLineString","coordinates":[[[-118.18934,33.761775],[-118.18921,33.761773],[-118.188869,33.761789],[-118.188527,33.761832],[-118.188145,33.761907],[-118.187827,33.761997],[-118.187597,33.762085],[-118.187349,33.762197],[-118.187231,33.762266]],[[-118.194584,33.76373],[-118.194429,33.763657],[-118.193584,33.763267]],[[-118.195828,33.763045],[-118.195658,33.76305],[-118.195461,33.763076],[-118.195265,33.763132],[-118.195099,33.7632],[-118.194963,33.763274],[-118.19486,33.763369],[-118.194746,33.763493],[-118.194666,33.763609],[-118.194658,33.76362],[-118.194584,33.76373]],[[-118.196243,33.763089],[-118.196264,33.763028],[-118.196259,33.762965],[-118.196229,33.762907],[-118.196177,33.762861],[-118.196109,33.762832],[-118.196034,33.762824],[-118.19596,33.762838],[-118.195896,33.762872],[-118.195849,33.762922],[-118.195825,33.762982],[-118.195828,33.763045]],[[-118.196638,33.763283],[-118.196427,33.763178],[-118.196397,33.763164],[-118.196243,33.763089]],[[-118.196638,33.763283],[-118.196729,33.763372],[-118.196755,33.763387],[-118.196805,33.763415],[-118.196948,33.763497],[-118.196995,33.763524]],[[-118.196995,33.763524],[-118.197022,33.763538],[-118.197237,33.763645],[-118.197247,33.76366]],[[-118.197247,33.76366],[-118.197283,33.763696],[-118.197295,33.76373],[-118.197324,33.763841]],[[-118.197324,33.763841],[-118.197244,33.764036],[-118.197143,33.764236]],[[-118.197143,33.764236],[-118.197081,33.764335],[-118.197023,33.764428],[-118.196983,33.76449],[-118.196931,33.764559],[-118.196823,33.764683],[-118.196801,33.764707],[-118.196714,33.764806]],[[-118.196714,33.764806],[-118.196589,33.764958]],[[-118.195904,33.764576],[-118.196454,33.76488],[-118.196478,33.764893],[-118.196589,33.764958]],[[-118.194488,33.763883],[-118.195452,33.764359],[-118.195904,33.764576]],[[-118.193665,33.763492],[-118.19431,33.763796],[-118.194328,33.763805],[-118.194488,33.763883]],[[-118.192758,33.763098],[-118.19289,33.763149],[-118.193288,33.763319],[-118.193665,33.763492]],[[-118.192648,33.76305],[-118.192758,33.763098]],[[-118.192648,33.76305],[-118.192582,33.763147],[-118.192503,33.763283],[-118.192427,33.763432],[-118.192382,33.76355],[-118.192355,33.763703],[-118.192387,33.763827]],[[-118.192371,33.764155],[-118.192376,33.763971],[-118.192387,33.763827]],[[-118.192373,33.764443],[-118.192372,33.764371],[-118.192371,33.764155]],[[-118.192369,33.765006],[-118.192373,33.764516],[-118.192373,33.764443]],[[-118.192366,33.765328],[-118.192369,33.765006]],[[-118.192357,33.76584],[-118.192359,33.765719],[-118.192366,33.765328]],[[-118.192357,33.76584],[-118.192226,33.76584],[-118.191802,33.765841],[-118.191754,33.765841]],[[-118.191754,33.765841],[-118.191625,33.765841]],[[-118.191625,33.765841],[-118.190988,33.765842]],[[-118.190988,33.765842],[-118.190235,33.765875]],[[-118.190235,33.765875],[-118.190058,33.76588]],[[-118.190058,33.76588],[-118.189843,33.765883]],[[-118.189843,33.765883],[-118.189733,33.765886]],[[-118.189733,33.765886],[-118.189693,33.765886],[-118.189629,33.765887]],[[-118.189629,33.765887],[-118.189157,33.765886]],[[-118.189157,33.765886],[-118.189054,33.765884]],[[-118.189054,33.765884],[-118.18895,33.765882]],[[-118.18895,33.765882],[-118.188771,33.765872],[-118.188673,33.765866]],[[-118.188673,33.765866],[-118.188592,33.765861],[-118.188166,33.765832]],[[-118.188166,33.765832],[-118.186796,33.76574]],[[-118.186796,33.76574],[-118.186522,33.76572],[-118.186482,33.765717],[-118.186368,33.765709]],[[-118.186368,33.765709],[-118.185888,33.765664]],[[-118.185888,33.765664],[-118.185772,33.76562],[-118.18569,33.765573],[-118.185626,33.765514],[-118.185599,33.765479],[-118.185568,33.765432],[-118.185545,33.765359],[-118.185534,33.765301],[-118.18553,33.765225],[-118.185545,33.765138],[-118.185553,33.764971],[-118.185563,33.764878],[-118.185566,33.764803],[-118.185563,33.764731],[-118.185557,33.764641],[-118.185539,33.76455],[-118.185521,33.764471],[-118.185474,33.76438],[-118.185412,33.764295],[-118.185312,33.764213],[-118.185206,33.764165],[-118.185059,33.764119],[-118.184925,33.764099],[-118.184811,33.764095],[-118.184691,33.764102],[-118.184556,33.764124],[-118.184385,33.764187]],[[-118.184256,33.76432],[-118.184385,33.764187]],[[-118.184256,33.76432],[-118.184213,33.764338],[-118.184168,33.764334],[-118.184115,33.764301],[-118.184097,33.764264],[-118.18411,33.764217]],[[-118.185414,33.763322],[-118.184716,33.763728],[-118.18446,33.763911],[-118.18411,33.764217]],[[-118.187231,33.762266],[-118.185551,33.763242],[-118.185517,33.763262],[-118.185414,33.763322]],[[-118.190115,33.761873],[-118.189711,33.761802],[-118.189495,33.761786],[-118.189476,33.761784],[-118.189411,33.76178],[-118.18934,33.761775]],[[-118.19275,33.762888],[-118.192613,33.762833],[-118.191974,33.762575],[-118.19099,33.762166],[-118.190484,33.761987],[-118.190115,33.761873]],[[-118.192849,33.762931],[-118.19275,33.762888]],[[-118.19332,33.763139],[-118.193023,33.763008],[-118.192991,33.762994],[-118.192849,33.762931]],[[-118.193584,33.763267],[-118.19332,33.763139]]]}
magny-cours||Q172876|11249753|4.4578|4.411|1.06|346|2020-06-28T17:01:01Z|{"type":"MultiLineString","coordinates":[[[3.166563,46.859186],[3.166546,46.859178],[3.16653,46.859172],[3.166506,46.859164],[3.166481,46.859158],[3.16645,46.859152],[3.16641,46.859145],[3.166374,46.85914],[3.166344,46.859137],[3.166306,46.859136],[3.166263,46.859136],[3.16622,46.859136],[3.166174,46.859141],[3.166133,46.859146],[3.166087,46.859153],[3.166039,46.859162],[3.165954,46.859182],[3.165879,46.859203],[3.165804,46.85923],[3.165729,46.85926],[3.165606,46.859315],[3.165479,46.859379],[3.165334,46.859464],[3.165211,46.859545],[3.165096,46.859632],[3.164887,46.859798],[3.164655,46.859983],[3.163711,46.860736],[3.163518,46.860886],[3.163378,46.860982],[3.163241,46.861076],[3.163119,46.86115],[3.162988,46.861226],[3.162819,46.86131],[3.162647,46.86139],[3.162467,46.86146],[3.162312,46.86151],[3.162194,46.861545],[3.162078,46.861574],[3.161954,46.861603],[3.161772,46.861642],[3.160194,46.861993],[3.160164,46.862],[3.160138,46.86201],[3.16011,46.862025],[3.160092,46.862041],[3.160081,46.862055],[3.160076,46.862073],[3.160076,46.862097],[3.16008,46.862119],[3.160088,46.862141],[3.160106,46.862176],[3.160137,46.862221],[3.16018,46.862281],[3.160219,46.862334],[3.160262,46.862384],[3.160308,46.86243],[3.16035,46.86247],[3.160473,46.862576],[3.160569,46.862648],[3.160671,46.862727],[3.160751,46.862778],[3.160795,46.862807],[3.16082,46.86282],[3.160838,46.862826],[3.160856,46.862831],[3.160873,46.862833],[3.160889,46.862835],[3.160909,46.862835],[3.160928,46.862833],[3.160947,46.862829],[3.160963,46.862825],[3.160976,46.862818],[3.160995,46.862809],[3.161013,46.862797],[3.161041,46.862777],[3.16107,46.862757],[3.161088,46.862744],[3.161104,46.862734],[3.161123,46.862727],[3.161142,46.862721],[3.161163,46.862719],[3.161185,46.86272],[3.161206,46.862722],[3.161226,46.862727],[3.161242,46.862733],[3.161261,46.862742],[3.161301,46.862761],[3.165659,46.865151],[3.165711,46.865187],[3.165774,46.865244],[3.165822,46.865294],[3.16586,46.86534],[3.165888,46.865379],[3.165906,46.865408],[3.165927,46.86545],[3.165942,46.865485],[3.165958,46.865526],[3.165968,46.865574],[3.16597,46.865589],[3.165974,46.865638],[3.165982,46.865712],[3.165983,46.865754],[3.166001,46.866568],[3.165993,46.866644],[3.165985,46.866692],[3.165969,46.86674],[3.165957,46.866767],[3.165926,46.866814],[3.165893,46.866855],[3.165817,46.866951],[3.165783,46.867002],[3.165757,46.867044],[3.165736,46.867087],[3.165718,46.867131],[3.165699,46.867181],[3.165686,46.867232],[3.165675,46.867295],[3.165666,46.867356],[3.165659,46.867436],[3.165658,46.867496],[3.16566,46.867574],[3.165676,46.867672],[3.165694,46.867721],[3.165725,46.867776],[3.16576,46.867835],[3.165807,46.867897],[3.165868,46.867963],[3.165939,46.868031],[3.166002,46.86808],[3.166063,46.868122],[3.166099,46.868145],[3.166161,46.868179],[3.166215,46.868207],[3.166271,46.868233],[3.166334,46.868258],[3.166367,46.86827],[3.166426,46.868292],[3.166508,46.868315],[3.166595,46.868338],[3.166689,46.868357],[3.166789,46.868376],[3.16686,46.868383],[3.166945,46.868389],[3.167041,46.868389],[3.167104,46.868387],[3.167187,46.868384],[3.16726,46.868378],[3.167321,46.868372],[3.16739,46.86836],[3.167437,46.868353],[3.167517,46.868334],[3.167565,46.86832],[3.167641,46.868295],[3.167706,46.868271],[3.167781,46.868235],[3.167871,46.868187],[3.167931,46.868146],[3.167999,46.868096],[3.168052,46.868048],[3.168112,46.867991],[3.168175,46.867922],[3.16823,46.867853],[3.168292,46.867776],[3.168376,46.867652],[3.168488,46.86749],[3.168598,46.867319],[3.168715,46.867142],[3.168776,46.867034],[3.168832,46.866928],[3.168876,46.866818],[3.168922,46.866714],[3.16896,46.866612],[3.168997,46.866475],[3.169025,46.866361],[3.16904,46.866276],[3.169059,46.866134],[3.169071,46.865971],[3.169221,46.864234],[3.169235,46.864064],[3.16924,46.863846],[3.169232,46.863693],[3.16922,46.863565],[3.169207,46.86347],[3.169174,46.863286],[3.169143,46.863152],[3.169099,46.863001],[3.169029,46.862809],[3.167902,46.859969],[3.16787,46.859925],[3.167847,46.859905],[3.167824,46.859893],[3.167793,46.859881],[3.167769,46.859875],[3.167742,46.859872],[3.167713,46.859874],[3.167678,46.859884],[3.167639,46.859897],[3.167602,46.859917],[3.167584,46.859936],[3.167563,46.85997],[3.167548,46.860012],[3.167523,46.860135],[3.167457,46.860456],[3.167388,46.860746],[3.167377,46.860802],[3.167375,46.860828],[3.167375,46.860847],[3.167377,46.860879],[3.167391,46.860964],[3.167582,46.861893],[3.167635,46.862086],[3.167655,46.862183],[3.167661,46.862259],[3.167659,46.862335],[3.167624,46.863402],[3.167579,46.864535],[3.167581,46.864596],[3.167589,46.86464],[3.167603,46.864677],[3.16762,46.864707],[3.16765,46.864741],[3.167688,46.864768],[3.167726,46.864793],[3.167781,46.864824],[3.167834,46.864853],[3.167882,46.864884],[3.167919,46.864911],[3.167957,46.864941],[3.167991,46.864972],[3.168024,46.865004],[3.168061,46.865047],[3.168095,46.865094],[3.168128,46.865144],[3.168156,46.865202],[3.168174,46.865259],[3.168185,46.865315],[3.168193,46.865372],[3.168196,46.865471],[3.168193,46.865637],[3.168185,46.865752],[3.168169,46.865876],[3.168133,46.866067],[3.168085,46.866245],[3.168048,46.866361],[3.16797,46.86656],[3.167939,46.866632],[3.167896,46.866715],[3.167852,46.86679],[3.167803,46.866854],[3.167752,46.866916],[3.167682,46.86698],[3.167601,46.867036],[3.167522,46.867077],[3.167462,46.867103],[3.16741,46.86712],[3.167352,46.867135],[3.167302,46.867142],[3.167252,46.867147],[3.167204,46.867148],[3.167155,46.867148],[3.167109,46.867143],[3.167055,46.867134],[3.167008,46.867123],[3.166963,46.867108],[3.166916,46.867087],[3.166873,46.867062],[3.166839,46.867038],[3.166807,46.867008],[3.166778,46.866975],[3.16676,46.866945],[3.166744,46.866917],[3.166733,46.866885],[3.166728,46.866848],[3.166727,46.866815],[3.166732,46.866781],[3.166744,46.866743],[3.166765,46.866708],[3.166796,46.866671],[3.16693,46.866537],[3.166983,46.866475],[3.167024,46.866427],[3.167065,46.866373],[3.167099,46.866315],[3.167142,46.866234],[3.167162,46.86619],[3.167184,46.866128],[3.167198,46.866069],[3.16721,46.865996],[3.167215,46.865923],[3.167212,46.865835],[3.167197,46.865756],[3.167177,46.865687],[3.167148,46.865605],[3.166874,46.864993],[3.166823,46.864873],[3.166789,46.864769],[3.166761,46.864656],[3.16675,46.864573],[3.166742,46.864485],[3.166744,46.864361],[3.166754,46.86375],[3.166773,46.863211],[3.166798,46.861829],[3.166797,46.861763],[3.166792,46.86171],[3.166785,46.861674],[3.166772,46.86164],[3.166758,46.861612],[3.16674,46.861583],[3.166721,46.861558],[3.166694,46.861529],[3.166667,46.861507],[3.166634,46.861481],[3.166315,46.86127],[3.166257,46.861225],[3.166215,46.861184],[3.166196,46.86116],[3.166179,46.861132],[3.166166,46.861107],[3.166154,46.861073],[3.166141,46.861031],[3.166133,46.860998],[3.166128,46.860957],[3.166124,46.860912],[3.166122,46.860853],[3.16612,46.860783],[3.166123,46.860709],[3.166128,46.860624],[3.166139,46.860522],[3.166159,46.86041],[3.16619,46.860279],[3.166235,46.860126],[3.166284,46.859998],[3.16635,46.859833],[3.166589,46.859313],[3.166599,46.859288],[3.166604,46.859272],[3.166606,46.859255],[3.166605,46.859242],[3.166604,46.859233],[3.166602,46.859224],[3.166598,46.859216],[3.166591,46.859206],[3.166577,46.859196],[3.166563,46.859186]]]}
monaco||Q171400|148194|3.3884|3.337|1.54|464|2026-08-21T07:53:53Z|{"type":"MultiLineString","coordinates":[[[7.422976,43.732383],[7.423009,43.732387],[7.423052,43.732396],[7.42336,43.732459],[7.423397,43.732469],[7.42343,43.732482],[7.423451,43.732493],[7.423468,43.732506],[7.423482,43.732524],[7.423495,43.732547],[7.423498,43.732568],[7.423495,43.732592],[7.423485,43.73262],[7.423474,43.732641],[7.423462,43.732661],[7.423448,43.73268]],[[7.42241,43.734312],[7.422456,43.734174],[7.422471,43.734127],[7.422472,43.73408],[7.422443,43.734044],[7.422403,43.734012],[7.422358,43.733991],[7.422325,43.733978],[7.422268,43.733957],[7.422246,43.733947],[7.422228,43.733936],[7.422209,43.733914],[7.422202,43.733881],[7.422218,43.733804],[7.422263,43.733691],[7.422365,43.733489],[7.422458,43.733343],[7.422537,43.733232],[7.422606,43.73315],[7.422674,43.733082],[7.422781,43.73299],[7.422854,43.732939],[7.422942,43.732884],[7.423005,43.732852],[7.423074,43.732822],[7.423157,43.732793],[7.423333,43.732734],[7.423389,43.732709],[7.423448,43.73268]],[[7.422231,43.735013],[7.422312,43.734697],[7.42235,43.734547],[7.42241,43.734312]],[[7.421779,43.735574],[7.421817,43.735489],[7.421829,43.735447],[7.421867,43.735399],[7.421912,43.735365],[7.422103,43.735262],[7.422137,43.735239],[7.422165,43.735215],[7.42218,43.735202],[7.422194,43.735187],[7.422211,43.735153],[7.422231,43.735013]],[[7.423027,43.736862],[7.422292,43.736795],[7.422248,43.736784],[7.422225,43.736776],[7.422197,43.73676],[7.422169,43.73674],[7.422106,43.736665],[7.422063,43.736606],[7.421966,43.736461],[7.421935,43.736405],[7.421912,43.736364],[7.421853,43.736223],[7.421823,43.736139],[7.421804,43.736073],[7.421788,43.735999],[7.42177,43.735882],[7.421769,43.735726],[7.421779,43.735574]],[[7.423027,43.736862],[7.42325,43.736892],[7.423296,43.736897],[7.423328,43.736901],[7.423614,43.736929],[7.423844,43.736952],[7.42397,43.736965],[7.424042,43.736972],[7.424314,43.736999],[7.424476,43.737015],[7.424537,43.73702],[7.424686,43.737035]],[[7.425447,43.737118],[7.425449,43.737077],[7.425447,43.737055],[7.425439,43.737039],[7.425412,43.737023],[7.42539,43.737014],[7.425343,43.737009],[7.425204,43.736994],[7.425176,43.736996],[7.425145,43.737005],[7.425107,43.737022],[7.425033,43.737051],[7.424993,43.737063],[7.424962,43.737065],[7.424686,43.737035]],[[7.425447,43.737118],[7.425443,43.737166],[7.425448,43.737183],[7.425456,43.737204],[7.425481,43.737229]],[[7.425481,43.737229],[7.425819,43.73727]],[[7.425819,43.73727],[7.426173,43.737316],[7.426515,43.737359],[7.426844,43.737419],[7.427307,43.737532]],[[7.4269,43.737915],[7.426986,43.737927],[7.427084,43.73794],[7.427184,43.737963],[7.427239,43.73798],[7.427312,43.738003],[7.427359,43.738022],[7.427413,43.738045],[7.427461,43.73807],[7.427524,43.738106],[7.427561,43.738127],[7.427603,43.738155],[7.427671,43.738204],[7.427723,43.738249],[7.427773,43.738298],[7.427804,43.738331],[7.427836,43.738375],[7.427845,43.738394],[7.427858,43.738421],[7.427874,43.738479],[7.427876,43.73854],[7.427871,43.738603],[7.427861,43.738652],[7.427858,43.738667],[7.427843,43.738733],[7.427809,43.738813],[7.427798,43.738834],[7.427761,43.738901],[7.427707,43.738981]],[[7.427678,43.739034],[7.427688,43.739005],[7.427707,43.738981]],[[7.427418,43.739188],[7.427568,43.739092],[7.427602,43.739068],[7.427678,43.739034]],[[7.427175,43.739488],[7.427176,43.739459],[7.427177,43.739446],[7.427179,43.739431],[7.427185,43.739415],[7.427192,43.739399],[7.427202,43.739379],[7.427218,43.739352],[7.427241,43.739321],[7.42726,43.739302],[7.427274,43.73929],[7.427309,43.739261],[7.427344,43.739237],[7.427418,43.739188]],[[7.427175,43.739488],[7.42718,43.739513],[7.427187,43.739537],[7.427198,43.739564],[7.427211,43.739591],[7.427253,43.739656],[7.427297,43.739712]],[[7.427297,43.739712],[7.427402,43.739815],[7.427496,43.73991],[7.427515,43.739929]],[[7.427515,43.739929],[7.427647,43.740058],[7.427754,43.740167]],[[7.427754,43.740167],[7.427839,43.740252],[7.427891,43.740304],[7.427925,43.740336],[7.428062,43.740465],[7.428403,43.740796],[7.428633,43.741019],[7.428677,43.74106],[7.428704,43.741084],[7.428723,43.741095],[7.428744,43.741103],[7.42878,43.74111],[7.428812,43.741112]],[[7.429735,43.740349],[7.429743,43.74033],[7.429746,43.740314],[7.429747,43.7403],[7.429744,43.740286],[7.429736,43.740269],[7.429723,43.740252],[7.42971,43.74024],[7.42969,43.740226],[7.429664,43.740216],[7.429639,43.740209],[7.429618,43.740206],[7.4296,43.740205],[7.429585,43.740206],[7.429562,43.740211],[7.429538,43.740221],[7.429513,43.740239],[7.429497,43.740257],[7.429482,43.740277],[7.429473,43.740301],[7.429458,43.74033],[7.42943,43.740371],[7.429397,43.74041],[7.429375,43.740434],[7.429349,43.740459],[7.429314,43.740495],[7.429258,43.740554],[7.429222,43.740591],[7.429192,43.740625],[7.42917,43.740654],[7.429153,43.740679],[7.42914,43.740705],[7.429132,43.740726],[7.429126,43.740753],[7.42912,43.740806],[7.429119,43.74086],[7.429115,43.740904],[7.429105,43.740941],[7.429091,43.740968],[7.429077,43.740991],[7.429055,43.741013],[7.429026,43.741039],[7.428993,43.741062],[7.428956,43.741081],[7.428925,43.741094],[7.428886,43.741103],[7.428853,43.741108],[7.428812,43.741112]],[[7.429527,43.740952],[7.429399,43.740912],[7.42937,43.7409],[7.42935,43.740888],[7.429335,43.740875],[7.429317,43.740855],[7.429304,43.740831],[7.429296,43.740806],[7.429295,43.740786],[7.429298,43.740767],[7.429306,43.740746],[7.429317,43.740726],[7.429333,43.740704],[7.429355,43.740682],[7.429395,43.740643],[7.429517,43.740524],[7.42956,43.740484],[7.429605,43.74045],[7.429652,43.740419],[7.429696,43.740384],[7.429723,43.740363],[7.429735,43.740349]],[[7.429527,43.740952],[7.429642,43.74097],[7.429687,43.740978],[7.42977,43.741002]],[[7.42977,43.741002],[7.429907,43.741044],[7.430001,43.741066],[7.430032,43.741073]],[[7.430032,43.741073],[7.430089,43.741085],[7.430131,43.741088],[7.430172,43.74109],[7.430221,43.741089],[7.430253,43.741087]],[[7.430253,43.741087],[7.430284,43.741081],[7.430312,43.741069],[7.43034,43.74105],[7.430356,43.741026],[7.430363,43.740998],[7.430364,43.740971],[7.43036,43.740888]],[[7.430326,43.740362],[7.43036,43.740888]],[[7.428037,43.737802],[7.428176,43.737854],[7.428312,43.737909],[7.428445,43.737969],[7.428575,43.738032],[7.428701,43.738098],[7.428824,43.738168],[7.428943,43.738241],[7.429058,43.738318],[7.429198,43.738419],[7.429332,43.738526],[7.429458,43.738636],[7.429576,43.738752],[7.429687,43.738871],[7.42979,43.738994],[7.429884,43.73912],[7.42997,43.73925],[7.430046,43.739382],[7.430114,43.739517],[7.430173,43.739654],[7.430223,43.739793],[7.430263,43.739934],[7.430294,43.740076],[7.430315,43.740219],[7.430321,43.740296],[7.430326,43.740362]],[[7.427973,43.737778],[7.428037,43.737802]],[[7.427307,43.737532],[7.427724,43.737687],[7.427973,43.737778]],[[7.422976,43.732383],[7.42288,43.732371],[7.422823,43.732366],[7.422767,43.732362],[7.422703,43.732362],[7.422639,43.732364],[7.422601,43.732365],[7.422561,43.732371],[7.422533,43.732379],[7.42251,43.732388],[7.422474,43.732408],[7.422449,43.732427],[7.42243,43.732447],[7.422417,43.732478]],[[7.422417,43.732478],[7.422414,43.732517],[7.422407,43.732555],[7.422396,43.732592],[7.422381,43.732629],[7.422363,43.732664],[7.42234,43.732698],[7.422314,43.732731],[7.422284,43.732762]],[[7.422284,43.732762],[7.422171,43.732862]],[[7.422171,43.732862],[7.422144,43.732888],[7.422098,43.73294],[7.422062,43.732983],[7.422027,43.733023],[7.42193,43.733133],[7.421874,43.73321]],[[7.421874,43.73321],[7.421812,43.7333],[7.42178,43.733375],[7.421753,43.73344],[7.421715,43.733548],[7.42171,43.733558],[7.421705,43.73357],[7.421693,43.733601],[7.421637,43.733731],[7.421594,43.733839],[7.421569,43.733901],[7.421557,43.733931],[7.421537,43.733983],[7.42153,43.734001],[7.421481,43.734126],[7.42143,43.734266],[7.42141,43.734333],[7.421402,43.73436],[7.421396,43.734382],[7.421385,43.734428]],[[7.421385,43.734428],[7.42138,43.734448],[7.421375,43.734469],[7.421372,43.73448],[7.421358,43.734545],[7.421346,43.734601],[7.421333,43.734657],[7.421328,43.734679],[7.421318,43.734728],[7.421306,43.734781],[7.421296,43.734838],[7.421284,43.734915],[7.421272,43.734983],[7.421265,43.735027],[7.421245,43.735221],[7.42124,43.735262],[7.421231,43.735349],[7.421223,43.735402],[7.42122,43.735437],[7.421215,43.735508],[7.42121,43.73558],[7.421208,43.735616],[7.421209,43.735675],[7.421211,43.735774],[7.421216,43.735823],[7.421231,43.735985],[7.421232,43.735996],[7.421247,43.736067],[7.421261,43.736147],[7.421285,43.736229],[7.421305,43.736292],[7.421328,43.736354]],[[7.421328,43.736354],[7.421375,43.736462],[7.421417,43.736558]],[[7.421417,43.736558],[7.421433,43.736603],[7.421443,43.736649],[7.421456,43.736721],[7.421484,43.736849],[7.421494,43.736879],[7.421505,43.736902],[7.42153,43.736933],[7.421564,43.736957],[7.4216,43.736969],[7.421642,43.736977],[7.422117,43.737022]],[[7.422117,43.737022],[7.422551,43.737066],[7.422766,43.737094],[7.422788,43.737098],[7.422909,43.737117],[7.423136,43.737161],[7.423497,43.73724],[7.423609,43.737264],[7.423628,43.737268],[7.423741,43.737292],[7.424014,43.737348]],[[7.424014,43.737348],[7.424196,43.737383],[7.424357,43.737401],[7.424573,43.737419],[7.424688,43.737428],[7.424868,43.73744],[7.424941,43.737452],[7.425013,43.73747],[7.425065,43.737483],[7.425186,43.737526],[7.425562,43.737656],[7.425649,43.737688],[7.425738,43.737719],[7.42584,43.737753],[7.425919,43.737773],[7.426018,43.737796],[7.426222,43.737833],[7.426426,43.737878]],[[7.426641,43.73793],[7.42672,43.737905]],[[7.426704,43.737952],[7.42672,43.737905],[7.4269,43.737915]],[[7.421417,43.736558],[7.421595,43.736773],[7.421626,43.736808],[7.421662,43.736843],[7.421706,43.736884],[7.421729,43.736905],[7.421746,43.736917],[7.421779,43.736939],[7.421818,43.736959],[7.421859,43.736973],[7.422117,43.737022]]]}
montjuic||Q172892|1147249|3.767|3.791|-0.63|306|2026-08-18T06:41:47Z|{"type":"MultiLineString","coordinates":[[[2.14506,41.366047],[2.145184,41.365932],[2.145317,41.365832],[2.145465,41.365743]],[[2.145465,41.365743],[2.145655,41.365659],[2.145836,41.365592],[2.146026,41.365542],[2.146261,41.365501]],[[2.146261,41.365501],[2.146443,41.365481],[2.14662,41.365472],[2.146853,41.36548],[2.147052,41.365503],[2.147165,41.36552],[2.147449,41.365577],[2.147859,41.365715],[2.14826,41.365906],[2.148599,41.366095],[2.148959,41.366292],[2.149348,41.36644],[2.149681,41.366506],[2.149994,41.366551],[2.150431,41.366593],[2.150844,41.366588],[2.15116,41.366555],[2.151324,41.366529],[2.151521,41.366498],[2.151664,41.366467],[2.151939,41.366408],[2.152241,41.366338],[2.152655,41.366249],[2.153056,41.36618],[2.15311,41.366173],[2.153621,41.366106],[2.153999,41.366095],[2.154467,41.366074],[2.154615,41.366074],[2.154964,41.366074],[2.155324,41.366095],[2.155412,41.3661],[2.155782,41.36616],[2.15598,41.366182]],[[2.15598,41.366182],[2.156399,41.366265]],[[2.156399,41.366265],[2.156773,41.366364]],[[2.156773,41.366364],[2.157011,41.36644],[2.157451,41.366591],[2.157596,41.366651],[2.157641,41.366668],[2.157776,41.366724]],[[2.157776,41.366724],[2.158051,41.366846],[2.158249,41.366944],[2.158508,41.367074],[2.158822,41.367263],[2.158853,41.367281],[2.158904,41.367309],[2.159092,41.36741]],[[2.159092,41.36741],[2.159038,41.367467],[2.159009,41.367481],[2.158968,41.367486],[2.158898,41.36749],[2.158843,41.367492],[2.158793,41.367492],[2.158743,41.367489],[2.158689,41.36748],[2.158641,41.36747],[2.158448,41.367409],[2.158155,41.36733],[2.158086,41.367319],[2.158004,41.367312],[2.157927,41.367311],[2.157859,41.367312],[2.157757,41.367321],[2.157645,41.367334],[2.157528,41.367353],[2.157422,41.367377],[2.157352,41.367398],[2.157281,41.367426],[2.157211,41.367462],[2.157109,41.367528],[2.157051,41.367571],[2.157007,41.367611],[2.156972,41.367644],[2.156943,41.367678],[2.156914,41.36772],[2.156871,41.367797],[2.156815,41.3679],[2.156769,41.367974],[2.156722,41.368043],[2.15669,41.368087],[2.156661,41.368118],[2.156643,41.368137],[2.156575,41.368202],[2.156515,41.368261],[2.156257,41.368484],[2.156081,41.368626],[2.156044,41.368656],[2.155944,41.368736],[2.155858,41.368797],[2.155819,41.36883],[2.155788,41.368859],[2.155772,41.368887],[2.155763,41.368922],[2.155763,41.368953]],[[2.155763,41.368953],[2.155769,41.368986],[2.155781,41.369015],[2.1558,41.369049],[2.15583,41.369074],[2.155872,41.369094],[2.155922,41.36911],[2.155962,41.36912],[2.15601,41.369126],[2.156059,41.369124],[2.15611,41.369118],[2.156159,41.369107],[2.156257,41.369074],[2.156284,41.369063],[2.15652,41.368969],[2.15675,41.368856],[2.15692,41.368751],[2.157332,41.368496],[2.15741,41.368448],[2.157476,41.368417],[2.157544,41.368397],[2.15761,41.368386],[2.157665,41.368381],[2.157745,41.368383],[2.157792,41.368387],[2.157842,41.368396],[2.157897,41.368412],[2.157957,41.368436],[2.158011,41.368466],[2.158061,41.368501],[2.158104,41.368546],[2.158147,41.368595],[2.158183,41.368642],[2.158221,41.368694],[2.15825,41.368745],[2.15827,41.368802],[2.158285,41.368857],[2.158295,41.368922],[2.158305,41.368995],[2.158303,41.369096],[2.158302,41.369121],[2.158297,41.36923],[2.158296,41.369321],[2.158295,41.369396],[2.158302,41.369467],[2.158313,41.36954],[2.15833,41.369622],[2.158408,41.369886],[2.158415,41.36993],[2.158418,41.36997],[2.158416,41.370014],[2.158411,41.370035],[2.158403,41.370072],[2.158383,41.370114]],[[2.158383,41.370114],[2.158343,41.370148],[2.15829,41.370182],[2.158248,41.370196],[2.158199,41.370206],[2.158171,41.370212]],[[2.158171,41.370212],[2.158141,41.370218],[2.157962,41.370221],[2.157643,41.37023],[2.157401,41.370225],[2.157236,41.370227],[2.157123,41.370233]],[[2.157123,41.370233],[2.157002,41.370243],[2.156866,41.370259],[2.156764,41.370278]],[[2.156764,41.370278],[2.15641,41.370366]],[[2.15641,41.370366],[2.156338,41.370383],[2.156166,41.370419],[2.155963,41.370452],[2.155693,41.370453],[2.155677,41.370454],[2.155521,41.370443],[2.155331,41.370411],[2.15527,41.3704]],[[2.15527,41.3704],[2.155106,41.370388],[2.155064,41.37039],[2.155039,41.370394]],[[2.154572,41.3709],[2.154724,41.370669],[2.15485,41.370484],[2.1549,41.370444],[2.154931,41.370422],[2.154983,41.370403],[2.155039,41.370394]],[[2.153535,41.37245],[2.153589,41.372366],[2.15383,41.372014],[2.154035,41.37171],[2.154058,41.37166],[2.154456,41.371072],[2.154572,41.3709]],[[2.153535,41.37245],[2.152606,41.37211],[2.152388,41.372029],[2.152055,41.371904]],[[2.152055,41.371904],[2.151799,41.371807],[2.151685,41.371764],[2.151631,41.371744]],[[2.151631,41.371744],[2.151477,41.371724]],[[2.151173,41.371566],[2.151332,41.371578]],[[2.151173,41.371566],[2.151156,41.37156],[2.15112,41.371546],[2.151085,41.371532],[2.150443,41.371275]],[[2.150443,41.371275],[2.150271,41.371211],[2.150202,41.371186],[2.15012,41.371154],[2.149968,41.371094],[2.149841,41.371045],[2.149777,41.37102],[2.149701,41.370978]],[[2.149701,41.370978],[2.149592,41.370893],[2.149541,41.370832],[2.149508,41.370765]],[[2.149508,41.370765],[2.149503,41.370749],[2.149495,41.370726],[2.149488,41.370705],[2.14947,41.370645],[2.149451,41.37056],[2.149403,41.370298],[2.149352,41.37006],[2.149298,41.369948],[2.149221,41.369834],[2.149121,41.369724],[2.149015,41.369634],[2.148873,41.369558],[2.148736,41.369502],[2.148532,41.369453],[2.148377,41.369433],[2.148282,41.369431],[2.148124,41.369439],[2.147808,41.369478],[2.147606,41.369492],[2.147397,41.369513],[2.147277,41.369515],[2.147111,41.369508],[2.147001,41.369499],[2.146863,41.369487],[2.146799,41.369476],[2.146742,41.369467],[2.146684,41.369453],[2.146675,41.369451],[2.146571,41.369427],[2.14645,41.369397],[2.146377,41.369374],[2.146333,41.36936],[2.146114,41.369284],[2.146085,41.369269],[2.14604,41.369248],[2.145956,41.369207],[2.145872,41.369157],[2.145651,41.368996],[2.145469,41.368795],[2.145317,41.368577]],[[2.145317,41.368577],[2.145183,41.368189]],[[2.145183,41.368189],[2.145,41.367742]],[[2.145011,41.367186],[2.144984,41.367344],[2.144969,41.367548],[2.14498,41.367614],[2.145,41.367742]],[[2.145094,41.36698],[2.145098,41.367055],[2.145069,41.367126],[2.145011,41.367186]],[[2.144975,41.366847],[2.145029,41.366883],[2.145069,41.366929],[2.145094,41.36698]],[[2.14506,41.366047],[2.145008,41.366165],[2.144952,41.366253],[2.14492,41.366326],[2.144901,41.366391],[2.14489,41.366447],[2.144885,41.366519],[2.144893,41.366596],[2.14492,41.366687],[2.144975,41.366847]]]}
monza|current|Q171417|284565|5.7941|5.793|0.02|313|2025-10-22T06:33:48Z|{"type":"MultiLineString","coordinates":[[[9.284992,45.620951],[9.284682,45.619189],[9.284201,45.615965],[9.283694,45.612533]],[[9.285917,45.622211],[9.285919,45.622156],[9.285918,45.622066],[9.285909,45.622005],[9.285895,45.621944],[9.28588,45.621898],[9.285864,45.621854],[9.285834,45.621794],[9.285804,45.621741],[9.28576,45.621681],[9.285717,45.621626],[9.285676,45.621583],[9.285634,45.621545],[9.28559,45.621508],[9.285565,45.621489],[9.285536,45.621469],[9.2855,45.621444],[9.285462,45.621419],[9.285382,45.621372],[9.285313,45.621335],[9.285247,45.621303],[9.285199,45.621277],[9.285164,45.621257],[9.285134,45.621236],[9.285108,45.621214],[9.285084,45.621191],[9.285061,45.621159],[9.285045,45.621136],[9.285029,45.621103],[9.285018,45.621068],[9.284992,45.620951]],[[9.285874,45.622493],[9.285913,45.622255],[9.285917,45.622211]],[[9.286034,45.622802],[9.28601,45.622787],[9.28597,45.622758],[9.28594,45.622735],[9.285915,45.622712],[9.285899,45.622694],[9.285887,45.622676],[9.285875,45.622653],[9.285868,45.622616],[9.285865,45.622576],[9.285867,45.622537],[9.285874,45.622493]],[[9.289117,45.624688],[9.286034,45.622802]],[[9.289355,45.624834],[9.289117,45.624688]],[[9.291415,45.626095],[9.289355,45.624834]],[[9.292808,45.626839],[9.292681,45.626783],[9.292483,45.626692],[9.2924,45.626653],[9.292321,45.626614],[9.292211,45.626558],[9.292106,45.626504],[9.291993,45.626442],[9.291908,45.626394],[9.291844,45.626357],[9.291783,45.626322],[9.291415,45.626095]],[[9.296602,45.628321],[9.296554,45.628302],[9.29293,45.626889],[9.292808,45.626839]],[[9.296853,45.628669],[9.296855,45.628619],[9.296855,45.628587],[9.29685,45.628551],[9.29684,45.628519],[9.296827,45.628489],[9.296811,45.62846],[9.296799,45.628446],[9.296786,45.628431],[9.296774,45.628419],[9.296747,45.628396],[9.296718,45.628378],[9.296685,45.62836],[9.296667,45.62835],[9.296646,45.62834],[9.296602,45.628321]],[[9.296587,45.63068],[9.296729,45.62961],[9.296853,45.628669]],[[9.295345,45.631328],[9.29541,45.631341],[9.295475,45.631351],[9.295546,45.631358],[9.2956,45.631361],[9.295657,45.631362],[9.295699,45.63136],[9.295739,45.631358],[9.295777,45.631354],[9.295819,45.631349],[9.295857,45.631343],[9.29589,45.631336],[9.295931,45.631327],[9.295974,45.631316],[9.296002,45.631308],[9.296063,45.631287],[9.296126,45.631263],[9.296172,45.631243],[9.296208,45.631225],[9.296248,45.631201],[9.296288,45.631175],[9.296335,45.631141],[9.296376,45.631108],[9.296407,45.631077],[9.296433,45.631049],[9.29646,45.631017],[9.296483,45.630987],[9.296496,45.630968],[9.296512,45.63094],[9.296526,45.630916],[9.29654,45.630883],[9.296552,45.630852],[9.296568,45.630798],[9.296579,45.630737],[9.296587,45.63068]],[[9.291802,45.630579],[9.29196,45.630598],[9.292058,45.630611],[9.292154,45.630623],[9.292225,45.630633],[9.292293,45.630643],[9.292397,45.63066],[9.292485,45.630674],[9.292572,45.630691],[9.292646,45.630707],[9.294091,45.631043],[9.295345,45.631328]],[[9.29126,45.630158],[9.291296,45.630161],[9.291329,45.630165],[9.291359,45.630171],[9.291386,45.630177],[9.291402,45.630184],[9.291419,45.630195],[9.291434,45.630206],[9.291446,45.630217],[9.291458,45.630232],[9.29147,45.630249],[9.291479,45.630266],[9.291489,45.630285],[9.291553,45.630441],[9.291564,45.630463],[9.291577,45.630485],[9.291588,45.630501],[9.291602,45.630517],[9.291617,45.630531],[9.291638,45.630544],[9.291655,45.630553],[9.291678,45.63056],[9.291708,45.630566],[9.291738,45.630571],[9.291802,45.630579]],[[9.286552,45.629935],[9.288586,45.630049],[9.289628,45.630102],[9.290095,45.630118],[9.290656,45.630137],[9.291219,45.630156],[9.29126,45.630158]],[[9.282208,45.627376],[9.282223,45.627466],[9.282288,45.627716],[9.282341,45.627854],[9.282428,45.628031],[9.28257,45.628262],[9.28273,45.628472],[9.282913,45.628664],[9.283071,45.628801],[9.283235,45.628929],[9.283407,45.629046],[9.283582,45.629152],[9.283793,45.629264],[9.283988,45.629359],[9.284182,45.629444],[9.284466,45.629551],[9.284856,45.629674],[9.285185,45.629751],[9.285482,45.62981],[9.285748,45.629854],[9.286075,45.629895],[9.286552,45.629935]],[[9.282432,45.624805],[9.282411,45.624865],[9.282191,45.625451],[9.282134,45.62564],[9.2821,45.625796],[9.28208,45.625969],[9.282075,45.626191],[9.282208,45.627376]],[[9.281894,45.624449],[9.281898,45.624474],[9.281902,45.624492],[9.281914,45.624514],[9.281932,45.624533],[9.281958,45.624545],[9.281995,45.624559],[9.282033,45.624563],[9.282077,45.624561],[9.282114,45.624555],[9.282212,45.624529],[9.28225,45.624522],[9.282288,45.624517],[9.282324,45.624518],[9.282356,45.624524],[9.282383,45.624533],[9.28241,45.624548],[9.28243,45.624564],[9.28245,45.624587],[9.282464,45.624613],[9.28247,45.624637],[9.282471,45.624661],[9.282469,45.624686],[9.282463,45.62471],[9.282432,45.624805]],[[9.280769,45.616193],[9.281173,45.618963],[9.281279,45.619572],[9.281409,45.620611],[9.281469,45.621089],[9.281483,45.621199],[9.281894,45.624449]],[[9.283694,45.612533],[9.283683,45.612461],[9.283675,45.61242],[9.283662,45.61238],[9.283649,45.612349],[9.28363,45.612314],[9.283612,45.612285],[9.283586,45.612252],[9.283555,45.612215],[9.283513,45.612172],[9.283473,45.612136],[9.283437,45.612103],[9.283389,45.612067],[9.283348,45.612042],[9.283292,45.612012],[9.283243,45.611988],[9.283197,45.611969],[9.283159,45.611953],[9.283123,45.61194],[9.283083,45.611927],[9.283046,45.611916],[9.282964,45.611895],[9.28288,45.611878],[9.282834,45.611872],[9.282792,45.611866],[9.282731,45.611861],[9.282684,45.611858],[9.282649,45.611858],[9.282616,45.611859],[9.282572,45.611861],[9.282532,45.611864],[9.282494,45.611867],[9.282457,45.611872],[9.282424,45.611877],[9.282356,45.611891],[9.282308,45.6119],[9.282258,45.611912],[9.282163,45.611935],[9.282075,45.61196],[9.282016,45.611979],[9.281955,45.612002],[9.281895,45.612026],[9.281842,45.612048],[9.281794,45.612071],[9.281735,45.6121],[9.281698,45.612119],[9.281649,45.612147],[9.281604,45.612174],[9.28154,45.612215],[9.281474,45.612262],[9.281414,45.612308],[9.281346,45.612364],[9.281284,45.612421],[9.281211,45.612497],[9.281185,45.612526],[9.281143,45.612573],[9.281117,45.612605],[9.281087,45.612641],[9.281063,45.612676],[9.281035,45.612716],[9.281008,45.612757],[9.280977,45.612811],[9.280951,45.612856],[9.280929,45.6129],[9.280907,45.612945],[9.280885,45.612993],[9.280866,45.613039],[9.280848,45.613088],[9.28081,45.61319],[9.280791,45.613257],[9.280775,45.613324],[9.280758,45.613407],[9.280742,45.613505],[9.280726,45.613635],[9.280716,45.613799],[9.280718,45.613965],[9.280693,45.614839],[9.28069,45.615251],[9.280703,45.615637],[9.280733,45.615911],[9.280769,45.616193]]]}
mugello||Q782455|8487163|5.2448|5.245|-0.0|662|2025-04-01T06:28:32Z|{"type":"MultiLineString","coordinates":[[[11.37226,43.99881],[11.372439,43.999051],[11.372741,43.999443],[11.37317,43.999952],[11.373604,44.000494]],[[11.373604,44.000494],[11.374012,44.00109]],[[11.374012,44.00109],[11.374143,44.001304],[11.374331,44.001636],[11.374612,44.002137]],[[11.374612,44.002137],[11.374832,44.002554],[11.374934,44.002754],[11.374989,44.002862]],[[11.374989,44.002862],[11.375008,44.002899],[11.375028,44.002933],[11.375049,44.002966],[11.375073,44.002995],[11.375099,44.003025],[11.375124,44.003055],[11.375145,44.003079],[11.375172,44.003103],[11.375204,44.003129],[11.375238,44.00315],[11.375273,44.003171],[11.375315,44.003193],[11.37536,44.003213],[11.375402,44.003226],[11.375446,44.003238],[11.375492,44.003249],[11.375529,44.003257],[11.37557,44.003263],[11.375607,44.003269],[11.375653,44.003271],[11.375704,44.003271],[11.375751,44.003268],[11.37579,44.003264],[11.375829,44.003257],[11.375866,44.003248],[11.375884,44.003243],[11.375909,44.003237],[11.375946,44.003224],[11.375978,44.003215],[11.376004,44.003203],[11.376027,44.003189],[11.376057,44.003171],[11.376077,44.003158],[11.3761,44.003145],[11.376119,44.003131],[11.376137,44.003119],[11.376152,44.003107],[11.376167,44.003093],[11.376184,44.003077],[11.3762,44.003061],[11.376216,44.003042],[11.376232,44.003024],[11.376246,44.003007],[11.376259,44.002989],[11.37627,44.002971],[11.376281,44.002951],[11.376289,44.002928],[11.376301,44.002903],[11.37631,44.002879],[11.376314,44.002862],[11.376319,44.002845],[11.376325,44.002828],[11.37633,44.002808],[11.376335,44.002774],[11.376337,44.002752],[11.376339,44.002732],[11.37634,44.002716],[11.37634,44.002705],[11.376341,44.002694],[11.376341,44.00268],[11.376339,44.002657],[11.376337,44.002634],[11.376336,44.002617],[11.376333,44.002596],[11.37633,44.002575],[11.376327,44.002555],[11.376323,44.002532],[11.37632,44.00251],[11.376318,44.002497]],[[11.376318,44.002497],[11.376307,44.002442],[11.376095,44.001697]],[[11.376095,44.001697],[11.376084,44.001659],[11.376076,44.001628],[11.376069,44.0016],[11.376065,44.001576],[11.37606,44.001552],[11.376059,44.001525],[11.376058,44.001501],[11.376061,44.001479],[11.376066,44.001455],[11.376074,44.001426],[11.376084,44.001399],[11.376095,44.00138],[11.376107,44.001359],[11.376123,44.001335],[11.376142,44.001311],[11.376163,44.001287],[11.376188,44.001263],[11.376217,44.001242],[11.376247,44.001222],[11.376302,44.00119]],[[11.376302,44.00119],[11.376339,44.001172],[11.376371,44.001156],[11.376902,44.000933],[11.376946,44.000912]],[[11.376946,44.000912],[11.376998,44.000885],[11.377025,44.000865],[11.377059,44.000842],[11.3771,44.000813],[11.377127,44.000791],[11.377158,44.000764],[11.377184,44.000736],[11.377197,44.000717],[11.377206,44.000705],[11.377216,44.000691],[11.377237,44.000658],[11.377249,44.00063],[11.377263,44.000598],[11.377276,44.000569],[11.377287,44.000535],[11.377292,44.000509],[11.377297,44.000482],[11.3773,44.000452],[11.377299,44.000417],[11.377298,44.000382],[11.377294,44.000357],[11.377288,44.000329],[11.377277,44.000297],[11.377263,44.000256],[11.377242,44.000207],[11.377218,44.000165],[11.37719,44.000129],[11.377166,44.000098]],[[11.377166,44.000098],[11.376096,43.998954]],[[11.376096,43.998954],[11.375615,43.99843],[11.375271,43.998059],[11.374993,43.997757]],[[11.374993,43.997757],[11.374972,43.997732],[11.374953,43.997711],[11.374927,43.997683],[11.374909,43.997661],[11.374891,43.99764],[11.374867,43.997607],[11.374851,43.997586],[11.374837,43.997564],[11.374824,43.997538],[11.374813,43.997513],[11.374807,43.997489],[11.3748,43.997466],[11.374797,43.997443],[11.374796,43.997423],[11.374798,43.997395],[11.374801,43.997371],[11.374806,43.997345],[11.374809,43.997328],[11.374818,43.997296],[11.374837,43.997259],[11.374856,43.997222],[11.37488,43.997181]],[[11.37488,43.997181],[11.375143,43.996805]],[[11.375143,43.996805],[11.375161,43.99677],[11.375175,43.996739],[11.375184,43.996712],[11.375192,43.996685],[11.375197,43.996661],[11.3752,43.996632],[11.375202,43.996603],[11.375202,43.996564],[11.375201,43.996534],[11.375194,43.996501],[11.375186,43.996477],[11.375181,43.996453],[11.375171,43.996429],[11.375157,43.996402],[11.375142,43.99638],[11.375124,43.996357],[11.375111,43.996339],[11.375088,43.996311],[11.37506,43.996281],[11.375029,43.99625],[11.375003,43.996227],[11.374981,43.99621],[11.374965,43.996194]],[[11.374965,43.996194],[11.373958,43.995306]],[[11.373958,43.995306],[11.372948,43.994428]],[[11.372948,43.994428],[11.372827,43.994319]],[[11.372827,43.994319],[11.372806,43.994298],[11.372788,43.994281],[11.372767,43.994262],[11.372745,43.994246],[11.372725,43.994231],[11.372696,43.994212],[11.37267,43.994196],[11.372644,43.994181],[11.372619,43.994167],[11.37259,43.994154],[11.372559,43.994141],[11.372524,43.994129],[11.372492,43.994119],[11.372464,43.994111],[11.372439,43.994104],[11.372409,43.994098],[11.372383,43.994092],[11.372356,43.994088],[11.372328,43.994085],[11.372303,43.994082],[11.372278,43.994079],[11.372251,43.994078],[11.372215,43.994076],[11.37219,43.994076],[11.37216,43.994075],[11.372129,43.994076],[11.3721,43.994076],[11.372072,43.994078],[11.372044,43.994078]],[[11.372044,43.994078],[11.371371,43.994093]],[[11.371371,43.994093],[11.371316,43.994093],[11.371261,43.994091],[11.371198,43.994089],[11.371131,43.994086],[11.37109,43.994082],[11.37105,43.994079],[11.371019,43.994076],[11.370985,43.994073],[11.370951,43.994069],[11.370918,43.994064],[11.37089,43.994058],[11.370862,43.994053],[11.370826,43.994045],[11.3708,43.994038],[11.370772,43.994031],[11.37074,43.994021],[11.370709,43.994011],[11.370679,43.994],[11.370643,43.993985],[11.370608,43.993971],[11.370571,43.993957],[11.370539,43.993941],[11.370505,43.993926],[11.370473,43.99391],[11.370441,43.993893],[11.370411,43.993873],[11.370382,43.993853],[11.370354,43.993832],[11.370328,43.993811],[11.370302,43.993789],[11.370277,43.993766],[11.370254,43.993741],[11.370234,43.993718],[11.370211,43.993691],[11.370194,43.99367],[11.370169,43.993643],[11.370152,43.993617],[11.370136,43.993595],[11.370117,43.993566],[11.370092,43.99353]],[[11.370092,43.99353],[11.370003,43.993376],[11.36993,43.99322],[11.369884,43.993121],[11.369846,43.993031],[11.369779,43.992887],[11.369587,43.992486]],[[11.369587,43.992486],[11.369528,43.992361],[11.369478,43.992267],[11.369422,43.992174]],[[11.369422,43.992174],[11.369402,43.992125],[11.36938,43.992092],[11.36935,43.992051],[11.369325,43.992019],[11.369297,43.991988],[11.369269,43.99196],[11.36924,43.99193],[11.369209,43.9919],[11.369173,43.99187],[11.369139,43.991844],[11.369107,43.991819],[11.369064,43.991789],[11.36902,43.991761],[11.368981,43.99174],[11.368927,43.991713],[11.368884,43.991694],[11.368842,43.991676],[11.368794,43.991658],[11.36875,43.991642],[11.368703,43.991623],[11.368651,43.991606],[11.368599,43.991591],[11.368547,43.991579],[11.368495,43.991566],[11.368445,43.991558],[11.368395,43.991552],[11.368336,43.991547],[11.368281,43.991543],[11.368226,43.991541],[11.368168,43.991541],[11.368109,43.991542],[11.368062,43.991545],[11.368006,43.991548],[11.367954,43.991553],[11.3679,43.991559],[11.367848,43.991565],[11.367794,43.991576],[11.367732,43.99159],[11.367676,43.991601],[11.367576,43.991625],[11.367472,43.991651],[11.367404,43.991671],[11.367344,43.991692],[11.36727,43.991715]],[[11.36727,43.991715],[11.367227,43.991729],[11.367163,43.991753],[11.367112,43.99177],[11.367056,43.99179],[11.366986,43.991815],[11.366952,43.991828],[11.366907,43.991844],[11.366849,43.991866],[11.366771,43.991898],[11.366717,43.991918],[11.366663,43.991939],[11.366602,43.991962],[11.36655,43.991982],[11.366495,43.992004]],[[11.366495,43.992004],[11.366426,43.992033],[11.366378,43.992054],[11.366323,43.992079],[11.366262,43.992107],[11.366221,43.992127],[11.366178,43.992153],[11.366124,43.992186],[11.366076,43.992219],[11.36604,43.992249],[11.366008,43.992277],[11.365975,43.992309],[11.365939,43.992352],[11.365908,43.992393],[11.365878,43.992439],[11.365858,43.992478],[11.36584,43.992513],[11.36582,43.992561],[11.36581,43.992592],[11.365801,43.992626],[11.365792,43.992665],[11.365784,43.992715],[11.365784,43.992754],[11.365781,43.992795],[11.365781,43.992847],[11.365787,43.992911],[11.365791,43.992952],[11.365793,43.992973],[11.365797,43.992999],[11.365802,43.993024],[11.365808,43.993055],[11.365817,43.9931],[11.36583,43.993159],[11.365846,43.993218]],[[11.365846,43.993218],[11.3662,43.994536]],[[11.3662,43.994536],[11.366269,43.994804],[11.366408,43.995315]],[[11.366408,43.995315],[11.366415,43.995341],[11.366424,43.995371],[11.366437,43.995404],[11.366445,43.995422],[11.366453,43.99544],[11.366466,43.995464],[11.36649,43.995499],[11.366515,43.995526],[11.366551,43.995556],[11.366585,43.995581],[11.366628,43.995608],[11.366668,43.99563],[11.366713,43.995651],[11.366747,43.995666],[11.36678,43.995678],[11.36682,43.995689],[11.366862,43.9957],[11.366903,43.995706],[11.366947,43.995713],[11.366982,43.995716],[11.367024,43.995717],[11.367074,43.995719]],[[11.367074,43.995719],[11.367662,43.995723]],[[11.367662,43.995723],[11.367715,43.995725],[11.367765,43.995727],[11.367824,43.995732],[11.367879,43.995741],[11.367931,43.995752],[11.367981,43.995766],[11.368024,43.995781],[11.368076,43.995802],[11.368128,43.995829],[11.368174,43.995857],[11.368211,43.99588],[11.368249,43.995909],[11.368281,43.995936],[11.368318,43.995973],[11.368349,43.996011],[11.368371,43.996045],[11.368388,43.996076],[11.368402,43.996103],[11.368414,43.996128],[11.368434,43.996175]],[[11.368434,43.996175],[11.368898,43.997342],[11.368989,43.997571],[11.369051,43.997724],[11.369224,43.998154],[11.369393,43.998579],[11.369473,43.998779]],[[11.369473,43.998779],[11.3695,43.998839],[11.369522,43.998878],[11.369539,43.998911],[11.36956,43.998947],[11.369579,43.998973],[11.369595,43.998993],[11.369617,43.99902],[11.369637,43.999044],[11.369661,43.999069],[11.36969,43.999094],[11.369711,43.999112],[11.369734,43.999128],[11.369758,43.999146],[11.36979,43.999167],[11.369812,43.999182],[11.369832,43.999192],[11.369856,43.999205],[11.369886,43.999219],[11.369918,43.999232],[11.36995,43.999243],[11.369985,43.999255],[11.37002,43.999265],[11.370056,43.999274],[11.370097,43.999281],[11.370139,43.999288],[11.370164,43.99929],[11.370185,43.999294],[11.370218,43.999297],[11.370258,43.9993],[11.370291,43.999301],[11.370323,43.9993],[11.370353,43.9993],[11.370379,43.999299],[11.370417,43.999296],[11.370446,43.999291],[11.37048,43.999286],[11.370508,43.999279],[11.370545,43.999267],[11.370576,43.999255],[11.37061,43.999245],[11.37064,43.999233],[11.370667,43.999221],[11.370695,43.999207],[11.370723,43.999192],[11.370749,43.999176],[11.37078,43.999158],[11.370802,43.999141],[11.370829,43.99912],[11.370863,43.999093],[11.37089,43.999066],[11.370915,43.999035],[11.370944,43.998995],[11.370963,43.998965],[11.37098,43.998931],[11.370996,43.998898],[11.371008,43.998858],[11.371014,43.998832],[11.37102,43.998802],[11.371023,43.998782],[11.371022,43.998746],[11.37102,43.998713],[11.371015,43.998677],[11.371012,43.998653],[11.37101,43.998632],[11.370999,43.998594],[11.37099,43.998567],[11.370982,43.998546],[11.37097,43.998521],[11.37096,43.9985],[11.370943,43.998472],[11.370924,43.998438],[11.370906,43.998411],[11.370885,43.998385],[11.370863,43.998354],[11.370845,43.998329],[11.370819,43.998296],[11.370804,43.998276],[11.370776,43.998242],[11.370757,43.99822],[11.370736,43.998195],[11.370708,43.998169]],[[11.370708,43.998169],[11.370167,43.997671],[11.369985,43.997503]],[[11.369985,43.997503],[11.369953,43.997473],[11.369927,43.997446],[11.369907,43.997421],[11.369885,43.99739],[11.36987,43.997364],[11.369862,43.997342],[11.369854,43.997316],[11.369847,43.997298],[11.36984,43.997274],[11.369837,43.997257],[11.369832,43.997236],[11.36983,43.997218],[11.36983,43.997205],[11.369829,43.99719],[11.369828,43.997172],[11.369829,43.99715],[11.369827,43.996799],[11.369829,43.99677],[11.369829,43.996732],[11.36983,43.996698],[11.36983,43.996671],[11.369827,43.996643],[11.369823,43.996616],[11.369819,43.996591],[11.369812,43.996564],[11.369803,43.996538],[11.369788,43.996495],[11.369769,43.99646],[11.369757,43.99644],[11.369742,43.996418],[11.369687,43.996355]],[[11.369687,43.996355],[11.369512,43.996188]],[[11.369512,43.996188],[11.369167,43.995854],[11.368128,43.994846],[11.367991,43.994713]],[[11.367991,43.994713],[11.36777,43.994499],[11.367388,43.994127]],[[11.367388,43.994127],[11.367005,43.993758],[11.366927,43.993679]],[[11.366927,43.993679],[11.366834,43.993579],[11.366775,43.993507],[11.366744,43.993469],[11.366718,43.993437],[11.366695,43.993405],[11.366677,43.993373],[11.36666,43.993342],[11.366645,43.993312],[11.366632,43.993284],[11.366621,43.993254],[11.36661,43.993216],[11.3666,43.99318],[11.366591,43.993143],[11.366587,43.993104],[11.366585,43.99307],[11.366587,43.993037],[11.366587,43.993032],[11.366588,43.993007],[11.366592,43.992985],[11.366596,43.992963],[11.366607,43.992926],[11.366618,43.992897],[11.366627,43.992876],[11.366642,43.99285],[11.366658,43.992823],[11.366674,43.992798],[11.366687,43.992779],[11.366704,43.992756],[11.366722,43.992731],[11.36675,43.9927],[11.366773,43.992675],[11.366796,43.992653],[11.366828,43.99263],[11.366869,43.992602],[11.3669,43.992582],[11.36694,43.99256],[11.366983,43.99254],[11.367024,43.99252],[11.367068,43.992504],[11.367102,43.992494],[11.367147,43.992479],[11.367189,43.992467],[11.367229,43.99246],[11.367273,43.992451],[11.36732,43.992445],[11.367364,43.99244],[11.367406,43.992439],[11.367452,43.992437],[11.367492,43.992438],[11.367531,43.992439],[11.367585,43.992444],[11.367648,43.992452],[11.367706,43.992463],[11.367766,43.992475],[11.367812,43.992486],[11.367852,43.992497],[11.367911,43.992515],[11.367959,43.992533],[11.368006,43.992554],[11.368046,43.992573],[11.36808,43.992591],[11.368121,43.992612],[11.36816,43.992634],[11.368193,43.992652],[11.368225,43.992674],[11.368262,43.992698],[11.368297,43.992721],[11.368339,43.992753],[11.368358,43.99277],[11.368364,43.992775],[11.368379,43.992788],[11.368407,43.992811],[11.368427,43.992832],[11.368456,43.992857],[11.368495,43.992894],[11.36852,43.992919],[11.368547,43.992949],[11.368573,43.99298],[11.368599,43.993008],[11.368621,43.993036],[11.368644,43.993068],[11.368678,43.993116]],[[11.368678,43.993116],[11.368818,43.993324],[11.368965,43.993565],[11.369112,43.993808],[11.369205,43.993953],[11.369389,43.99423]],[[11.369389,43.99423],[11.371481,43.997594]],[[11.371481,43.997594],[11.37226,43.99881]]]}
nurburgring-gp||Q152207|38567|5.1157|5.148|-0.63|364|2025-10-18T17:14:25Z|{"type":"MultiLineString","coordinates":[[[6.938735,50.328819],[6.938706,50.328759],[6.938688,50.328702],[6.938674,50.328628],[6.93867,50.328557],[6.938675,50.32851],[6.938686,50.32847],[6.938704,50.328423],[6.938728,50.328378],[6.938758,50.32833],[6.9388,50.32828],[6.938831,50.32825],[6.938873,50.328213],[6.938913,50.328182],[6.93897,50.328145],[6.939031,50.328113],[6.939099,50.328081],[6.939204,50.328041]],[[6.939204,50.328041],[6.940015,50.32779]],[[6.940015,50.32779],[6.940194,50.327735],[6.940245,50.327714],[6.940308,50.327681],[6.940371,50.327643],[6.940407,50.327617],[6.940437,50.32759],[6.940461,50.327557],[6.940476,50.327522],[6.940487,50.327474],[6.940489,50.327431],[6.940488,50.327387],[6.940477,50.32734],[6.940459,50.327304],[6.940427,50.327259],[6.940386,50.327216],[6.940335,50.327174],[6.94026,50.327127],[6.940217,50.327104],[6.940159,50.327079],[6.940057,50.327044],[6.939887,50.326985]],[[6.939887,50.326985],[6.939176,50.326737],[6.938913,50.326645],[6.938773,50.326591],[6.93868,50.326555],[6.938461,50.326467],[6.938247,50.326378]],[[6.938247,50.326378],[6.938091,50.326308],[6.937684,50.326107],[6.937475,50.325997],[6.937218,50.325855],[6.936949,50.325694],[6.936663,50.325503],[6.936554,50.325427],[6.936313,50.325234],[6.936039,50.325007],[6.935913,50.324902],[6.935746,50.324745],[6.935595,50.324588]],[[6.935595,50.324588],[6.935489,50.324469],[6.935248,50.324196],[6.935145,50.324095],[6.935092,50.324052],[6.935029,50.324012],[6.934988,50.323992],[6.934947,50.323977],[6.934886,50.32396],[6.93483,50.323951],[6.934773,50.323944],[6.934712,50.32394],[6.934657,50.323942],[6.934604,50.32395],[6.934534,50.323961],[6.934458,50.323978],[6.934385,50.324002],[6.93434,50.324021],[6.934309,50.324035],[6.934279,50.324054],[6.934257,50.324075],[6.934227,50.324098],[6.934201,50.324127],[6.934178,50.324158],[6.934154,50.324207],[6.934143,50.324249],[6.934133,50.324287],[6.934133,50.324338],[6.934138,50.324378],[6.934158,50.324424],[6.934173,50.324455],[6.934196,50.324484],[6.934221,50.324511],[6.934251,50.32454],[6.934295,50.324569],[6.934333,50.324593],[6.934625,50.324777]],[[6.934625,50.324777],[6.935115,50.32509],[6.935784,50.325517],[6.936443,50.325938]],[[6.936443,50.325938],[6.936988,50.326287]],[[6.936988,50.326287],[6.937082,50.326354],[6.937144,50.326403],[6.937172,50.326436],[6.937207,50.32648],[6.937239,50.326534],[6.937268,50.326588],[6.937298,50.326653],[6.937324,50.326721],[6.937343,50.326795],[6.937351,50.326881],[6.937346,50.326997],[6.937331,50.327079],[6.937309,50.32715],[6.937246,50.327274],[6.937191,50.327383],[6.937167,50.327434],[6.937134,50.327524],[6.937112,50.327596],[6.937099,50.32765],[6.937093,50.327701],[6.937091,50.32775],[6.937095,50.327803],[6.937103,50.327856],[6.937113,50.327906],[6.937133,50.327961],[6.937163,50.32804],[6.937315,50.328355]],[[6.937315,50.328355],[6.937485,50.328693]],[[6.937485,50.328693],[6.938007,50.329688]],[[6.938007,50.329688],[6.938146,50.329976],[6.938241,50.33019],[6.938308,50.330344],[6.938322,50.330375]],[[6.938322,50.330375],[6.938511,50.330754]],[[6.938511,50.330754],[6.938582,50.330899],[6.938684,50.331109],[6.938754,50.331251],[6.938773,50.331311],[6.938783,50.331343],[6.938786,50.331369],[6.938784,50.3314],[6.93878,50.331426],[6.938772,50.331449],[6.938761,50.331473],[6.938742,50.331504],[6.938712,50.331541],[6.938676,50.331572],[6.938637,50.331603],[6.938599,50.331629],[6.938554,50.33165],[6.938499,50.331672],[6.938452,50.331687],[6.938232,50.331749],[6.936924,50.332115],[6.936764,50.33216],[6.936695,50.332186],[6.936627,50.332217],[6.936578,50.332246],[6.936535,50.332273],[6.936497,50.332304],[6.93646,50.332346],[6.936426,50.33239],[6.936405,50.332425],[6.936382,50.332479],[6.93636,50.332542],[6.936351,50.332615],[6.936347,50.33269],[6.936351,50.332746],[6.93636,50.332797],[6.936376,50.33284],[6.936401,50.332876],[6.936431,50.332916],[6.936481,50.332966],[6.936542,50.333023],[6.936585,50.333056],[6.936747,50.333181],[6.937173,50.33351],[6.938146,50.334252],[6.939108,50.335003],[6.939339,50.335184],[6.939444,50.335266],[6.939548,50.335347],[6.939681,50.335437],[6.939818,50.335516],[6.939892,50.335557],[6.939971,50.33559],[6.940071,50.335627],[6.940205,50.335673],[6.940353,50.335713],[6.940454,50.335737],[6.940557,50.335758],[6.940683,50.335779],[6.940971,50.335828],[6.943315,50.336223],[6.943714,50.336291],[6.945867,50.336654],[6.945955,50.336669]],[[6.947147,50.337389],[6.947199,50.337399],[6.94733,50.337426],[6.947789,50.337502],[6.948211,50.337562],[6.949047,50.337686],[6.94919,50.337705],[6.949298,50.337716],[6.94938,50.337717],[6.949446,50.337708],[6.949528,50.337693],[6.949599,50.337673],[6.949671,50.337651],[6.94974,50.337623],[6.949809,50.337577],[6.949888,50.337519],[6.949934,50.337473],[6.949973,50.337401],[6.949987,50.337329],[6.949988,50.337275],[6.949986,50.337219],[6.949983,50.337197],[6.949973,50.337149],[6.949945,50.337091],[6.949927,50.33706],[6.949887,50.337015],[6.94984,50.336973],[6.949819,50.336953],[6.949737,50.336894],[6.949471,50.336717],[6.947708,50.335559],[6.94724,50.335257],[6.945295,50.333999],[6.944871,50.333724],[6.943632,50.332913],[6.943448,50.332793],[6.943126,50.3326],[6.942748,50.332389],[6.942214,50.332125],[6.941734,50.331922],[6.941326,50.331756],[6.941237,50.331728],[6.941196,50.331719],[6.941162,50.331715],[6.941123,50.331719],[6.941088,50.331727]],[[6.941088,50.331727],[6.941055,50.331742],[6.941028,50.331761],[6.941,50.331787],[6.940983,50.331809],[6.940964,50.331842],[6.940956,50.33188],[6.940959,50.331916],[6.941033,50.332121],[6.941089,50.332231],[6.941152,50.332334],[6.94122,50.332433],[6.941411,50.332651],[6.94152,50.332766],[6.941586,50.332851],[6.941633,50.332917],[6.941655,50.33296],[6.941667,50.333008],[6.941671,50.33309],[6.941665,50.333159],[6.941632,50.333246],[6.941591,50.33332],[6.941533,50.333386],[6.941469,50.333444],[6.941373,50.333503],[6.941279,50.333547],[6.941167,50.333586],[6.941068,50.333604],[6.94095,50.333618],[6.94082,50.333623],[6.940662,50.333618],[6.940245,50.333582],[6.939838,50.333535],[6.939529,50.333485],[6.939304,50.333439],[6.939132,50.333399],[6.93899,50.333358],[6.93889,50.33332],[6.938832,50.33329],[6.93877,50.333251],[6.93871,50.333208],[6.938666,50.333168],[6.938634,50.333128],[6.938612,50.333092],[6.938599,50.333064],[6.938589,50.333033],[6.938586,50.333013],[6.938587,50.332994],[6.938593,50.332974],[6.938607,50.332945],[6.938629,50.332904],[6.938656,50.332863],[6.938678,50.33284],[6.938724,50.332807],[6.938797,50.332769],[6.938885,50.332735],[6.938941,50.332718],[6.938986,50.332708],[6.93903,50.332702],[6.939083,50.332703],[6.939462,50.332715],[6.93956,50.332715],[6.939658,50.33271],[6.939749,50.332701],[6.9398,50.332691],[6.939844,50.332678],[6.939881,50.332662],[6.939923,50.332639],[6.939944,50.332624],[6.939961,50.332603],[6.939977,50.332574],[6.939989,50.332538],[6.940002,50.332476],[6.940011,50.332401],[6.940012,50.332342],[6.939916,50.331842],[6.939873,50.331604],[6.93971,50.33102],[6.939678,50.330894],[6.939583,50.330564],[6.93957,50.330525]],[[6.93957,50.330525],[6.939527,50.330413],[6.9394,50.330159]],[[6.9394,50.330159],[6.939301,50.329959],[6.939115,50.329589],[6.939052,50.329455]],[[6.939052,50.329455],[6.938735,50.328819]],[[6.945955,50.336669],[6.946248,50.336719],[6.94632,50.336734],[6.946372,50.336754],[6.946413,50.336776],[6.946449,50.336801],[6.946483,50.336829],[6.946517,50.336867],[6.946538,50.3369],[6.946567,50.336956],[6.946635,50.337079],[6.946659,50.337116],[6.946693,50.337156],[6.946724,50.337191],[6.946753,50.337215],[6.946789,50.337239],[6.946821,50.337257],[6.946883,50.337289],[6.946988,50.337334],[6.947147,50.337389]]]}
paul-ricard||Q171424|10316343|5.7645|5.842|-1.33|405|2024-05-13T18:29:11Z|{"type":"MultiLineString","coordinates":[[[5.802889,43.249575],[5.802882,43.249654],[5.80288,43.249715],[5.802873,43.249784],[5.802861,43.249835],[5.80284,43.249887],[5.80281,43.24994],[5.802776,43.24999],[5.802737,43.250031],[5.802701,43.250062],[5.802664,43.250091],[5.802626,43.250116],[5.802591,43.250135],[5.80256,43.250148],[5.802527,43.25016],[5.802488,43.250171],[5.80245,43.250178],[5.802407,43.250185],[5.802365,43.250189],[5.802324,43.250191],[5.802269,43.250189],[5.802229,43.250185],[5.802182,43.250177],[5.802132,43.250167],[5.802076,43.25015],[5.802039,43.250137],[5.801992,43.25012],[5.801932,43.250095]],[[5.8018,43.248342],[5.801883,43.248431],[5.801987,43.248528],[5.802536,43.249067],[5.802625,43.249151],[5.802668,43.249191],[5.802705,43.249234],[5.802738,43.249275],[5.802769,43.249315],[5.802801,43.249357],[5.802825,43.2494],[5.802847,43.249449],[5.802862,43.249499],[5.802889,43.249575]],[[5.803708,43.248017],[5.803709,43.247956],[5.803707,43.247905],[5.803701,43.247858],[5.803693,43.247802],[5.803682,43.247755],[5.803667,43.247697],[5.803647,43.247643],[5.803621,43.247592],[5.803586,43.247543],[5.803549,43.247491],[5.803499,43.247429],[5.803453,43.247381],[5.803409,43.247338],[5.803373,43.247307],[5.803325,43.247273],[5.803264,43.247233],[5.803218,43.247204],[5.80317,43.247178],[5.803113,43.247151],[5.803064,43.247132],[5.803,43.247108],[5.802929,43.247088],[5.802834,43.247067],[5.802727,43.24705],[5.802617,43.247038],[5.802492,43.247032],[5.802378,43.247036],[5.80225,43.24705],[5.802149,43.247067],[5.802047,43.247095],[5.801941,43.247133],[5.801838,43.247178],[5.801726,43.247238],[5.801642,43.247293],[5.801583,43.247339],[5.801534,43.247384],[5.801483,43.247434],[5.801443,43.247483],[5.801412,43.247529],[5.801397,43.247567],[5.801389,43.247601],[5.801388,43.247632],[5.801389,43.247664],[5.801394,43.247704],[5.801407,43.247763],[5.801432,43.247828],[5.801464,43.247893],[5.801501,43.247956],[5.801563,43.248046],[5.80164,43.248146],[5.801728,43.248254],[5.8018,43.248342]],[[5.803721,43.249247],[5.803708,43.248017]],[[5.803715,43.249814],[5.803721,43.249247]],[[5.803523,43.250508],[5.803554,43.250447],[5.803583,43.250384],[5.803613,43.250312],[5.80364,43.250239],[5.803661,43.250175],[5.803679,43.250109],[5.803692,43.250049],[5.803701,43.249993],[5.803707,43.249934],[5.803713,43.249868],[5.803715,43.249814]],[[5.802535,43.251197],[5.802606,43.251176],[5.802676,43.251154],[5.80274,43.25113],[5.802798,43.251106],[5.802864,43.251074],[5.802924,43.251041],[5.802984,43.251002],[5.803043,43.250961],[5.803099,43.250921],[5.803151,43.250881],[5.803205,43.250838],[5.803257,43.250797],[5.803301,43.250762],[5.80335,43.250718],[5.8034,43.250672],[5.803445,43.250623],[5.803483,43.250573],[5.803523,43.250508]],[[5.789542,43.254734],[5.79172,43.254138],[5.792377,43.253963],[5.793063,43.253775],[5.796206,43.252924],[5.802535,43.251197]],[[5.781153,43.257018],[5.783813,43.256291],[5.784355,43.256144],[5.786935,43.255444],[5.786961,43.255437],[5.788706,43.254963],[5.78909,43.254857],[5.789542,43.254734]],[[5.780025,43.258166],[5.780113,43.258077],[5.78022,43.257949],[5.780322,43.257807],[5.780397,43.257677],[5.780472,43.257544],[5.780549,43.257412],[5.780579,43.257362],[5.780605,43.257323],[5.780637,43.257283],[5.780664,43.257247],[5.780695,43.257216],[5.780745,43.257177],[5.780794,43.257148],[5.780853,43.257119],[5.780938,43.257084],[5.78104,43.25705],[5.781153,43.257018]],[[5.778307,43.258098],[5.77843,43.258353],[5.778453,43.258398],[5.77847,43.25843],[5.778489,43.258456],[5.778521,43.258489],[5.778549,43.258515],[5.778598,43.258547],[5.778637,43.258566],[5.778712,43.2586],[5.778776,43.258617],[5.778845,43.258633],[5.778928,43.258643],[5.779011,43.258647],[5.779065,43.258644],[5.77911,43.258638],[5.779161,43.258629],[5.779217,43.258614],[5.779281,43.258593],[5.779368,43.258563],[5.779457,43.258525],[5.779573,43.25847],[5.779693,43.258406],[5.779799,43.258339],[5.779916,43.258256],[5.780025,43.258166]],[[5.779026,43.257635],[5.778379,43.257582],[5.778327,43.257578],[5.778282,43.257579],[5.77824,43.257584],[5.778207,43.25759],[5.778183,43.257599],[5.778162,43.257609],[5.778147,43.257621],[5.778131,43.257638],[5.778124,43.257654],[5.778117,43.257674],[5.778116,43.257685],[5.77812,43.257704],[5.778129,43.257728],[5.778143,43.257757],[5.778155,43.25778],[5.778172,43.257812],[5.778307,43.258098]],[[5.780122,43.256507],[5.780019,43.256554],[5.779925,43.256598],[5.779852,43.256638],[5.779825,43.256653],[5.779798,43.256672],[5.779775,43.256692],[5.77975,43.256717],[5.779726,43.256747],[5.77971,43.256777],[5.779697,43.256808],[5.77969,43.256838],[5.779686,43.256873],[5.779686,43.256902],[5.779687,43.25693],[5.779697,43.256983],[5.779735,43.257173],[5.779741,43.25721],[5.779741,43.25725],[5.779737,43.257291],[5.779724,43.25733],[5.779705,43.257372],[5.779676,43.257415],[5.779643,43.257453],[5.779609,43.257483],[5.779578,43.257508],[5.779533,43.257534],[5.77949,43.257556],[5.779443,43.25758],[5.779398,43.257596],[5.779353,43.257609],[5.779312,43.25762],[5.779268,43.257627],[5.779216,43.257632],[5.779171,43.257635],[5.779126,43.257639],[5.779076,43.257639],[5.779026,43.257635]],[[5.783679,43.254996],[5.783474,43.25511],[5.782928,43.255415],[5.782808,43.255479],[5.782688,43.255539],[5.782633,43.255567],[5.782578,43.255595],[5.782475,43.255643],[5.782384,43.255684],[5.782306,43.255716],[5.782224,43.25575],[5.782141,43.255783],[5.782053,43.255819],[5.781966,43.255849],[5.781877,43.255878],[5.781776,43.255906],[5.781641,43.255943],[5.781481,43.255987],[5.781295,43.256042],[5.781088,43.25611],[5.780861,43.256196],[5.780638,43.256284],[5.780452,43.256363],[5.780333,43.256415],[5.780233,43.256459],[5.780122,43.256507]],[[5.78713,43.254462],[5.786965,43.254533],[5.786901,43.254556],[5.786821,43.254569],[5.78675,43.254573],[5.786682,43.25457],[5.786645,43.254565],[5.786612,43.254559],[5.786581,43.254549],[5.786549,43.254537],[5.786002,43.254237],[5.785905,43.254191],[5.785843,43.254167],[5.785785,43.254152],[5.785726,43.25414],[5.785651,43.25413],[5.78557,43.254126],[5.785482,43.254127],[5.785422,43.254131],[5.785364,43.25414],[5.785306,43.254155],[5.785243,43.254177],[5.784603,43.25442],[5.784507,43.254456],[5.784449,43.254483],[5.784396,43.254509],[5.784307,43.254561],[5.784212,43.254624],[5.784121,43.254688],[5.78403,43.25476],[5.783956,43.254818],[5.783866,43.25488],[5.783791,43.254929],[5.783679,43.254996]],[[5.788173,43.253883],[5.787572,43.254219],[5.78713,43.254462]],[[5.795739,43.249693],[5.795165,43.250004],[5.793059,43.251187],[5.792878,43.251287],[5.789564,43.253112],[5.788233,43.25385],[5.788173,43.253883]],[[5.796364,43.249839],[5.796357,43.249664],[5.796353,43.249627],[5.796347,43.249599],[5.796339,43.249571],[5.796331,43.249556],[5.796323,43.249544],[5.79631,43.249531],[5.796296,43.249521],[5.79628,43.249511],[5.79626,43.2495],[5.796244,43.249494],[5.796222,43.24949],[5.796198,43.249488],[5.796177,43.249487],[5.796155,43.249489],[5.796134,43.249493],[5.796113,43.249499],[5.796049,43.249524],[5.795994,43.249551],[5.795739,43.249693]],[[5.79637,43.2502],[5.796364,43.249839]],[[5.798134,43.250397],[5.798069,43.250448],[5.797997,43.250503],[5.797942,43.250544],[5.797874,43.250588],[5.797809,43.250627],[5.797736,43.250663],[5.797675,43.250688],[5.797607,43.25071],[5.797535,43.250729],[5.797466,43.250741],[5.797391,43.25075],[5.79731,43.250755],[5.797207,43.250754],[5.797117,43.250749],[5.79703,43.250738],[5.796982,43.250729],[5.796936,43.250716],[5.796886,43.250698],[5.796792,43.250665],[5.796706,43.250625],[5.796628,43.250581],[5.796574,43.250549],[5.796553,43.250535],[5.796534,43.25052],[5.796501,43.250489],[5.796461,43.250447],[5.796428,43.250406],[5.796401,43.250365],[5.79639,43.250343],[5.796382,43.250319],[5.796373,43.250261],[5.79637,43.2502]],[[5.801932,43.250095],[5.801846,43.250057],[5.801756,43.250018],[5.801628,43.249968],[5.801496,43.249921],[5.801395,43.249891],[5.801291,43.24986],[5.801192,43.249836],[5.801096,43.249816],[5.800992,43.249798],[5.800874,43.24978],[5.800748,43.249762],[5.800623,43.24975],[5.800494,43.249742],[5.800359,43.249735],[5.800236,43.249731],[5.8001,43.249733],[5.799978,43.249738],[5.799874,43.249744],[5.799772,43.249754],[5.799657,43.249769],[5.799551,43.249785],[5.799422,43.249809],[5.799304,43.249834],[5.799181,43.249867],[5.799047,43.249909],[5.79893,43.24995],[5.798821,43.249992],[5.798706,43.250044],[5.798582,43.250108],[5.798461,43.250178],[5.798341,43.250255],[5.798229,43.250329],[5.798134,43.250397]]]}
portimao||Q789427|7509968|4.6476|4.653|-0.12|205|2026-01-04T10:04:50Z|{"type":"MultiLineString","coordinates":[[[-8.628478,37.22644],[-8.628591,37.226525],[-8.628712,37.226638],[-8.628783,37.226713],[-8.62885,37.226796],[-8.628926,37.226916],[-8.628994,37.227062],[-8.629054,37.227213],[-8.629111,37.227374],[-8.629979,37.229802],[-8.63081,37.232116],[-8.63091,37.23239],[-8.631817,37.234861]],[[-8.631817,37.234861],[-8.632038,37.235478]],[[-8.632038,37.235478],[-8.632052,37.235545],[-8.632051,37.2356],[-8.632024,37.235656],[-8.631947,37.235718],[-8.631872,37.23576]],[[-8.631872,37.23576],[-8.630877,37.236351]],[[-8.630877,37.236351],[-8.63072,37.236432],[-8.630664,37.236455],[-8.630603,37.236472],[-8.630505,37.236485],[-8.630374,37.236472]],[[-8.630374,37.236472],[-8.629061,37.236216]],[[-8.629061,37.236216],[-8.628962,37.236182],[-8.628913,37.23615],[-8.628872,37.236095],[-8.628858,37.236036],[-8.62887,37.235985],[-8.628893,37.235951],[-8.628955,37.23589],[-8.629056,37.235832]],[[-8.629056,37.235832],[-8.629669,37.235545],[-8.629809,37.235471]],[[-8.629809,37.235471],[-8.629908,37.235397],[-8.629976,37.235326],[-8.630024,37.235256],[-8.630059,37.235188],[-8.630083,37.235103],[-8.630086,37.235028],[-8.630074,37.234937],[-8.630057,37.234866]],[[-8.630057,37.234866],[-8.628711,37.23115]],[[-8.628711,37.23115],[-8.628452,37.230406]],[[-8.628452,37.230406],[-8.628412,37.230351],[-8.628361,37.230313],[-8.628293,37.230291],[-8.628227,37.230289],[-8.628161,37.230304],[-8.628113,37.230329],[-8.628073,37.230368],[-8.628049,37.230411],[-8.62803,37.230491]],[[-8.62803,37.230491],[-8.627941,37.231211]],[[-8.627941,37.231211],[-8.627833,37.232022]],[[-8.627833,37.232022],[-8.62783,37.232174],[-8.627844,37.232309],[-8.627872,37.232425],[-8.627912,37.232537],[-8.627949,37.232616],[-8.628079,37.232848]],[[-8.628079,37.232848],[-8.62878,37.233903]],[[-8.62878,37.233903],[-8.628843,37.234015],[-8.628869,37.234094],[-8.628878,37.234175],[-8.62887,37.234256],[-8.628844,37.234347],[-8.628797,37.234428],[-8.628752,37.234488]],[[-8.628752,37.234488],[-8.628085,37.235108]],[[-8.628085,37.235108],[-8.628022,37.235148],[-8.62795,37.235172],[-8.627861,37.235182],[-8.627786,37.235179],[-8.62771,37.235159],[-8.62764,37.235125],[-8.627585,37.23508],[-8.627538,37.235021],[-8.627516,37.234966]],[[-8.627516,37.234966],[-8.62718,37.233103]],[[-8.62718,37.233103],[-8.627046,37.232359]],[[-8.627046,37.232359],[-8.627007,37.23224],[-8.626967,37.232154],[-8.626924,37.232086],[-8.62686,37.232003],[-8.626784,37.231927],[-8.6267,37.231857],[-8.6266,37.23179],[-8.626466,37.231719],[-8.626368,37.231674]],[[-8.626368,37.231674],[-8.62501,37.231126]],[[-8.62501,37.231126],[-8.624876,37.23106],[-8.62479,37.231009],[-8.624705,37.230946],[-8.624617,37.230861],[-8.624567,37.230801],[-8.62453,37.230748],[-8.624496,37.230693],[-8.624394,37.230446],[-8.624376,37.230377],[-8.624378,37.230299],[-8.624395,37.23024],[-8.624423,37.230192],[-8.62447,37.230156],[-8.62453,37.230117],[-8.624602,37.230085]],[[-8.624602,37.230085],[-8.626212,37.229699]],[[-8.626212,37.229699],[-8.626318,37.229662],[-8.626411,37.229617],[-8.626501,37.229565],[-8.626591,37.229503],[-8.626673,37.229436],[-8.626746,37.229357],[-8.626796,37.229288],[-8.626848,37.229195],[-8.626893,37.229082],[-8.626927,37.228949],[-8.626953,37.228808]],[[-8.626953,37.228808],[-8.627109,37.227953]],[[-8.627109,37.227953],[-8.627116,37.227882],[-8.627109,37.227807],[-8.627084,37.227744],[-8.627041,37.227691],[-8.626976,37.227643],[-8.626903,37.227608],[-8.626824,37.227591],[-8.626741,37.227593],[-8.626668,37.227608],[-8.626582,37.227644],[-8.626529,37.227679]],[[-8.626529,37.227679],[-8.625929,37.228255]],[[-8.625929,37.228255],[-8.62554,37.228637]],[[-8.62554,37.228637],[-8.625461,37.228695],[-8.62538,37.228736],[-8.625303,37.228762],[-8.625223,37.228774],[-8.625134,37.228774],[-8.625042,37.228759],[-8.624956,37.228729],[-8.624869,37.228682],[-8.624781,37.228613],[-8.624724,37.228551],[-8.62467,37.228488],[-8.624623,37.228401],[-8.624588,37.228309],[-8.624573,37.228239],[-8.624564,37.228156],[-8.624567,37.228081],[-8.624582,37.228005],[-8.624611,37.227908],[-8.624654,37.227834],[-8.624742,37.227715],[-8.624808,37.22764]],[[-8.624808,37.22764],[-8.625565,37.226908]],[[-8.625565,37.226908],[-8.625795,37.226688],[-8.626033,37.226485]],[[-8.626033,37.226485],[-8.626273,37.226328],[-8.626474,37.226231],[-8.626631,37.226177],[-8.626828,37.226127],[-8.627053,37.226092],[-8.62726,37.226083],[-8.627456,37.226088],[-8.627614,37.226105],[-8.627758,37.226132],[-8.627913,37.226172],[-8.628058,37.226224],[-8.62821,37.226281],[-8.62835,37.226352],[-8.628478,37.22644]]]}
rodriguez|stadium|Q173099|16251935|4.3117|4.304|0.18|213|2026-05-14T05:06:40Z|{"type":"MultiLineString","coordinates":[[[-99.09687,19.405394],[-99.096859,19.405479],[-99.096838,19.405566],[-99.096814,19.405627],[-99.096785,19.405695],[-99.096749,19.405767],[-99.096689,19.405867],[-99.096635,19.405945],[-99.096565,19.406033],[-99.096558,19.40604],[-99.096436,19.406163],[-99.096371,19.406221],[-99.096322,19.406255],[-99.096287,19.406276],[-99.096204,19.406316],[-99.0961,19.406356],[-99.096073,19.406366],[-99.095985,19.406387],[-99.095903,19.406395],[-99.095821,19.406398],[-99.095716,19.406393],[-99.095541,19.406376],[-99.09492,19.406287],[-99.093822,19.406144],[-99.093655,19.406121],[-99.092517,19.405968],[-99.091801,19.405883]],[[-99.091801,19.405883],[-99.091633,19.405867]],[[-99.091633,19.405867],[-99.091329,19.405827],[-99.090361,19.405705],[-99.089558,19.405621],[-99.088365,19.405501],[-99.084971,19.405058],[-99.083905,19.404886],[-99.083732,19.404852],[-99.083592,19.404824],[-99.083538,19.404811],[-99.083491,19.404786],[-99.083451,19.404744],[-99.083436,19.404718],[-99.083424,19.40467],[-99.083429,19.404614],[-99.083483,19.404267],[-99.083517,19.404074],[-99.083521,19.404029],[-99.083515,19.403995],[-99.0835,19.403966],[-99.083471,19.403939],[-99.083328,19.40387],[-99.08324,19.403826],[-99.083158,19.403786],[-99.08312,19.403763],[-99.083092,19.403742],[-99.083077,19.403714],[-99.083073,19.403688],[-99.083072,19.403656],[-99.083078,19.403584],[-99.083096,19.403484],[-99.083118,19.403359],[-99.083152,19.403209],[-99.083176,19.403119],[-99.083232,19.402936],[-99.083347,19.402652],[-99.083432,19.402471],[-99.083495,19.402356],[-99.083573,19.402223],[-99.084177,19.401272],[-99.084759,19.400362],[-99.085214,19.399641],[-99.085714,19.398891],[-99.085826,19.398739],[-99.08602,19.398475],[-99.086143,19.398306],[-99.086162,19.398268],[-99.086172,19.398225],[-99.08617,19.398188],[-99.086157,19.398146],[-99.086132,19.398112],[-99.086076,19.39807],[-99.085838,19.397945],[-99.085707,19.397869],[-99.085674,19.397831],[-99.085656,19.397788],[-99.085653,19.397752],[-99.085659,19.397718],[-99.085674,19.397685],[-99.085702,19.397652],[-99.08581,19.397581],[-99.086014,19.397437],[-99.086527,19.397083],[-99.086567,19.39706],[-99.086597,19.397048],[-99.086642,19.397041],[-99.086673,19.397045],[-99.086702,19.397056],[-99.086814,19.397122],[-99.086855,19.397155],[-99.086872,19.397185],[-99.08688,19.397218],[-99.086878,19.397256],[-99.086875,19.397306],[-99.086864,19.397397],[-99.086844,19.397566],[-99.086805,19.397856],[-99.086634,19.399066],[-99.086568,19.399547],[-99.086523,19.39986],[-99.086517,19.399923],[-99.086517,19.399974],[-99.086532,19.400028],[-99.086551,19.400068],[-99.086592,19.400119],[-99.086656,19.400168],[-99.086761,19.40023],[-99.087102,19.400423],[-99.087156,19.400455],[-99.087223,19.400505],[-99.087282,19.400559],[-99.08733,19.400615],[-99.087369,19.400674],[-99.087409,19.400738],[-99.087453,19.400836],[-99.087493,19.400951],[-99.087518,19.40101],[-99.087551,19.401073],[-99.087589,19.401132],[-99.08763,19.401177],[-99.087671,19.401222],[-99.087725,19.40127],[-99.087784,19.401318],[-99.087859,19.401364],[-99.087931,19.401396],[-99.088029,19.401429],[-99.088136,19.401451],[-99.088374,19.401484],[-99.088588,19.40151],[-99.089198,19.401584],[-99.089271,19.401595],[-99.089346,19.40161],[-99.08941,19.401627],[-99.089467,19.401657],[-99.089515,19.401692],[-99.089562,19.401744],[-99.0896,19.401801],[-99.089627,19.401872],[-99.089652,19.401966],[-99.089662,19.402004],[-99.089683,19.402084],[-99.089721,19.402217],[-99.089747,19.402289],[-99.089773,19.402344],[-99.089813,19.402407],[-99.089861,19.40246],[-99.089914,19.402511],[-99.089984,19.40256],[-99.090093,19.402614],[-99.090239,19.402687]],[[-99.090239,19.402687],[-99.090494,19.402814],[-99.090816,19.40298],[-99.090977,19.403069],[-99.091116,19.403136],[-99.091237,19.403183],[-99.091366,19.403227],[-99.091546,19.403271],[-99.091736,19.403303],[-99.092238,19.40337],[-99.092624,19.403423]],[[-99.092624,19.403423],[-99.093418,19.403531]],[[-99.093418,19.403531],[-99.09366,19.403564],[-99.094551,19.403686],[-99.094922,19.403736],[-99.094966,19.403768],[-99.094978,19.403784],[-99.095001,19.403809],[-99.095022,19.403859]],[[-99.095022,19.403859],[-99.095075,19.404749],[-99.095092,19.404881],[-99.095107,19.404971],[-99.095178,19.405282]],[[-99.095178,19.405282],[-99.095199,19.405318],[-99.095233,19.405348],[-99.095272,19.405361],[-99.095327,19.405365]],[[-99.095327,19.405365],[-99.095379,19.405356],[-99.09542,19.405328],[-99.095463,19.405285],[-99.095576,19.405125],[-99.095633,19.405074],[-99.09568,19.405054],[-99.095735,19.405044],[-99.095792,19.405046],[-99.095839,19.405057],[-99.095915,19.405096],[-99.095932,19.405105],[-99.095994,19.405137],[-99.096049,19.405159],[-99.09611,19.405172],[-99.096248,19.405184],[-99.096663,19.405227],[-99.096729,19.405239],[-99.096783,19.405257],[-99.096814,19.405278],[-99.096843,19.405312],[-99.096858,19.405345],[-99.09687,19.405394]]]}
sepang||Q172738|284496|5.5542|5.543|0.2|178|2020-06-28T00:17:51Z|{"type":"MultiLineString","coordinates":[[[101.741423,2.762531],[101.742171,2.761671],[101.742944,2.760784],[101.742984,2.760725],[101.743007,2.760673],[101.743012,2.760607],[101.742999,2.760545],[101.742719,2.759895],[101.742685,2.759824],[101.742647,2.75978],[101.74259,2.759744],[101.742507,2.759716],[101.741411,2.759654],[101.740704,2.759589],[101.738484,2.759316],[101.738413,2.759301],[101.738365,2.759267],[101.738338,2.759237],[101.738321,2.759199],[101.738315,2.759152],[101.738328,2.759095],[101.738359,2.759058],[101.738399,2.759026],[101.738921,2.758708],[101.739019,2.75864],[101.73909,2.758565],[101.739187,2.758418],[101.73923,2.758291],[101.739252,2.758177],[101.739266,2.758027],[101.739266,2.757868],[101.739254,2.757724],[101.739238,2.757593],[101.739209,2.757476],[101.739171,2.757334],[101.739115,2.757199],[101.739012,2.756984],[101.738852,2.756749],[101.738747,2.756645],[101.738654,2.756614],[101.738554,2.756614],[101.738475,2.756629],[101.73841,2.756663],[101.736534,2.758208],[101.736431,2.758285],[101.73627,2.75833],[101.736146,2.758336],[101.736004,2.758319],[101.735889,2.758271],[101.73544,2.758027],[101.735189,2.757913],[101.735067,2.757872],[101.734916,2.757847],[101.734741,2.757841],[101.73458,2.757849],[101.734349,2.757892],[101.734119,2.757982],[101.733942,2.758094],[101.733803,2.758222],[101.733711,2.758315],[101.733628,2.758449],[101.733566,2.758601],[101.733564,2.758692],[101.733584,2.758784],[101.733612,2.758846],[101.733671,2.758915],[101.733744,2.758952],[101.733809,2.758973],[101.734952,2.759178],[101.738221,2.759762],[101.739808,2.760052],[101.740575,2.76018],[101.741323,2.760325],[101.741426,2.760364],[101.741506,2.760426],[101.74157,2.760505],[101.741604,2.760583],[101.741617,2.760664],[101.741604,2.760764],[101.741534,2.760864],[101.741473,2.760922],[101.741402,2.760959],[101.741316,2.760976],[101.741172,2.760973],[101.739457,2.760828]],[[101.739457,2.760828],[101.738371,2.760744],[101.733074,2.760319],[101.732917,2.760313],[101.732831,2.760324],[101.732757,2.760342],[101.732685,2.760386],[101.732643,2.760429],[101.732608,2.760489],[101.732589,2.760548],[101.732584,2.760613],[101.732595,2.7607],[101.732619,2.760772],[101.732649,2.760828],[101.732681,2.76087],[101.73273,2.760912],[101.732785,2.760942],[101.73285,2.760956],[101.732924,2.760959],[101.733041,2.760934],[101.733257,2.760855],[101.733342,2.760835],[101.733413,2.760838],[101.733459,2.760851],[101.733506,2.760893],[101.733532,2.760946],[101.733551,2.761023],[101.733542,2.761097],[101.733513,2.761174],[101.73347,2.76126],[101.733318,2.761459],[101.733236,2.761572],[101.733176,2.761682],[101.733124,2.76181],[101.733097,2.761949],[101.733077,2.762076],[101.733076,2.76225],[101.733086,2.76244],[101.733112,2.762734],[101.733146,2.762879],[101.733205,2.763044],[101.733286,2.763212],[101.73339,2.763378],[101.733495,2.7635],[101.733624,2.763622],[101.733796,2.763742],[101.733953,2.763823],[101.73412,2.763893],[101.734885,2.764142],[101.735553,2.764375],[101.73658,2.764796],[101.736735,2.764867],[101.737175,2.765077],[101.737319,2.765142],[101.737367,2.76516],[101.737419,2.765164],[101.737456,2.765162],[101.737508,2.765153],[101.737554,2.765129],[101.737589,2.765098],[101.737607,2.765066],[101.737626,2.765014],[101.737635,2.764953],[101.73772,2.764492],[101.737976,2.763116],[101.738018,2.762949],[101.73807,2.762827],[101.738132,2.762726],[101.738212,2.762618],[101.738305,2.762514],[101.738407,2.762429],[101.738538,2.762343],[101.738709,2.762269],[101.738921,2.762227],[101.739115,2.762218],[101.73928,2.762246],[101.739409,2.762278],[101.739539,2.762336],[101.739668,2.762417],[101.739782,2.762513],[101.739866,2.762602],[101.739934,2.762693],[101.740028,2.762786],[101.740142,2.762864],[101.740277,2.762934],[101.740416,2.762977],[101.740591,2.762999],[101.740752,2.76298],[101.740906,2.762943],[101.741053,2.762872],[101.741202,2.762773],[101.741323,2.762647],[101.741423,2.762531]]]}
shanghai||Q171358|2094941|5.4591|5.451|0.15|257|2026-08-04T06:35:16Z|{"type":"MultiLineString","coordinates":[[[121.222328,31.337665],[121.22061,31.337319],[121.218973,31.33699],[121.218641,31.336924],[121.217408,31.336679],[121.217299,31.336659],[121.217178,31.33665],[121.217101,31.336653],[121.217012,31.336664],[121.216932,31.336676],[121.216855,31.336694],[121.216776,31.336716],[121.21669,31.336753],[121.216598,31.336797],[121.216506,31.336855],[121.216441,31.336898],[121.216366,31.336964],[121.216299,31.33704],[121.216237,31.337134],[121.216192,31.337228],[121.216163,31.337327],[121.216148,31.337421],[121.216146,31.337521],[121.216157,31.337622],[121.216178,31.337709],[121.21621,31.337787],[121.216256,31.33786],[121.216318,31.33793],[121.216377,31.337977],[121.216458,31.338024],[121.216539,31.338056],[121.216633,31.338079],[121.216713,31.338088],[121.216811,31.338088],[121.216915,31.338071],[121.21699,31.338044],[121.217053,31.338012],[121.217103,31.337971],[121.21714,31.337925],[121.217158,31.337884],[121.217173,31.337837],[121.217177,31.337788],[121.217168,31.33774],[121.21715,31.337687],[121.217096,31.337567],[121.217078,31.337522],[121.217061,31.33748],[121.217055,31.337427],[121.217061,31.337362],[121.217086,31.337287],[121.217128,31.337229],[121.217186,31.33718],[121.217254,31.337149],[121.217331,31.337124],[121.217379,31.337117],[121.217431,31.337116],[121.217473,31.337123],[121.217521,31.337136],[121.217565,31.337153],[121.217612,31.33718],[121.217686,31.337255],[121.217749,31.337339],[121.217795,31.337414],[121.217832,31.337493],[121.217855,31.33757],[121.21788,31.337671],[121.21789,31.33779],[121.217882,31.337856],[121.217862,31.337944],[121.217829,31.338023],[121.217801,31.338075],[121.217751,31.338137],[121.217599,31.338292],[121.216593,31.339288],[121.215919,31.339934],[121.215819,31.340033],[121.215774,31.340089],[121.215737,31.340146],[121.215688,31.340247],[121.215649,31.340346],[121.214977,31.342008],[121.214963,31.342066],[121.214966,31.342138],[121.215001,31.342194],[121.215055,31.342234],[121.215119,31.342254],[121.215198,31.342253],[121.215278,31.342225],[121.215371,31.342182],[121.215459,31.342132],[121.215637,31.342013],[121.215729,31.341946],[121.215823,31.34187],[121.215964,31.341736],[121.21608,31.341607],[121.216154,31.341514],[121.216216,31.34142],[121.216385,31.341162],[121.217086,31.34013],[121.217131,31.340064],[121.217189,31.339995],[121.217255,31.339921],[121.217331,31.339849],[121.217425,31.339781],[121.217516,31.339726],[121.217616,31.339672],[121.21771,31.339626],[121.217813,31.339594],[121.217898,31.339572],[121.217985,31.339555],[121.218074,31.339543],[121.218164,31.339536],[121.218273,31.339534],[121.218362,31.339534],[121.21845,31.339543],[121.218547,31.339562],[121.218639,31.339583],[121.218744,31.339615],[121.218836,31.339651],[121.218955,31.339712],[121.219076,31.339786],[121.219198,31.339884],[121.219311,31.339997],[121.219371,31.340073],[121.219438,31.340172],[121.219625,31.340531],[121.219777,31.340801],[121.219818,31.340874],[121.219888,31.340965],[121.219955,31.341035],[121.220043,31.341104],[121.220137,31.341159],[121.220243,31.341207],[121.220351,31.341237],[121.220455,31.341256],[121.220572,31.341263],[121.220691,31.341256],[121.220816,31.341237],[121.220922,31.341203],[121.221038,31.341153],[121.221158,31.341077],[121.221251,31.340995],[121.221335,31.340901],[121.221388,31.340814],[121.221681,31.340289],[121.221711,31.340238],[121.221754,31.340189],[121.221803,31.340152],[121.221852,31.340131],[121.22195,31.340113],[121.222023,31.340117],[121.22209,31.340134],[121.222138,31.340156],[121.22218,31.34018],[121.222224,31.340215],[121.222608,31.340635],[121.222635,31.340668],[121.222667,31.340715],[121.222686,31.340759],[121.222692,31.340803],[121.222695,31.340841],[121.222687,31.340889],[121.222669,31.340937],[121.222644,31.340992],[121.222525,31.341156],[121.22214,31.341685],[121.221718,31.342284],[121.221468,31.342638],[121.221454,31.342658],[121.221007,31.343286],[121.220732,31.343671],[121.220212,31.344402],[121.220165,31.344445],[121.22012,31.344469],[121.220069,31.344475],[121.220031,31.344472],[121.219989,31.344463],[121.219938,31.344438],[121.219871,31.344385],[121.219815,31.344326],[121.219777,31.344282],[121.219736,31.344222],[121.219691,31.344175],[121.219657,31.34415],[121.219641,31.344139],[121.219586,31.344111],[121.219532,31.34409],[121.219478,31.344079],[121.219419,31.344077],[121.219353,31.344083],[121.219287,31.344101],[121.219183,31.344161],[121.219111,31.344218],[121.219089,31.344241],[121.219056,31.344276],[121.218994,31.344349],[121.218953,31.344415],[121.218916,31.344492],[121.218878,31.344629],[121.218875,31.344655],[121.218864,31.344767],[121.218866,31.344839],[121.218876,31.3449],[121.218893,31.344968],[121.218917,31.345036],[121.218967,31.345123],[121.219037,31.34522],[121.219111,31.345292],[121.219218,31.345371],[121.219362,31.345436],[121.219532,31.345486],[121.219701,31.34551],[121.219768,31.345511],[121.219857,31.345513],[121.220027,31.345502],[121.220198,31.345468],[121.220364,31.34542],[121.220495,31.345353],[121.22064,31.345266],[121.220754,31.345173],[121.220838,31.345086],[121.220943,31.344964],[121.222342,31.343148],[121.223014,31.342275],[121.22356,31.341566],[121.223797,31.341261],[121.224577,31.340252],[121.224685,31.340112],[121.2253,31.339313],[121.226039,31.338353],[121.22778,31.336105],[121.227859,31.335994],[121.22788,31.33595],[121.227891,31.335921],[121.22789,31.335885],[121.227876,31.335865],[121.227857,31.335849],[121.227828,31.335831],[121.227789,31.335829],[121.227738,31.335837],[121.227671,31.33586],[121.227532,31.33593],[121.227175,31.336111],[121.227109,31.33615],[121.227042,31.33621],[121.226969,31.336284],[121.225585,31.337931],[121.225367,31.338187],[121.225321,31.338229],[121.225291,31.338249],[121.225264,31.338259],[121.225228,31.338262],[121.22519,31.338258],[121.225123,31.338248],[121.223484,31.337896],[121.222665,31.337733],[121.222328,31.337665]]]}
spa|modern|Q172851|284560|6.9947|7.004|-0.13|359|2025-09-17T10:49:00Z|{"type":"MultiLineString","coordinates":[[[5.963761,50.446204],[5.964371,50.44603],[5.964978,50.44584],[5.965409,50.445682]],[[5.96344,50.445993],[5.963341,50.446112],[5.963339,50.446154],[5.96336,50.446198],[5.963383,50.446223],[5.96342,50.446246],[5.963538,50.446261],[5.963645,50.446234],[5.963761,50.446204]],[[5.963807,50.445584],[5.96344,50.445993]],[[5.966405,50.441402],[5.966405,50.441438],[5.966418,50.441469],[5.966437,50.441496],[5.96646,50.441516],[5.966491,50.441535],[5.966537,50.441552],[5.9666,50.441561],[5.966667,50.44156],[5.966713,50.441557],[5.966795,50.441551]],[[5.966795,50.441551],[5.967047,50.441543],[5.967107,50.441548],[5.967171,50.44156],[5.967214,50.441585],[5.967252,50.441617],[5.96727,50.441652],[5.967276,50.441689],[5.967272,50.441726],[5.967255,50.441761],[5.967223,50.441799],[5.967072,50.441934],[5.966028,50.443098],[5.965163,50.444064],[5.963807,50.445584]],[[5.966547,50.440291],[5.966484,50.440814],[5.966417,50.441291],[5.966405,50.441402]],[[5.963961,50.433424],[5.964822,50.433711],[5.965283,50.433867],[5.965495,50.433943],[5.965692,50.434028],[5.965861,50.434102],[5.966038,50.434197],[5.966271,50.434338],[5.966507,50.434499],[5.966644,50.434613],[5.966751,50.434714],[5.966848,50.434809],[5.966939,50.434911],[5.967128,50.435153],[5.967625,50.435859],[5.967886,50.43624],[5.967944,50.436325],[5.968004,50.436432],[5.968042,50.436529],[5.968063,50.436611],[5.968075,50.436707],[5.968076,50.436777],[5.968071,50.436867],[5.968048,50.436982],[5.968,50.437102],[5.967917,50.43725]],[[5.960402,50.431507],[5.960569,50.43167],[5.960771,50.431838],[5.960987,50.431995],[5.961296,50.432201],[5.96162,50.432407],[5.961957,50.432614],[5.962104,50.432701],[5.962256,50.432786],[5.962425,50.432871],[5.962604,50.432949],[5.962826,50.43304],[5.962971,50.433093],[5.963101,50.433139],[5.963961,50.433424]],[[5.959958,50.430985],[5.960073,50.431155],[5.960166,50.43127],[5.960293,50.431406],[5.960402,50.431507]],[[5.960189,50.429429],[5.960087,50.429476],[5.960009,50.429521],[5.959873,50.429617],[5.959789,50.429694],[5.959715,50.42978],[5.95967,50.429842],[5.959634,50.429905],[5.959607,50.42997],[5.959587,50.430036],[5.959575,50.430163],[5.959585,50.430276],[5.959613,50.430381],[5.959654,50.430476],[5.959958,50.430985]],[[5.961393,50.42887],[5.96034,50.429359],[5.960189,50.429429]],[[5.962539,50.429049],[5.96247,50.428982],[5.96242,50.428935],[5.962312,50.428869],[5.962239,50.428837],[5.962163,50.428808],[5.96209,50.42879],[5.962008,50.428774],[5.961887,50.428764],[5.961773,50.428767],[5.961634,50.428783],[5.961504,50.428823],[5.961393,50.42887]],[[5.963897,50.430406],[5.963325,50.42984],[5.963069,50.429589],[5.962788,50.429302],[5.962539,50.429049]],[[5.967297,50.430994],[5.967248,50.430908],[5.967227,50.430877],[5.967177,50.430801],[5.967112,50.430726],[5.967052,50.430667],[5.966985,50.430614],[5.966872,50.430545],[5.966753,50.430488],[5.966637,50.430451],[5.966484,50.430415],[5.96632,50.430395],[5.966217,50.430389],[5.966105,50.430394],[5.965999,50.430404],[5.965874,50.430423],[5.965747,50.430453],[5.965624,50.430494],[5.965498,50.430549],[5.965323,50.430621],[5.965146,50.430676],[5.96505,50.430696],[5.964933,50.430709],[5.964796,50.430715],[5.964627,50.430709],[5.964471,50.430685],[5.964331,50.430652],[5.964202,50.430607],[5.964094,50.430549],[5.963987,50.430488],[5.963897,50.430406]],[[5.968839,50.433414],[5.96838,50.432693],[5.967297,50.430994]],[[5.972899,50.433366],[5.972857,50.43349],[5.972813,50.433604],[5.97275,50.433698],[5.972671,50.433787],[5.972563,50.43388],[5.97244,50.433959],[5.972342,50.434011],[5.972244,50.43406],[5.97208,50.434118],[5.971946,50.434154],[5.971815,50.434175],[5.971703,50.434186],[5.970939,50.434224],[5.970848,50.434229],[5.97072,50.43423],[5.970603,50.434227],[5.970415,50.434211],[5.970226,50.434183],[5.970084,50.434156],[5.969954,50.434124],[5.96979,50.434075],[5.969643,50.434021],[5.969522,50.433971],[5.969419,50.433918],[5.969291,50.433841],[5.969175,50.433764],[5.96904,50.433655],[5.968944,50.433551],[5.968839,50.433414]],[[5.973551,50.431087],[5.973505,50.431207],[5.973419,50.431517],[5.973112,50.432563],[5.972899,50.433366]],[[5.973813,50.429014],[5.973952,50.429068],[5.974078,50.429124],[5.974151,50.429168],[5.974217,50.429223],[5.974268,50.429283],[5.974302,50.429345],[5.974323,50.429415],[5.974328,50.429472],[5.974324,50.42953],[5.974298,50.429594],[5.974227,50.42973],[5.973992,50.430176],[5.973749,50.430664],[5.97362,50.430929],[5.973551,50.431087]],[[5.972647,50.428551],[5.972748,50.428589],[5.973359,50.428836],[5.973732,50.428984],[5.973813,50.429014]],[[5.973389,50.427794],[5.973246,50.427733],[5.973147,50.427702],[5.973077,50.427688],[5.972972,50.427677],[5.97287,50.427676],[5.972771,50.427684],[5.972667,50.4277],[5.972553,50.427733],[5.972466,50.427769],[5.97239,50.427814],[5.972322,50.427872],[5.972269,50.427931],[5.972234,50.42799],[5.972215,50.428049],[5.972207,50.428111],[5.97221,50.428175],[5.972225,50.428235],[5.972254,50.428294],[5.972295,50.428345],[5.972347,50.428395],[5.972408,50.42844],[5.972457,50.428468],[5.972542,50.428508],[5.972647,50.428551]],[[5.976586,50.429207],[5.976362,50.429111],[5.973389,50.427794]],[[5.97698,50.429856],[5.977021,50.429734],[5.977036,50.429658],[5.977025,50.42959],[5.977008,50.429552],[5.97699,50.429501],[5.976967,50.429468],[5.976933,50.429425],[5.976896,50.429384],[5.976853,50.429351],[5.976813,50.429319],[5.976759,50.429289],[5.976586,50.429207]],[[5.97673,50.430498],[5.97698,50.429856]],[[5.977443,50.43126],[5.977375,50.431204],[5.977297,50.431156],[5.97724,50.431133],[5.977157,50.431104],[5.977039,50.431064],[5.976988,50.431042],[5.976943,50.431017],[5.97687,50.430974],[5.976796,50.43091],[5.976755,50.430861],[5.976721,50.430808],[5.976698,50.430761],[5.976689,50.430714],[5.976688,50.430671],[5.976693,50.430629],[5.976702,50.430589],[5.97673,50.430498]],[[5.977466,50.431758],[5.977526,50.431624],[5.977543,50.431563],[5.977554,50.431517],[5.977555,50.431469],[5.977549,50.431431],[5.977526,50.431372],[5.977492,50.431311],[5.977443,50.43126]],[[5.972344,50.44056],[5.972687,50.440221],[5.97372,50.439189],[5.973949,50.438972],[5.974056,50.438876],[5.974144,50.438789],[5.974225,50.438702],[5.974294,50.438624],[5.974357,50.438546],[5.974429,50.438454],[5.974491,50.438362],[5.974596,50.438186],[5.974689,50.437947],[5.974974,50.437309],[5.976001,50.43502],[5.977306,50.432093],[5.977393,50.431914],[5.977466,50.431758]],[[5.971009,50.442294],[5.971086,50.442262],[5.971193,50.442216],[5.971295,50.442167],[5.97138,50.442122],[5.971457,50.442073],[5.971532,50.44201],[5.971581,50.441971],[5.971641,50.441907],[5.971694,50.441846],[5.97175,50.441777],[5.971809,50.441683],[5.971878,50.441558],[5.971922,50.441437],[5.971947,50.441339],[5.971967,50.441245],[5.971992,50.441126],[5.972015,50.441032],[5.97203,50.440974],[5.972049,50.440921],[5.972087,50.440856],[5.972134,50.440787],[5.972175,50.440739],[5.972216,50.440694],[5.972344,50.44056]],[[5.970024,50.442832],[5.970276,50.442643],[5.970372,50.442575],[5.970415,50.442546],[5.970498,50.442502],[5.970698,50.442413],[5.970822,50.442366],[5.971009,50.442294]],[[5.965409,50.445682],[5.965693,50.445589],[5.965994,50.445475],[5.96628,50.445358],[5.966648,50.445186],[5.966846,50.445084],[5.967019,50.444991],[5.967185,50.4449],[5.967428,50.444757],[5.967741,50.444544],[5.968681,50.443847],[5.969866,50.442953],[5.970024,50.442832]],[[5.967917,50.43725],[5.966911,50.438937],[5.966802,50.439177],[5.966721,50.439394],[5.966681,50.439536],[5.966648,50.439685],[5.96659,50.439944],[5.966547,50.440291]]]}
suzuka||Q174170|284570|5.8065|5.807|-0.01|308|2021-11-14T02:01:55Z|{"type":"MultiLineString","coordinates":[[[136.542941,34.840687],[136.543129,34.840498],[136.543232,34.84039],[136.543316,34.840266],[136.543364,34.84017],[136.543388,34.840103],[136.543402,34.840049],[136.543414,34.839973],[136.543416,34.839919],[136.543408,34.839828],[136.543389,34.839742],[136.543364,34.839662],[136.54331,34.839516]],[[136.530434,34.844026],[136.53081,34.843915]],[[136.53081,34.843915],[136.530921,34.843886],[136.530993,34.843873],[136.53113,34.843862],[136.531275,34.84387],[136.531419,34.843896],[136.5316,34.843941],[136.531762,34.843984],[136.531932,34.844036],[136.532073,34.844088],[136.532213,34.844138],[136.532332,34.844193],[136.532556,34.84431],[136.53269,34.844385],[136.532791,34.844447],[136.532994,34.844587]],[[136.532994,34.844587],[136.533419,34.844913],[136.53362,34.845066],[136.534326,34.845601],[136.534386,34.845643],[136.534575,34.845765],[136.534656,34.845811],[136.53474,34.845857]],[[136.53474,34.845857],[136.534796,34.845885],[136.534838,34.845896],[136.534878,34.845903],[136.534916,34.845903],[136.534952,34.845896],[136.534986,34.845881]],[[136.534986,34.845881],[136.535241,34.845697]],[[136.535241,34.845697],[136.535291,34.84567],[136.535347,34.845655],[136.535407,34.845651],[136.535465,34.84566],[136.535519,34.845681],[136.535565,34.845712]],[[136.535565,34.845712],[136.535793,34.845878]],[[136.535793,34.845878],[136.535946,34.845964],[136.53608,34.84602],[136.536222,34.846063],[136.536406,34.846086],[136.536549,34.84609],[136.536689,34.846085]],[[136.536689,34.846085],[136.536795,34.846074],[136.536846,34.846067],[136.536955,34.846054],[136.537018,34.846042],[136.537199,34.845995],[136.537322,34.845956]],[[136.537322,34.845956],[136.537593,34.845832],[136.537817,34.845701],[136.53798,34.845584],[136.538152,34.84545],[136.538373,34.845245],[136.538678,34.844949],[136.541103,34.842535],[136.542941,34.840687]],[[136.54331,34.839516],[136.543204,34.839262]],[[136.543204,34.839262],[136.543145,34.839177],[136.543091,34.839112],[136.543006,34.839052],[136.542909,34.839005],[136.542804,34.838973],[136.542694,34.838955],[136.542582,34.838954],[136.542471,34.838968],[136.542364,34.838997],[136.542265,34.839041],[136.542177,34.839098],[136.542087,34.839176]],[[136.542087,34.839176],[136.541928,34.839392],[136.541227,34.840289]],[[136.541227,34.840289],[136.54109,34.840446],[136.541009,34.84052],[136.540915,34.840583],[136.540811,34.840633],[136.540698,34.84067],[136.540581,34.840693],[136.54046,34.840701]],[[136.532695,34.843357],[136.532652,34.843314],[136.532583,34.843261],[136.532522,34.84324]],[[136.534321,34.844773],[136.534152,34.844687],[136.534015,34.844602],[136.533931,34.84454],[136.533871,34.844492],[136.533813,34.844446],[136.533666,34.844321],[136.532695,34.843357]],[[136.536818,34.844757],[136.536614,34.844841],[136.536454,34.8449],[136.536291,34.844953],[136.536174,34.844988],[136.536068,34.845008],[136.535971,34.845027],[136.535831,34.845043],[136.535713,34.845053],[136.535461,34.845057],[136.53533,34.845051],[136.535179,34.845043],[136.535014,34.845019],[136.534844,34.844971],[136.534485,34.844842],[136.534321,34.844773]],[[136.537304,34.843801],[136.537343,34.843905],[136.537363,34.844012],[136.537364,34.844121],[136.537346,34.844228],[136.537308,34.844332],[136.537253,34.844431],[136.53718,34.844522],[136.537092,34.844603],[136.536991,34.844673],[136.536818,34.844757]],[[136.537067,34.843287],[136.53711,34.843376],[136.537304,34.843801]],[[136.537959,34.842308],[136.537891,34.842312],[136.537805,34.842317],[136.537663,34.84235],[136.537537,34.842396],[136.537413,34.842458],[136.537304,34.842531],[136.537198,34.842628],[136.537117,34.842724],[136.537058,34.84283],[136.537023,34.842943],[136.537012,34.843059],[136.537027,34.843175],[136.537067,34.843287]],[[136.538379,34.842298],[136.537959,34.842308]],[[136.539233,34.841735],[136.539199,34.841828],[136.53915,34.841916],[136.539087,34.841998],[136.539012,34.842073],[136.538925,34.842138],[136.538828,34.842194],[136.53879,34.84221],[136.538724,34.842238],[136.538612,34.842271],[136.538497,34.842291],[136.538379,34.842298]],[[136.53939,34.841251],[136.539233,34.841735]],[[136.540169,34.840705],[136.540059,34.840713],[136.539952,34.840734],[136.539849,34.840766],[136.539753,34.84081],[136.539665,34.840864],[136.539587,34.840928],[136.53952,34.841],[136.539466,34.841078],[136.539425,34.841162],[136.53939,34.841251]],[[136.54046,34.840701],[136.540169,34.840705]],[[136.522133,34.8473],[136.522173,34.847262],[136.522323,34.847123],[136.522497,34.846997],[136.522678,34.846873],[136.523014,34.846655],[136.523244,34.846516],[136.523444,34.846403],[136.52392,34.846148],[136.524352,34.845938],[136.52476,34.845759],[136.525083,34.845629],[136.525175,34.845593],[136.525447,34.845493],[136.525806,34.84537],[136.526356,34.84521],[136.527309,34.844932],[136.528519,34.84458],[136.530434,34.844026]],[[136.522439,34.848297],[136.522325,34.84826],[136.522219,34.848219],[136.522165,34.848194],[136.522106,34.848153],[136.522054,34.8481],[136.521998,34.848027],[136.52196,34.847955],[136.521927,34.847859],[136.52192,34.847757],[136.521929,34.847667],[136.521961,34.847565],[136.522001,34.847476],[136.522076,34.847364],[136.522133,34.8473]],[[136.522935,34.848375],[136.522793,34.848363],[136.522632,34.848338],[136.522439,34.848297]],[[136.523801,34.848076],[136.523763,34.84813],[136.523724,34.848172],[136.523675,34.848214],[136.523619,34.848255],[136.523552,34.848295],[136.523486,34.848322],[136.52341,34.848347],[136.523328,34.848365],[136.523157,34.848382],[136.522935,34.848375]],[[136.524102,34.847513],[136.523801,34.848076]],[[136.527482,34.845365],[136.527298,34.84538],[136.527028,34.84541],[136.526649,34.845486],[136.526311,34.845579],[136.525971,34.845682],[136.525734,34.845771],[136.525502,34.845881],[136.525304,34.845991],[136.525081,34.846142],[136.524954,34.846249],[136.524844,34.846353],[136.524755,34.846442],[136.524657,34.846551],[136.524536,34.846717],[136.524426,34.846895],[136.524102,34.847513]],[[136.529426,34.846079],[136.529305,34.845957],[136.529202,34.845857],[136.529047,34.845729],[136.528962,34.845666],[136.528872,34.845613],[136.528603,34.845482],[136.528343,34.845416],[136.528037,34.845385],[136.527836,34.845371],[136.527632,34.845363],[136.527482,34.845365]],[[136.53018,34.847084],[136.529886,34.846679],[136.529826,34.846604],[136.529633,34.846354],[136.529426,34.846079]],[[136.530638,34.846937],[136.530661,34.847006],[136.530651,34.847077],[136.53062,34.847133],[136.53057,34.847178],[136.530503,34.847207],[136.530428,34.847217],[136.530356,34.847208],[136.530286,34.847181],[136.530229,34.847136],[136.53018,34.847084]],[[136.530387,34.846468],[136.530638,34.846937]],[[136.530255,34.845488],[136.530199,34.845725],[136.530179,34.845865],[136.530181,34.845978],[136.530205,34.846094],[136.530273,34.846269],[136.530387,34.846468]],[[136.53077,34.843339],[136.530255,34.845488]],[[136.531094,34.843137],[136.53098,34.843136],[136.530925,34.843151],[136.530876,34.843175],[136.530834,34.843208],[136.530803,34.843248],[136.530782,34.843292],[136.53077,34.843339]],[[136.532522,34.84324],[136.531094,34.843137]]]}
zandvoort||Q173083|13545573|4.2532|4.259|-0.14|621|2026-05-14T03:20:18Z|{"type":"MultiLineString","coordinates":[[[4.542645,52.391624],[4.542674,52.391655],[4.542704,52.391685],[4.54275,52.391719],[4.542814,52.391754],[4.542883,52.391782],[4.542951,52.391805],[4.543027,52.391821],[4.543108,52.39183],[4.543196,52.391835],[4.543277,52.39183],[4.543373,52.391816],[4.543458,52.391794],[4.543527,52.391767],[4.543588,52.391735],[4.543635,52.391703],[4.543692,52.391657],[4.543733,52.39161],[4.543763,52.391562],[4.543778,52.391514],[4.543785,52.391462],[4.543784,52.39142],[4.543777,52.391386],[4.543763,52.391354],[4.543745,52.39132]],[[4.543745,52.39132],[4.543404,52.390799],[4.543144,52.390446]],[[4.543144,52.390446],[4.543089,52.390349],[4.543031,52.390245],[4.54299,52.390159],[4.542957,52.390078],[4.542933,52.390003],[4.542918,52.389946],[4.542904,52.389878],[4.542892,52.389801],[4.542886,52.389726],[4.542885,52.389657]],[[4.542885,52.389657],[4.542885,52.389285]],[[4.542885,52.389285],[4.542883,52.389263],[4.542878,52.389241],[4.542869,52.389216],[4.542857,52.389194],[4.542842,52.389174],[4.542825,52.389153],[4.542803,52.389129],[4.542764,52.389092],[4.542721,52.389059],[4.542676,52.389029],[4.542629,52.389004],[4.542571,52.388979],[4.542516,52.388958],[4.542452,52.388938],[4.542374,52.388917]],[[4.542374,52.388917],[4.54165,52.388747]],[[4.54165,52.388747],[4.541586,52.388731],[4.541505,52.388713],[4.541453,52.388697],[4.541399,52.388674],[4.541363,52.388654],[4.541318,52.388621],[4.541284,52.388587],[4.541254,52.388549],[4.541235,52.388511],[4.541225,52.388469],[4.541223,52.388428],[4.541234,52.388381],[4.541253,52.388332],[4.541279,52.388295],[4.541317,52.388256],[4.541367,52.388218],[4.541424,52.388188],[4.541487,52.38816],[4.541567,52.388138],[4.541637,52.388125],[4.541701,52.388121],[4.541752,52.38812],[4.541814,52.388123],[4.541874,52.388131],[4.541951,52.388142],[4.542023,52.388155],[4.542158,52.388182]],[[4.542158,52.388182],[4.542924,52.388336],[4.543094,52.388366],[4.543271,52.388396],[4.54346,52.388425],[4.543648,52.388451],[4.543809,52.388466],[4.54396,52.388477],[4.544094,52.388483],[4.544234,52.388487],[4.544374,52.388486],[4.544519,52.388484],[4.544658,52.38848],[4.544774,52.388473],[4.544923,52.388462],[4.545047,52.38845],[4.545203,52.388432],[4.545359,52.388412],[4.545507,52.388391],[4.546076,52.38831]],[[4.546076,52.38831],[4.546195,52.388296],[4.546293,52.388287],[4.546384,52.38828],[4.546496,52.388273],[4.546607,52.388269],[4.546716,52.388267],[4.546816,52.388269],[4.546937,52.388277],[4.547043,52.388287],[4.547164,52.388302],[4.547288,52.388322],[4.547408,52.388347],[4.547669,52.388414],[4.547751,52.388438],[4.547862,52.388473],[4.547962,52.388508],[4.548053,52.388543],[4.548184,52.388595],[4.548231,52.388613],[4.548262,52.388625],[4.548341,52.388656],[4.548391,52.388676],[4.548508,52.388719],[4.548619,52.388759],[4.548718,52.388793],[4.548824,52.388826],[4.548938,52.38886],[4.549051,52.388886],[4.549172,52.388911],[4.549318,52.388935],[4.549469,52.388952],[4.549635,52.388964],[4.549732,52.388968],[4.549865,52.38897],[4.550003,52.38897],[4.550128,52.388967],[4.550286,52.388963],[4.550467,52.388956]],[[4.550467,52.388956],[4.551458,52.388921]],[[4.551458,52.388921],[4.551557,52.388916],[4.551648,52.38891],[4.551734,52.388904],[4.551824,52.388894],[4.551906,52.388884],[4.551997,52.388869],[4.552094,52.388849],[4.552185,52.388827],[4.55226,52.388805],[4.552328,52.388782],[4.552405,52.388753],[4.552491,52.388714],[4.552571,52.388672],[4.552639,52.388633],[4.552703,52.388591],[4.552768,52.38854],[4.552814,52.388501],[4.552859,52.388457],[4.552899,52.388411],[4.552928,52.388374],[4.55296,52.388328],[4.552985,52.388281],[4.55301,52.388229],[4.553028,52.388183],[4.55304,52.38814],[4.553049,52.388091],[4.553053,52.388046],[4.553057,52.387999],[4.553055,52.387957],[4.553049,52.387909],[4.553038,52.38786],[4.553023,52.387812],[4.553007,52.387771],[4.552987,52.38773],[4.552969,52.387697],[4.552941,52.387655],[4.552912,52.387618],[4.552874,52.387572],[4.55284,52.387537],[4.552809,52.387505],[4.552764,52.387462],[4.55272,52.387422]],[[4.55272,52.387422],[4.552115,52.386891]],[[4.552115,52.386891],[4.552055,52.386837],[4.551998,52.386784],[4.551949,52.386738],[4.551908,52.386695],[4.551871,52.386654],[4.551832,52.38661],[4.551782,52.386549],[4.551735,52.386487],[4.551687,52.386423],[4.551637,52.386356],[4.551598,52.386306]],[[4.551598,52.386306],[4.551264,52.385895]],[[4.551264,52.385895],[4.551235,52.385861],[4.551212,52.38584],[4.55119,52.385821],[4.551156,52.385801],[4.551127,52.385786],[4.551088,52.38577],[4.551039,52.385756],[4.550998,52.385746],[4.55094,52.385737],[4.550874,52.38573],[4.550796,52.385724],[4.550706,52.38572],[4.550596,52.385717],[4.550478,52.385718],[4.550356,52.385722],[4.550228,52.385728],[4.550111,52.385737],[4.549979,52.385751],[4.549861,52.385766],[4.549738,52.385785],[4.549624,52.385807],[4.549506,52.38583],[4.549448,52.385843]],[[4.549448,52.385843],[4.549368,52.385862],[4.549262,52.38589],[4.549149,52.385924],[4.549038,52.38596],[4.548914,52.386006],[4.54878,52.386059],[4.548674,52.386107],[4.5486,52.386142],[4.548517,52.386186],[4.548449,52.386224],[4.548393,52.386256],[4.54835,52.386281],[4.548315,52.386305],[4.548284,52.386328],[4.548257,52.386352],[4.548239,52.386374],[4.548222,52.386401],[4.548209,52.386431],[4.548204,52.386453],[4.548202,52.386476],[4.548201,52.386499],[4.548205,52.386522],[4.548218,52.386551],[4.548234,52.386575],[4.548254,52.386598],[4.54828,52.386622],[4.548309,52.386645],[4.54834,52.386667],[4.548374,52.386687],[4.548401,52.386702],[4.548433,52.38672],[4.54847,52.386737],[4.548505,52.386753],[4.548541,52.386768],[4.548585,52.386787],[4.54862,52.3868],[4.548652,52.386812],[4.548687,52.386824],[4.548724,52.386836],[4.548774,52.386852],[4.548816,52.386863],[4.548858,52.386875],[4.548893,52.386884],[4.548936,52.386893],[4.548972,52.386899],[4.549004,52.386904],[4.549035,52.386909],[4.549066,52.386912],[4.549106,52.386917],[4.549148,52.386921],[4.549215,52.386927]],[[4.549215,52.386927],[4.549468,52.386947],[4.549554,52.386955],[4.549632,52.386962],[4.549706,52.386969],[4.549778,52.386978],[4.549848,52.386986],[4.549906,52.386995],[4.549975,52.387005],[4.550044,52.387016],[4.550106,52.387027],[4.550169,52.387039],[4.550234,52.387052],[4.550307,52.387067],[4.550367,52.38708],[4.550424,52.387093],[4.550485,52.387108],[4.550543,52.387123],[4.550594,52.387136],[4.550644,52.387149],[4.550695,52.387164],[4.550749,52.38718],[4.550786,52.387193],[4.550821,52.387205],[4.550847,52.387215],[4.550872,52.387226],[4.550895,52.387237],[4.550919,52.38725],[4.550939,52.387263],[4.550958,52.387276],[4.550984,52.387295],[4.551002,52.387311],[4.551024,52.387331],[4.551042,52.387348],[4.551055,52.387364],[4.55107,52.387382],[4.551082,52.387398],[4.551094,52.387415],[4.551104,52.387433],[4.551112,52.38745],[4.551119,52.387467],[4.551124,52.387484],[4.55113,52.387505],[4.551133,52.387524],[4.551136,52.38754],[4.551137,52.387555],[4.551137,52.387572],[4.551136,52.387591],[4.551134,52.387608],[4.551131,52.387623],[4.551126,52.387644],[4.551121,52.387657],[4.551112,52.387677],[4.551102,52.387697],[4.551092,52.387714],[4.551081,52.387728],[4.55107,52.387743],[4.551061,52.387754],[4.55105,52.387766],[4.551041,52.387777],[4.551028,52.38779],[4.551014,52.387803],[4.550995,52.38782],[4.550975,52.387836],[4.550958,52.387847],[4.550937,52.387861],[4.550916,52.387875],[4.550892,52.387888],[4.550865,52.387902],[4.550836,52.387915],[4.550809,52.387927],[4.550778,52.387938],[4.550736,52.387952],[4.550708,52.387961],[4.550676,52.387968],[4.550639,52.387976],[4.550601,52.387982],[4.550553,52.387988],[4.550487,52.387994]],[[4.550487,52.387994],[4.549784,52.388038],[4.549698,52.388043],[4.549619,52.388048],[4.549532,52.388052],[4.549451,52.388055],[4.549368,52.388057],[4.549293,52.388059],[4.549202,52.38806],[4.549113,52.388062],[4.549011,52.388062],[4.548924,52.388062],[4.548821,52.388061],[4.548708,52.388059],[4.548561,52.388056],[4.548389,52.388051],[4.548248,52.388045],[4.548133,52.38804],[4.547991,52.388031],[4.54789,52.388025],[4.547758,52.388015],[4.547645,52.388006],[4.547537,52.387997],[4.547416,52.387987],[4.54731,52.387978],[4.547206,52.387967],[4.547084,52.387954],[4.546963,52.387941],[4.546845,52.387927],[4.546722,52.387911],[4.546575,52.387892],[4.546457,52.387875],[4.546328,52.387857],[4.546172,52.387832],[4.546034,52.387808],[4.545894,52.387784],[4.545753,52.387758],[4.545608,52.387729],[4.545494,52.387705],[4.545374,52.38768],[4.545235,52.387651],[4.545119,52.387624],[4.544998,52.387596],[4.544879,52.387568],[4.544756,52.387538],[4.544625,52.387504],[4.544498,52.387473],[4.544304,52.387423],[4.544166,52.387386],[4.544033,52.387349],[4.543907,52.387311],[4.543798,52.387277],[4.543708,52.387247],[4.543395,52.387137]],[[4.543395,52.387137],[4.543357,52.387125],[4.543324,52.387116],[4.543293,52.387108],[4.543265,52.387105],[4.543233,52.387104],[4.543198,52.387106],[4.543174,52.387108],[4.543152,52.387113],[4.543131,52.387119],[4.543112,52.387128],[4.543095,52.387136],[4.543084,52.387143],[4.543069,52.387155],[4.543052,52.387169],[4.543032,52.387189],[4.542953,52.387278],[4.54293,52.387302],[4.542905,52.387325],[4.542877,52.387351],[4.542859,52.387366],[4.542836,52.387381],[4.542811,52.387396],[4.542789,52.387408],[4.542763,52.387419],[4.542726,52.387434],[4.542694,52.387444],[4.542662,52.387453],[4.542628,52.38746],[4.542592,52.387466],[4.542553,52.38747],[4.54252,52.387473],[4.542483,52.387475],[4.542445,52.387474],[4.542405,52.387473],[4.542366,52.387469],[4.542334,52.387465],[4.542301,52.387458],[4.542265,52.387449],[4.542236,52.387441],[4.542206,52.387431],[4.542174,52.387419],[4.542142,52.387405],[4.542118,52.387392],[4.542097,52.387382],[4.542074,52.387368],[4.542055,52.387356],[4.542038,52.387343],[4.542021,52.387328],[4.542008,52.387315],[4.541994,52.3873],[4.541981,52.387283],[4.541971,52.387268],[4.541961,52.387251],[4.541951,52.38723],[4.541946,52.387215],[4.541943,52.387202],[4.541941,52.387187],[4.541941,52.387174],[4.541942,52.387161],[4.541944,52.387141],[4.541947,52.387126],[4.541951,52.387109],[4.541956,52.38709],[4.541973,52.387029]],[[4.541973,52.387029],[4.542475,52.38523],[4.542549,52.384962]],[[4.542549,52.384962],[4.542555,52.384937],[4.542559,52.384917],[4.542561,52.384898],[4.542562,52.384877],[4.542562,52.384856],[4.542559,52.384835],[4.542555,52.384814],[4.54255,52.384795],[4.542544,52.384775],[4.542538,52.384757],[4.542531,52.38474],[4.542523,52.384722],[4.542515,52.384706],[4.542503,52.384688],[4.542492,52.384672],[4.542481,52.384657],[4.542466,52.384641],[4.542451,52.384623],[4.542435,52.384608],[4.542418,52.384593],[4.542399,52.384577],[4.54238,52.384562],[4.542357,52.384546],[4.542335,52.384532],[4.54231,52.384516],[4.542286,52.384503],[4.542262,52.38449],[4.542236,52.384478],[4.542208,52.384466],[4.542181,52.384456],[4.542151,52.384445],[4.542116,52.384434],[4.542076,52.384423],[4.542037,52.384414],[4.541997,52.384406],[4.541962,52.3844],[4.541933,52.384396],[4.541903,52.384392],[4.541878,52.384389],[4.541848,52.384387],[4.541816,52.384385],[4.541782,52.384384],[4.541736,52.384383]],[[4.541736,52.384383],[4.540698,52.38437]],[[4.540698,52.38437],[4.540622,52.384371],[4.540561,52.384372],[4.540512,52.384374],[4.540459,52.384377],[4.540412,52.384381],[4.540363,52.384386],[4.540323,52.38439],[4.540283,52.384395],[4.540241,52.3844],[4.540211,52.384404],[4.540184,52.384408],[4.540153,52.384413],[4.540124,52.384419],[4.540093,52.384425],[4.540064,52.38443],[4.540031,52.384437],[4.54,52.384445],[4.539965,52.384453],[4.539936,52.38446],[4.539903,52.384469],[4.539871,52.384478],[4.53984,52.384487],[4.539807,52.384496],[4.539776,52.384507],[4.539737,52.384519],[4.539696,52.384533],[4.539657,52.384547],[4.539614,52.384564],[4.539571,52.384582],[4.539528,52.3846],[4.539482,52.384621],[4.539444,52.38464],[4.539394,52.384665],[4.539349,52.384689],[4.539313,52.38471],[4.539273,52.384734],[4.539224,52.384764],[4.539187,52.384789],[4.539157,52.384811],[4.539122,52.384839],[4.539093,52.384862],[4.539063,52.384888],[4.539035,52.384913],[4.539002,52.384946],[4.538976,52.384974],[4.53895,52.385006],[4.538917,52.385046],[4.538893,52.38508],[4.538865,52.385121],[4.538845,52.385154],[4.538821,52.385197],[4.538802,52.385233],[4.538788,52.385263],[4.538778,52.385286],[4.538767,52.385315],[4.538758,52.38534],[4.53875,52.38537],[4.538743,52.385395],[4.538738,52.385421],[4.538734,52.385444],[4.53873,52.385466],[4.538727,52.385493],[4.538725,52.385515],[4.538724,52.38554],[4.538725,52.385576],[4.538726,52.385608],[4.538729,52.38565],[4.538733,52.385677],[4.538739,52.385706],[4.538745,52.385732],[4.538751,52.38576],[4.53876,52.385796],[4.538769,52.385822],[4.538778,52.385844],[4.538787,52.385868],[4.538801,52.385899],[4.538814,52.385925],[4.538832,52.385957],[4.538851,52.385988],[4.538872,52.386021],[4.538892,52.386051]],[[4.538892,52.386051],[4.539033,52.38626],[4.539183,52.386481],[4.539515,52.386971],[4.540046,52.387762],[4.540876,52.388995],[4.541185,52.389453],[4.541431,52.389819],[4.542645,52.391624]]]}
