# Every completed race, and why it or a file of its category was refused.
1950-01	REFUSED	Commons holds no Category:1950 British Grand Prix
1950-04	REFUSED	Commons holds no Category:1950 Swiss Grand Prix
1950-05	REFUSED	Commons holds no Category:1950 Belgian Grand Prix
1950-06	REFUSED	Commons holds no Category:1950 French Grand Prix
1951-01	REFUSED	Commons holds no Category:1951 Swiss Grand Prix
1951-03	REFUSED	Commons holds no Category:1951 Belgian Grand Prix
1951-05	REFUSED	Commons holds no Category:1951 British Grand Prix
1951-06	REFUSED	Commons holds no Category:1951 German Grand Prix
1951-08	REFUSED	Commons holds no Category:1951 Spanish Grand Prix
1952-01	REFUSED	Commons holds no Category:1952 Swiss Grand Prix
1952-03	REFUSED	Category:1952 Belgian Grand Prix holds no JPEG that no other race's category holds, whose name carries no copyright mark and says it was not taken at the race
1952-04	REFUSED	Commons holds no Category:1952 French Grand Prix
1952-05	REFUSED	Commons holds no Category:1952 British Grand Prix
1953-01	REFUSED	Commons holds no Category:1953 Argentine Grand Prix
1953-04	REFUSED	Commons holds no Category:1953 Belgian Grand Prix
1953-05	REFUSED	Commons holds no Category:1953 French Grand Prix
1953-06	REFUSED	Commons holds no Category:1953 British Grand Prix
1953-07	REFUSED	Commons holds no Category:1953 German Grand Prix
1953-08	REFUSED	Commons holds no Category:1953 Swiss Grand Prix
1954-01	REFUSED	Commons holds no Category:1954 Argentine Grand Prix
1954-02	REFUSED	Category:1954 Indianapolis 500 holds no JPEG that no other race's category holds, whose name carries no copyright mark and says it was not taken at the race
1954-03	REFUSED	Commons holds no Category:1954 Belgian Grand Prix
1954-04	REFUSED	Commons holds no Category:1954 French Grand Prix
1954-05	REFUSED	Commons holds no Category:1954 British Grand Prix
1954-07	REFUSED	Commons holds no Category:1954 Swiss Grand Prix
1954-09	REFUSED	Commons holds no Category:1954 Spanish Grand Prix
1955-01	REFUSED	Commons holds no Category:1955 Argentine Grand Prix
1955-02	REFUSED	Commons holds no Category:1955 Monaco Grand Prix
1955-04	REFUSED	Commons holds no Category:1955 Belgian Grand Prix
1955-06	REFUSED	Commons holds no Category:1955 British Grand Prix
1955-07	REFUSED	Commons holds no Category:1955 Italian Grand Prix
1956-01	REFUSED	Commons holds no Category:1956 Argentine Grand Prix
1956-02	REFUSED	Commons holds no Category:1956 Monaco Grand Prix
1956-04	REFUSED	Commons holds no Category:1956 Belgian Grand Prix
1956-05	REFUSED	Commons holds no Category:1956 French Grand Prix
1956-06	REFUSED	Commons holds no Category:1956 British Grand Prix
1956-07	REFUSED	Commons holds no Category:1956 German Grand Prix
1956-08	REFUSED	Commons holds no Category:1956 Italian Grand Prix
1957-02	REFUSED	Commons holds no Category:1957 Monaco Grand Prix
1957-04	REFUSED	Commons holds no Category:1957 French Grand Prix
1957-08	REFUSED	Commons holds no Category:1957 Italian Grand Prix
1958-02	REFUSED	Commons holds no Category:1958 Monaco Grand Prix
1958-04	REFUSED	Category:1958 Indianapolis 500 holds no JPEG that no other race's category holds, whose name carries no copyright mark and says it was not taken at the race
1958-05	REFUSED	Commons holds no Category:1958 Belgian Grand Prix
1958-06	REFUSED	Commons holds no Category:1958 French Grand Prix
1958-07	REFUSED	Commons holds no Category:1958 British Grand Prix
1958-08	REFUSED	Commons holds no Category:1958 German Grand Prix
1958-09	REFUSED	Commons holds no Category:1958 Portuguese Grand Prix
1958-11	REFUSED	Commons holds no Category:1958 Moroccan Grand Prix
1959-01	REFUSED	Commons holds no Category:1959 Monaco Grand Prix
1959-04	REFUSED	Commons holds no Category:1959 French Grand Prix
1959-05	REFUSED	Commons holds no Category:1959 British Grand Prix
1959-06	REFUSED	Commons holds no Category:1959 German Grand Prix
1959-07	REFUSED	Commons holds no Category:1959 Portuguese Grand Prix
1959-08	REFUSED	Commons holds no Category:1959 Italian Grand Prix
1959-09	REFUSED	Commons holds no Category:1959 United States Grand Prix
1960-01	REFUSED	Commons holds no Category:1960 Argentine Grand Prix
1960-02	REFUSED	Commons holds no Category:1960 Monaco Grand Prix
1960-05	REFUSED	Commons holds no Category:1960 Belgian Grand Prix
1960-06	REFUSED	Commons holds no Category:1960 French Grand Prix
1960-07	REFUSED	Commons holds no Category:1960 British Grand Prix
1960-08	REFUSED	Commons holds no Category:1960 Portuguese Grand Prix
1960-10	REFUSED	Commons holds no Category:1960 United States Grand Prix
1961-01	REFUSED	Commons holds no Category:1961 Monaco Grand Prix
1961-03	REFUSED	Commons holds no Category:1961 Belgian Grand Prix
1961-04	REFUSED	Commons holds no Category:1961 French Grand Prix
1961-05	REFUSED	Commons holds no Category:1961 British Grand Prix
1961-07	REFUSED	Commons holds no Category:1961 Italian Grand Prix
1961-08	REFUSED	Commons holds no Category:1961 United States Grand Prix
1962-02	REFUSED	Commons holds no Category:1962 Monaco Grand Prix
1962-03	REFUSED	Commons holds no Category:1962 Belgian Grand Prix
1962-04	REFUSED	Commons holds no Category:1962 French Grand Prix
1962-05	REFUSED	Commons holds no Category:1962 British Grand Prix
1962-06	REFUSED	File:1962-08-05 Graham Hill, BRM - Hatzenbach (sw).jpg requires attribution and names no author
1962-08	REFUSED	Commons holds no Category:1962 United States Grand Prix
1962-09	REFUSED	Commons holds no Category:1962 South African Grand Prix
1963-01	REFUSED	Commons holds no Category:1963 Monaco Grand Prix
1963-02	REFUSED	Commons holds no Category:1963 Belgian Grand Prix
1963-04	REFUSED	Commons holds no Category:1963 French Grand Prix
1963-05	REFUSED	Commons holds no Category:1963 British Grand Prix
1963-06	REFUSED	Commons holds no Category:1963 German Grand Prix
1963-07	REFUSED	Commons holds no Category:1963 Italian Grand Prix
1963-08	REFUSED	Commons holds no Category:1963 United States Grand Prix
1963-09	REFUSED	Commons holds no Category:1963 Mexican Grand Prix
1963-10	REFUSED	Commons holds no Category:1963 South African Grand Prix
1964-01	REFUSED	Commons holds no Category:1964 Monaco Grand Prix
1964-03	REFUSED	Commons holds no Category:1964 Belgian Grand Prix
1964-04	REFUSED	Commons holds no Category:1964 French Grand Prix
1964-05	REFUSED	Category:1964 British Grand Prix: no file passed the licence and attribution checks
1964-05	REFUSED	File:John Surtees.JPG names nobody to credit
1964-07	REFUSED	Commons holds no Category:1964 Austrian Grand Prix
1964-08	REFUSED	Commons holds no Category:1964 Italian Grand Prix
1964-09	REFUSED	Commons holds no Category:1964 United States Grand Prix
1964-10	REFUSED	Commons holds no Category:1964 Mexican Grand Prix
1965-01	REFUSED	Commons holds no Category:1965 South African Grand Prix
1965-02	REFUSED	Commons holds no Category:1965 Monaco Grand Prix
1965-03	REFUSED	Commons holds no Category:1965 Belgian Grand Prix
1965-04	REFUSED	Commons holds no Category:1965 French Grand Prix
1965-05	REFUSED	Commons holds no Category:1965 British Grand Prix
1965-07	REFUSED	File:1965-08-01 Rindt, Jochen - Cooper Climax.jpg requires attribution and names no author
1965-09	REFUSED	Commons holds no Category:1965 United States Grand Prix
1965-10	REFUSED	Category:1965 Mexican Grand Prix holds no JPEG that no other race's category holds, whose name carries no copyright mark and says it was not taken at the race
1966-02	REFUSED	Commons holds no Category:1966 Belgian Grand Prix
1966-03	REFUSED	Commons holds no Category:1966 French Grand Prix
1966-04	REFUSED	Commons holds no Category:1966 British Grand Prix
1966-06	REFUSED	File:ClarkJim(blauesHemd)1966Aug v2.jpg requires attribution and names no author
1966-06	REFUSED	File:Hulme, Denis 1966 (Sp).jpg requires attribution and names no author
1966-06	REFUSED	File:Jim Clark.jpg requires attribution and names no author
1966-06	REFUSED	File:Lotus vonJClark, 2-l-Climax 196608.jpg requires attribution and names no author
1966-08	REFUSED	Commons holds no Category:1966 United States Grand Prix
1966-09	REFUSED	Commons holds no Category:1966 Mexican Grand Prix
1967-01	REFUSED	Commons holds no Category:1967 South African Grand Prix
1967-02	REFUSED	Commons holds no Category:1967 Monaco Grand Prix
1967-04	REFUSED	Commons holds no Category:1967 Belgian Grand Prix
1967-05	REFUSED	Commons holds no Category:1967 French Grand Prix
1967-06	REFUSED	Commons holds no Category:1967 British Grand Prix
1967-08	REFUSED	Commons holds no Category:1967 Canadian Grand Prix
1967-09	REFUSED	Commons holds no Category:1967 Italian Grand Prix
1967-11	REFUSED	Commons holds no Category:1967 Mexican Grand Prix
1968-01	REFUSED	Commons holds no Category:1968 South African Grand Prix
1968-02	REFUSED	Commons holds no Category:1968 Spanish Grand Prix
1968-03	REFUSED	Commons holds no Category:1968 Monaco Grand Prix
1968-04	REFUSED	Commons holds no Category:1968 Belgian Grand Prix
1968-06	REFUSED	Commons holds no Category:1968 French Grand Prix
1968-07	REFUSED	Commons holds no Category:1968 British Grand Prix
1968-08	REFUSED	File:Hahne, Hubert - 1968.jpg requires attribution and names no author
1968-08	REFUSED	File:MitterGerhard1968.jpg requires attribution and names no author
1968-08	REFUSED	File:Rindt, Jochen 1968.jpg requires attribution and names no author
1968-09	REFUSED	Commons holds no Category:1968 Italian Grand Prix
1968-10	REFUSED	Commons holds no Category:1968 Canadian Grand Prix
1968-12	REFUSED	Commons holds no Category:1968 Mexican Grand Prix
1969-01	REFUSED	Commons holds no Category:1969 South African Grand Prix
1969-02	REFUSED	Commons holds no Category:1969 Spanish Grand Prix
1969-03	REFUSED	Commons holds no Category:1969 Monaco Grand Prix
1969-06	REFUSED	File:1969 British Grand Prix P Courage Brabham BT26.jpg requires attribution and names no author
1969-07	REFUSED	File:AndrettiMario19690801Lotus63-Allrad-2.jpg requires attribution and names no author
1969-07	REFUSED	File:AndrettiMario19690801Lotus63-Allrad-3.jpg requires attribution and names no author
1969-07	REFUSED	File:AndrettiMario19690801Lotus63-Allrad-4.jpg requires attribution and names no author
1969-08	REFUSED	Commons holds no Category:1969 Italian Grand Prix
1969-09	REFUSED	Commons holds no Category:1969 Canadian Grand Prix
1969-10	REFUSED	Commons holds no Category:1969 United States Grand Prix
1969-11	REFUSED	Commons holds no Category:1969 Mexican Grand Prix
1970-01	REFUSED	Commons holds no Category:1970 South African Grand Prix
1970-02	REFUSED	Commons holds no Category:1970 Spanish Grand Prix
1970-03	REFUSED	Commons holds no Category:1970 Monaco Grand Prix
1970-04	REFUSED	Commons holds no Category:1970 Belgian Grand Prix
1970-06	REFUSED	Commons holds no Category:1970 French Grand Prix
1970-07	REFUSED	Commons holds no Category:1970 British Grand Prix
1970-08	REFUSED	Commons holds no Category:1970 German Grand Prix
1970-09	REFUSED	Commons holds no Category:1970 Austrian Grand Prix
1970-11	REFUSED	Commons holds no Category:1970 Canadian Grand Prix
1970-12	REFUSED	Commons holds no Category:1970 United States Grand Prix
1970-13	REFUSED	Commons holds no Category:1970 Mexican Grand Prix
1971-01	REFUSED	Commons holds no Category:1971 South African Grand Prix
1971-02	REFUSED	Commons holds no Category:1971 Spanish Grand Prix
1971-06	REFUSED	Commons holds no Category:1971 British Grand Prix
1971-08	REFUSED	Commons holds no Category:1971 Austrian Grand Prix
1971-10	REFUSED	Commons holds no Category:1971 Canadian Grand Prix
1972-02	REFUSED	Commons holds no Category:1972 South African Grand Prix
1972-03	REFUSED	Commons holds no Category:1972 Spanish Grand Prix
1972-04	REFUSED	Commons holds no Category:1972 Monaco Grand Prix
1972-05	REFUSED	Commons holds no Category:1972 Belgian Grand Prix
1972-08	REFUSED	Commons holds no Category:1972 German Grand Prix
1972-11	REFUSED	Commons holds no Category:1972 Canadian Grand Prix
1973-02	REFUSED	Category:1973 Brazilian Grand Prix holds no JPEG that no other race's category holds, whose name carries no copyright mark and says it was not taken at the race
1973-03	REFUSED	Commons holds no Category:1973 South African Grand Prix
1973-04	REFUSED	Commons holds no Category:1973 Spanish Grand Prix
1973-05	REFUSED	Commons holds no Category:1973 Belgian Grand Prix
1973-06	REFUSED	Commons holds no Category:1973 Monaco Grand Prix
1973-07	REFUSED	Category:1973 Swedish Grand Prix holds no JPEG that no other race's category holds, whose name carries no copyright mark and says it was not taken at the race
1973-08	REFUSED	Commons holds no Category:1973 French Grand Prix
1973-09	REFUSED	Commons holds no Category:1973 British Grand Prix
1973-12	REFUSED	Commons holds no Category:1973 Austrian Grand Prix
1973-14	REFUSED	Commons holds no Category:1973 Canadian Grand Prix
1973-15	REFUSED	Category:1973 United States Grand Prix holds no JPEG that no other race's category holds, whose name carries no copyright mark and says it was not taken at the race
1974-02	REFUSED	Commons holds no Category:1974 Brazilian Grand Prix
1974-03	REFUSED	Commons holds no Category:1974 South African Grand Prix
1974-04	REFUSED	Commons holds no Category:1974 Spanish Grand Prix
1974-05	REFUSED	Commons holds no Category:1974 Belgian Grand Prix
1974-06	REFUSED	Commons holds no Category:1974 Monaco Grand Prix
1974-07	REFUSED	Commons holds no Category:1974 Swedish Grand Prix
1974-09	REFUSED	Commons holds no Category:1974 French Grand Prix
1974-11	REFUSED	Commons holds no Category:1974 German Grand Prix
1974-12	REFUSED	Commons holds no Category:1974 Austrian Grand Prix
1974-14	REFUSED	Commons holds no Category:1974 Canadian Grand Prix
1975-02	REFUSED	Commons holds no Category:1975 Brazilian Grand Prix
1975-03	REFUSED	Commons holds no Category:1975 South African Grand Prix
1975-04	REFUSED	Category:1975 Spanish Grand Prix holds no JPEG that no other race's category holds, whose name carries no copyright mark and says it was not taken at the race
1975-06	REFUSED	Commons holds no Category:1975 Belgian Grand Prix
1975-07	REFUSED	Category:1975 Swedish Grand Prix holds no JPEG that no other race's category holds, whose name carries no copyright mark and says it was not taken at the race
1975-09	REFUSED	Commons holds no Category:1975 French Grand Prix
1975-11	REFUSED	Commons holds no Category:1975 German Grand Prix
1976-01	REFUSED	Commons holds no Category:1976 Brazilian Grand Prix
1976-02	REFUSED	Commons holds no Category:1976 South African Grand Prix
1976-04	REFUSED	Commons holds no Category:1976 Spanish Grand Prix
1976-05	REFUSED	Commons holds no Category:1976 Belgian Grand Prix
1976-07	REFUSED	Commons holds no Category:1976 Swedish Grand Prix
1976-08	REFUSED	Commons holds no Category:1976 French Grand Prix
1976-11	REFUSED	Commons holds no Category:1976 Austrian Grand Prix
1976-14	REFUSED	Commons holds no Category:1976 Canadian Grand Prix
1976-15	REFUSED	Commons holds no Category:1976 United States Grand Prix
1976-16	REFUSED	Commons holds no Category:1976 Japanese Grand Prix
1977-03	REFUSED	Commons holds no Category:1977 South African Grand Prix
1977-04	REFUSED	Commons holds no Category:1977 United States Grand Prix West
1977-05	REFUSED	Commons holds no Category:1977 Spanish Grand Prix
1977-07	REFUSED	Category:1977 Belgian Grand Prix holds no JPEG that no other race's category holds, whose name carries no copyright mark and says it was not taken at the race
1977-08	REFUSED	Commons holds no Category:1977 Swedish Grand Prix
1977-10	REFUSED	Category:1977 British Grand Prix holds no JPEG that no other race's category holds, whose name carries no copyright mark and says it was not taken at the race
1977-11	REFUSED	Commons holds no Category:1977 German Grand Prix
1977-12	REFUSED	Category:1977 Austrian Grand Prix holds no JPEG that no other race's category holds, whose name carries no copyright mark and says it was not taken at the race
1977-15	REFUSED	Commons holds no Category:1977 United States Grand Prix
1977-16	REFUSED	Commons holds no Category:1977 Canadian Grand Prix
1977-17	REFUSED	Commons holds no Category:1977 Japanese Grand Prix
1978-02	REFUSED	Commons holds no Category:1978 Brazilian Grand Prix
1978-03	REFUSED	Commons holds no Category:1978 South African Grand Prix
1978-04	REFUSED	Commons holds no Category:1978 United States Grand Prix West
1978-06	REFUSED	Commons holds no Category:1978 Belgian Grand Prix
1978-07	REFUSED	Commons holds no Category:1978 Spanish Grand Prix
1978-08	REFUSED	Commons holds no Category:1978 Swedish Grand Prix
1978-09	REFUSED	Commons holds no Category:1978 French Grand Prix
1978-11	REFUSED	Commons holds no Category:1978 German Grand Prix
1978-12	REFUSED	Commons holds no Category:1978 Austrian Grand Prix
1978-16	REFUSED	Category:1978 Canadian Grand Prix holds no JPEG that no other race's category holds, whose name carries no copyright mark and says it was not taken at the race
1979-02	REFUSED	Commons holds no Category:1979 Brazilian Grand Prix
1979-04	REFUSED	Commons holds no Category:1979 United States Grand Prix West
1979-05	REFUSED	Commons holds no Category:1979 Spanish Grand Prix
1979-07	REFUSED	File:Cosworth DFV.jpg requires attribution and names no author
1979-08	REFUSED	Commons holds no Category:1979 French Grand Prix
1979-10	REFUSED	Commons holds no Category:1979 German Grand Prix
1979-11	REFUSED	Commons holds no Category:1979 Austrian Grand Prix
1979-13	REFUSED	Commons holds no Category:1979 Italian Grand Prix
1979-14	REFUSED	Commons holds no Category:1979 Canadian Grand Prix
1979-15	REFUSED	Commons holds no Category:1979 United States Grand Prix
1980-02	REFUSED	Commons holds no Category:1980 Brazilian Grand Prix
1980-03	REFUSED	Commons holds no Category:1980 South African Grand Prix
1980-04	REFUSED	Commons holds no Category:1980 United States Grand Prix West
1980-07	REFUSED	Commons holds no Category:1980 French Grand Prix
1980-08	REFUSED	Commons holds no Category:1980 British Grand Prix
1980-09	REFUSED	Commons holds no Category:1980 German Grand Prix
1980-10	REFUSED	Commons holds no Category:1980 Austrian Grand Prix
1980-13	REFUSED	Commons holds no Category:1980 Canadian Grand Prix
1980-14	REFUSED	Commons holds no Category:1980 United States Grand Prix
1981-01	REFUSED	Commons holds no Category:1981 United States Grand Prix West
1981-02	REFUSED	Commons holds no Category:1981 Brazilian Grand Prix
1981-04	REFUSED	Commons holds no Category:1981 San Marino Grand Prix
1981-05	REFUSED	Commons holds no Category:1981 Belgian Grand Prix
1981-07	REFUSED	Commons holds no Category:1981 Spanish Grand Prix
1981-08	REFUSED	Commons holds no Category:1981 French Grand Prix
1981-10	REFUSED	Commons holds no Category:1981 German Grand Prix
1981-11	REFUSED	Commons holds no Category:1981 Austrian Grand Prix
1981-13	REFUSED	Commons holds no Category:1981 Italian Grand Prix
1981-14	REFUSED	Commons holds no Category:1981 Canadian Grand Prix
1981-15	REFUSED	Commons holds no Category:1981 Caesars Palace Grand Prix
1982-02	REFUSED	Commons holds no Category:1982 Brazilian Grand Prix
1982-03	REFUSED	Commons holds no Category:1982 United States Grand Prix West
1982-04	REFUSED	Commons holds no Category:1982 San Marino Grand Prix
1982-05	REFUSED	Category:1982 Belgian Grand Prix holds no JPEG that no other race's category holds, whose name carries no copyright mark and says it was not taken at the race
1982-06	REFUSED	Commons holds no Category:1982 Monaco Grand Prix
1982-07	REFUSED	Commons holds no Category:1982 Detroit Grand Prix
1982-08	REFUSED	Commons holds no Category:1982 Canadian Grand Prix
1982-11	REFUSED	Commons holds no Category:1982 French Grand Prix
1982-12	REFUSED	Commons holds no Category:1982 German Grand Prix
1982-13	REFUSED	Commons holds no Category:1982 Austrian Grand Prix
1982-14	REFUSED	Commons holds no Category:1982 Swiss Grand Prix
1982-15	REFUSED	Commons holds no Category:1982 Italian Grand Prix
1982-16	REFUSED	Commons holds no Category:1982 Caesars Palace Grand Prix
1983-01	REFUSED	Commons holds no Category:1983 Brazilian Grand Prix
1983-02	REFUSED	Commons holds no Category:1983 United States Grand Prix West
1983-03	REFUSED	Commons holds no Category:1983 French Grand Prix
1983-04	REFUSED	Commons holds no Category:1983 San Marino Grand Prix
1983-05	REFUSED	Commons holds no Category:1983 Monaco Grand Prix
1983-06	REFUSED	Commons holds no Category:1983 Belgian Grand Prix
1983-08	REFUSED	Commons holds no Category:1983 Canadian Grand Prix
1983-10	REFUSED	Commons holds no Category:1983 German Grand Prix
1983-11	REFUSED	Commons holds no Category:1983 Austrian Grand Prix
1983-14	REFUSED	Commons holds no Category:1983 European Grand Prix
1983-15	REFUSED	Commons holds no Category:1983 South African Grand Prix
1984-01	REFUSED	Commons holds no Category:1984 Brazilian Grand Prix
1984-02	REFUSED	Commons holds no Category:1984 South African Grand Prix
1984-04	REFUSED	Commons holds no Category:1984 San Marino Grand Prix
1984-05	REFUSED	Category:1984 French Grand Prix holds no JPEG that no other race's category holds, whose name carries no copyright mark and says it was not taken at the race
1984-06	REFUSED	Commons holds no Category:1984 Monaco Grand Prix
1984-07	REFUSED	Commons holds no Category:1984 Canadian Grand Prix
1984-11	REFUSED	Commons holds no Category:1984 German Grand Prix
1984-12	REFUSED	Commons holds no Category:1984 Austrian Grand Prix
1984-14	REFUSED	Commons holds no Category:1984 Italian Grand Prix
1984-15	REFUSED	Commons holds no Category:1984 European Grand Prix
1984-16	REFUSED	Commons holds no Category:1984 Portuguese Grand Prix
1985-01	REFUSED	Commons holds no Category:1985 Brazilian Grand Prix
1985-02	REFUSED	Commons holds no Category:1985 Portuguese Grand Prix
1985-03	REFUSED	Commons holds no Category:1985 San Marino Grand Prix
1985-04	REFUSED	Commons holds no Category:1985 Monaco Grand Prix
1985-05	REFUSED	Commons holds no Category:1985 Canadian Grand Prix
1985-06	REFUSED	Commons holds no Category:1985 Detroit Grand Prix
1985-07	REFUSED	Commons holds no Category:1985 French Grand Prix
1985-09	REFUSED	File:Alboreto 1985-08-02.jpg requires attribution and names no author
1985-09	REFUSED	File:Bellof, Stefan am 1985-08-02.jpg requires attribution and names no author
1985-09	REFUSED	File:Piquet - Brabham-BMW BT 54 1985-08-02.jpg requires attribution and names no author
1985-10	REFUSED	Commons holds no Category:1985 Austrian Grand Prix
1985-12	REFUSED	Commons holds no Category:1985 Italian Grand Prix
1985-13	REFUSED	Commons holds no Category:1985 Belgian Grand Prix
1985-15	REFUSED	Commons holds no Category:1985 South African Grand Prix
1985-16	REFUSED	Category:1985 Australian Grand Prix is not filed as 1985 Formula One (1985 events in Australia; 1985 in auto racing; Australian Grand Prix)
1986-01	REFUSED	Commons holds no Category:1986 Brazilian Grand Prix
1986-02	REFUSED	Commons holds no Category:1986 Spanish Grand Prix
1986-03	REFUSED	Commons holds no Category:1986 San Marino Grand Prix
1986-04	REFUSED	Commons holds no Category:1986 Monaco Grand Prix
1986-05	REFUSED	Commons holds no Category:1986 Belgian Grand Prix
1986-06	REFUSED	Commons holds no Category:1986 Canadian Grand Prix
1986-08	REFUSED	Commons holds no Category:1986 French Grand Prix
1986-10	REFUSED	Commons holds no Category:1986 German Grand Prix
1986-11	REFUSED	Category:1986 Hungarian Grand Prix holds no JPEG that no other race's category holds, whose name carries no copyright mark and says it was not taken at the race
1986-12	REFUSED	Commons holds no Category:1986 Austrian Grand Prix
1986-14	REFUSED	Commons holds no Category:1986 Portuguese Grand Prix
1986-15	REFUSED	Commons holds no Category:1986 Mexican Grand Prix
1986-16	REFUSED	Commons holds no Category:1986 Australian Grand Prix
1987-01	REFUSED	Commons holds no Category:1987 Brazilian Grand Prix
1987-02	REFUSED	Commons holds no Category:1987 San Marino Grand Prix
1987-03	REFUSED	Commons holds no Category:1987 Belgian Grand Prix
1987-04	REFUSED	Commons holds no Category:1987 Monaco Grand Prix
1987-05	REFUSED	Commons holds no Category:1987 Detroit Grand Prix
1987-06	REFUSED	Commons holds no Category:1987 French Grand Prix
1987-07	REFUSED	Commons holds no Category:1987 British Grand Prix
1987-08	REFUSED	Category:1987 German Grand Prix holds no JPEG that no other race's category holds, whose name carries no copyright mark and says it was not taken at the race
1987-09	REFUSED	Commons holds no Category:1987 Hungarian Grand Prix
1987-10	REFUSED	Commons holds no Category:1987 Austrian Grand Prix
1987-12	REFUSED	Commons holds no Category:1987 Portuguese Grand Prix
1987-13	REFUSED	Commons holds no Category:1987 Spanish Grand Prix
1987-14	REFUSED	Commons holds no Category:1987 Mexican Grand Prix
1987-15	REFUSED	Commons holds no Category:1987 Japanese Grand Prix
1987-16	REFUSED	Commons holds no Category:1987 Australian Grand Prix
1988-01	REFUSED	Commons holds no Category:1988 Brazilian Grand Prix
1988-03	REFUSED	Commons holds no Category:1988 Monaco Grand Prix
1988-04	REFUSED	Commons holds no Category:1988 Mexican Grand Prix
1988-06	REFUSED	Commons holds no Category:1988 Detroit Grand Prix
1988-07	REFUSED	Commons holds no Category:1988 French Grand Prix
1988-08	REFUSED	Commons holds no Category:1988 British Grand Prix
1988-10	REFUSED	Category:1988 Hungarian Grand Prix holds no JPEG that no other race's category holds, whose name carries no copyright mark and says it was not taken at the race
1988-11	REFUSED	Commons holds no Category:1988 Belgian Grand Prix
1988-12	REFUSED	Commons holds no Category:1988 Italian Grand Prix
1988-13	REFUSED	Commons holds no Category:1988 Portuguese Grand Prix
1988-14	REFUSED	Commons holds no Category:1988 Spanish Grand Prix
1988-15	REFUSED	Category:1988 Japanese Grand Prix holds no JPEG that no other race's category holds, whose name carries no copyright mark and says it was not taken at the race
1988-16	REFUSED	Commons holds no Category:1988 Australian Grand Prix
1989-01	REFUSED	Commons holds no Category:1989 Brazilian Grand Prix
1989-03	REFUSED	Commons holds no Category:1989 Monaco Grand Prix
1989-04	REFUSED	Commons holds no Category:1989 Mexican Grand Prix
1989-05	REFUSED	Commons holds no Category:1989 United States Grand Prix
1989-06	REFUSED	Commons holds no Category:1989 Canadian Grand Prix
1989-07	REFUSED	Commons holds no Category:1989 French Grand Prix
1989-08	REFUSED	Commons holds no Category:1989 British Grand Prix
1989-09	REFUSED	Commons holds no Category:1989 German Grand Prix
1989-10	REFUSED	Commons holds no Category:1989 Hungarian Grand Prix
1989-12	REFUSED	Commons holds no Category:1989 Italian Grand Prix
1989-13	REFUSED	Commons holds no Category:1989 Portuguese Grand Prix
1989-14	REFUSED	Commons holds no Category:1989 Spanish Grand Prix
1989-15	REFUSED	Commons holds no Category:1989 Japanese Grand Prix
1989-16	REFUSED	Commons holds no Category:1989 Australian Grand Prix
1990-01	REFUSED	File:Phoenix track.jpg names nobody to credit
1990-02	REFUSED	Commons holds no Category:1990 Brazilian Grand Prix
1990-03	REFUSED	Commons holds no Category:1990 San Marino Grand Prix
1990-04	REFUSED	Commons holds no Category:1990 Monaco Grand Prix
1990-06	REFUSED	Commons holds no Category:1990 Mexican Grand Prix
1990-07	REFUSED	Commons holds no Category:1990 French Grand Prix
1990-09	REFUSED	Commons holds no Category:1990 German Grand Prix
1990-10	REFUSED	Commons holds no Category:1990 Hungarian Grand Prix
1990-11	REFUSED	Commons holds no Category:1990 Belgian Grand Prix
1990-12	REFUSED	Commons holds no Category:1990 Italian Grand Prix
1990-13	REFUSED	Commons holds no Category:1990 Portuguese Grand Prix
1990-15	REFUSED	Commons holds no Category:1990 Japanese Grand Prix
1990-16	REFUSED	Commons holds no Category:1990 Australian Grand Prix
1991-02	REFUSED	Category:1991 Brazilian Grand Prix holds no JPEG that no other race's category holds, whose name carries no copyright mark and says it was not taken at the race
1991-03	REFUSED	Commons holds no Category:1991 San Marino Grand Prix
1991-05	REFUSED	Commons holds no Category:1991 Canadian Grand Prix
1991-06	REFUSED	Commons holds no Category:1991 Mexican Grand Prix
1991-07	REFUSED	Category:1991 French Grand Prix holds no JPEG that no other race's category holds, whose name carries no copyright mark and says it was not taken at the race
1991-09	REFUSED	Commons holds no Category:1991 German Grand Prix
1991-10	REFUSED	Commons holds no Category:1991 Hungarian Grand Prix
1991-12	REFUSED	Commons holds no Category:1991 Italian Grand Prix
1991-13	REFUSED	Commons holds no Category:1991 Portuguese Grand Prix
1991-14	REFUSED	Commons holds no Category:1991 Spanish Grand Prix
1991-15	REFUSED	Commons holds no Category:1991 Japanese Grand Prix
1991-16	REFUSED	Commons holds no Category:1991 Australian Grand Prix
1992-01	REFUSED	Commons holds no Category:1992 South African Grand Prix
1992-02	REFUSED	Commons holds no Category:1992 Mexican Grand Prix
1992-03	REFUSED	Commons holds no Category:1992 Brazilian Grand Prix
1992-04	REFUSED	Commons holds no Category:1992 Spanish Grand Prix
1992-05	REFUSED	Commons holds no Category:1992 San Marino Grand Prix
1992-07	REFUSED	Commons holds no Category:1992 Canadian Grand Prix
1992-08	REFUSED	Commons holds no Category:1992 French Grand Prix
1992-11	REFUSED	Commons holds no Category:1992 Hungarian Grand Prix
1992-12	REFUSED	Commons holds no Category:1992 Belgian Grand Prix
1992-13	REFUSED	Commons holds no Category:1992 Italian Grand Prix
1992-14	REFUSED	Commons holds no Category:1992 Portuguese Grand Prix
1992-15	REFUSED	Commons holds no Category:1992 Japanese Grand Prix
1992-16	REFUSED	Commons holds no Category:1992 Australian Grand Prix
1993-01	REFUSED	Commons holds no Category:1993 South African Grand Prix
1993-02	REFUSED	Commons holds no Category:1993 Brazilian Grand Prix
1993-04	REFUSED	Commons holds no Category:1993 San Marino Grand Prix
1993-05	REFUSED	Commons holds no Category:1993 Spanish Grand Prix
1993-07	REFUSED	Commons holds no Category:1993 Canadian Grand Prix
1993-08	REFUSED	Commons holds no Category:1993 French Grand Prix
1993-11	REFUSED	Commons holds no Category:1993 Hungarian Grand Prix
1993-12	REFUSED	Commons holds no Category:1993 Belgian Grand Prix
1993-13	REFUSED	Commons holds no Category:1993 Italian Grand Prix
1993-14	REFUSED	Commons holds no Category:1993 Portuguese Grand Prix
1993-15	REFUSED	Commons holds no Category:1993 Japanese Grand Prix
1993-16	REFUSED	Category:1993 Australian Grand Prix is not filed as 1993 Formula One (1993-11-07; 1993 events in South Australia; 1993 in auto racing; Adelaide Street Circuit; Australian Grand Prix; November 1993 events; November 1993 in Adelaide)
1994-01	REFUSED	Commons holds no Category:1994 Brazilian Grand Prix
1994-02	REFUSED	Commons holds no Category:1994 Pacific Grand Prix
1994-04	REFUSED	Category:1994 Monaco Grand Prix is not filed as 1994 Formula One (1995 Formula One races; 1995 events in Monaco; 1995 in sports in Monaco; May 1994 in Monaco; Monaco Grand Prix)
1994-05	REFUSED	Commons holds no Category:1994 Spanish Grand Prix
1994-06	REFUSED	Commons holds no Category:1994 Canadian Grand Prix
1994-07	REFUSED	Commons holds no Category:1994 French Grand Prix
1994-10	REFUSED	Commons holds no Category:1994 Hungarian Grand Prix
1994-12	REFUSED	Commons holds no Category:1994 Italian Grand Prix
1994-13	REFUSED	Commons holds no Category:1994 Portuguese Grand Prix
1994-14	REFUSED	Commons holds no Category:1994 European Grand Prix
1994-15	REFUSED	Commons holds no Category:1994 Japanese Grand Prix
1994-16	REFUSED	Commons holds no Category:1994 Australian Grand Prix
1995-01	REFUSED	Commons holds no Category:1995 Brazilian Grand Prix
1995-02	REFUSED	Commons holds no Category:1995 Argentine Grand Prix
1995-03	REFUSED	Commons holds no Category:1995 San Marino Grand Prix
1995-04	REFUSED	Commons holds no Category:1995 Spanish Grand Prix
1995-10	REFUSED	Commons holds no Category:1995 Hungarian Grand Prix
1995-11	REFUSED	Commons holds no Category:1995 Belgian Grand Prix
1995-13	REFUSED	Commons holds no Category:1995 Portuguese Grand Prix
1995-14	REFUSED	Commons holds no Category:1995 European Grand Prix
1995-15	REFUSED	Commons holds no Category:1995 Pacific Grand Prix
1995-16	REFUSED	Commons holds no Category:1995 Japanese Grand Prix
1996-01	REFUSED	Commons holds no Category:1996 Australian Grand Prix
1996-02	REFUSED	Commons holds no Category:1996 Brazilian Grand Prix
1996-03	REFUSED	Commons holds no Category:1996 Argentine Grand Prix
1996-04	REFUSED	Commons holds no Category:1996 European Grand Prix
1996-07	REFUSED	Commons holds no Category:1996 Spanish Grand Prix
1996-09	REFUSED	Commons holds no Category:1996 French Grand Prix
1996-10	REFUSED	Commons holds no Category:1996 British Grand Prix
1996-12	REFUSED	Commons holds no Category:1996 Hungarian Grand Prix
1996-13	REFUSED	Commons holds no Category:1996 Belgian Grand Prix
1996-16	REFUSED	Commons holds no Category:1996 Japanese Grand Prix
1997-02	REFUSED	Commons holds no Category:1997 Brazilian Grand Prix
1997-03	REFUSED	Commons holds no Category:1997 Argentine Grand Prix
1997-04	REFUSED	Commons holds no Category:1997 San Marino Grand Prix
1997-05	REFUSED	Category:1997 Monaco Grand Prix holds no JPEG that no other race's category holds, whose name carries no copyright mark and says it was not taken at the race
1997-06	REFUSED	Commons holds no Category:1997 Spanish Grand Prix
1997-08	REFUSED	Commons holds no Category:1997 French Grand Prix
1997-12	REFUSED	Commons holds no Category:1997 Belgian Grand Prix
1997-14	REFUSED	Commons holds no Category:1997 Austrian Grand Prix
1997-15	REFUSED	Commons holds no Category:1997 Luxembourg Grand Prix
1997-16	REFUSED	Commons holds no Category:1997 Japanese Grand Prix
1997-17	REFUSED	Commons holds no Category:1997 European Grand Prix
1998-01	REFUSED	Commons holds no Category:1998 Australian Grand Prix
1998-02	REFUSED	Commons holds no Category:1998 Brazilian Grand Prix
1998-03	REFUSED	Commons holds no Category:1998 Argentine Grand Prix
1998-04	REFUSED	Commons holds no Category:1998 San Marino Grand Prix
1998-06	REFUSED	Commons holds no Category:1998 Monaco Grand Prix
1998-07	REFUSED	File:1998 Canadian Grand Prix Coulthard.jpg requires attribution and names no author
1998-08	REFUSED	Commons holds no Category:1998 French Grand Prix
1998-10	REFUSED	Commons holds no Category:1998 Austrian Grand Prix
1998-11	REFUSED	Commons holds no Category:1998 German Grand Prix
1998-12	REFUSED	Commons holds no Category:1998 Hungarian Grand Prix
1998-13	REFUSED	Commons holds no Category:1998 Belgian Grand Prix
1998-15	REFUSED	Commons holds no Category:1998 Luxembourg Grand Prix
1998-16	REFUSED	Commons holds no Category:1998 Japanese Grand Prix
1999-02	REFUSED	Commons holds no Category:1999 Brazilian Grand Prix
1999-03	REFUSED	Commons holds no Category:1999 San Marino Grand Prix
1999-04	REFUSED	Commons holds no Category:1999 Monaco Grand Prix
1999-05	REFUSED	Commons holds no Category:1999 Spanish Grand Prix
1999-07	REFUSED	Commons holds no Category:1999 French Grand Prix
1999-09	REFUSED	Commons holds no Category:1999 Austrian Grand Prix
1999-10	REFUSED	Category:1999 German Grand Prix holds no JPEG that no other race's category holds, whose name carries no copyright mark and says it was not taken at the race
1999-11	REFUSED	Commons holds no Category:1999 Hungarian Grand Prix
1999-12	REFUSED	Commons holds no Category:1999 Belgian Grand Prix
1999-13	REFUSED	Commons holds no Category:1999 Italian Grand Prix
1999-14	REFUSED	Commons holds no Category:1999 European Grand Prix
1999-15	REFUSED	Category:1999 Malaysian Grand Prix holds no JPEG that no other race's category holds, whose name carries no copyright mark and says it was not taken at the race
1999-16	REFUSED	Commons holds no Category:1999 Japanese Grand Prix
2000-02	REFUSED	Commons holds no Category:2000 Brazilian Grand Prix
2000-03	REFUSED	Commons holds no Category:2000 San Marino Grand Prix
2000-04	REFUSED	Commons holds no Category:2000 British Grand Prix
2000-05	REFUSED	Commons holds no Category:2000 Spanish Grand Prix
2000-06	REFUSED	Commons holds no Category:2000 European Grand Prix
2000-10	REFUSED	Commons holds no Category:2000 Austrian Grand Prix
2000-11	REFUSED	Commons holds no Category:2000 German Grand Prix
2000-12	REFUSED	Commons holds no Category:2000 Hungarian Grand Prix
2000-16	REFUSED	Category:2000 Japanese Grand Prix holds no JPEG that no other race's category holds, whose name carries no copyright mark and says it was not taken at the race
2000-17	REFUSED	Commons holds no Category:2000 Malaysian Grand Prix
2001-01	REFUSED	Commons holds no Category:2001 Australian Grand Prix
2001-02	REFUSED	Commons holds no Category:2001 Malaysian Grand Prix
2001-03	REFUSED	Commons holds no Category:2001 Brazilian Grand Prix
2001-04	REFUSED	Commons holds no Category:2001 San Marino Grand Prix
2001-06	REFUSED	Commons holds no Category:2001 Austrian Grand Prix
2001-07	REFUSED	Commons holds no Category:2001 Monaco Grand Prix
2001-11	REFUSED	Commons holds no Category:2001 British Grand Prix
2001-12	REFUSED	Commons holds no Category:2001 German Grand Prix
2001-13	REFUSED	Commons holds no Category:2001 Hungarian Grand Prix
2001-15	REFUSED	Category:2001 Italian Grand Prix holds no JPEG that no other race's category holds, whose name carries no copyright mark and says it was not taken at the race
2001-17	REFUSED	Commons holds no Category:2001 Japanese Grand Prix
2002-01	REFUSED	Category:2002 Australian Grand Prix holds no JPEG that no other race's category holds, whose name carries no copyright mark and says it was not taken at the race
2002-02	REFUSED	Commons holds no Category:2002 Malaysian Grand Prix
2002-03	REFUSED	Commons holds no Category:2002 Brazilian Grand Prix
2002-04	REFUSED	Commons holds no Category:2002 San Marino Grand Prix
2002-05	REFUSED	Commons holds no Category:2002 Spanish Grand Prix
2002-09	REFUSED	Commons holds no Category:2002 European Grand Prix
2002-12	REFUSED	Commons holds no Category:2002 German Grand Prix
2002-13	REFUSED	Commons holds no Category:2002 Hungarian Grand Prix
2002-14	REFUSED	Commons holds no Category:2002 Belgian Grand Prix
2002-15	REFUSED	Commons holds no Category:2002 Italian Grand Prix
2002-17	REFUSED	Commons holds no Category:2002 Japanese Grand Prix
2003-01	REFUSED	Commons holds no Category:2003 Australian Grand Prix
2003-03	REFUSED	Commons holds no Category:2003 Brazilian Grand Prix
2003-04	REFUSED	Commons holds no Category:2003 San Marino Grand Prix
2003-06	REFUSED	Commons holds no Category:2003 Austrian Grand Prix
2003-07	REFUSED	Commons holds no Category:2003 Monaco Grand Prix
2003-08	REFUSED	Commons holds no Category:2003 Canadian Grand Prix
2003-09	REFUSED	Commons holds no Category:2003 European Grand Prix
2003-14	REFUSED	Commons holds no Category:2003 Italian Grand Prix
2003-15	REFUSED	File:Barrichello 2003.jpg requires attribution and names no author
2003-15	REFUSED	File:Ross Brawn 2003.jpg requires attribution and names no author
2003-16	REFUSED	Commons holds no Category:2003 Japanese Grand Prix
2004-03	REFUSED	Category:2004 Bahrain Grand Prix holds no JPEG that no other race's category holds, whose name carries no copyright mark and says it was not taken at the race
2004-04	REFUSED	Category:2004 San Marino Grand Prix holds no JPEG that no other race's category holds, whose name carries no copyright mark and says it was not taken at the race
2004-05	REFUSED	Category:2004 Spanish Grand Prix holds no JPEG that no other race's category holds, whose name carries no copyright mark and says it was not taken at the race
2004-12	REFUSED	File:GP von Deutschland 2004 Siegerehrung.JPG requires attribution and names no author
2004-13	REFUSED	Category:2004 Hungarian Grand Prix holds no JPEG that no other race's category holds, whose name carries no copyright mark and says it was not taken at the race
2004-16	REFUSED	File:Shanghai F1 Circui 01.jpg requires attribution and names no author
2004-18	REFUSED	File:Ambulâncias 2004 Autódromo José Carlos Pace Interlagos.jpg names nobody to credit
2004-18	REFUSED	File:Audience of the 2004 Brazilian Grand Prix.JPG requires attribution and names no author
2004-18	REFUSED	File:Autodromo Interlagos Bleachers.jpg requires attribution and names no author
2004-18	REFUSED	File:Brazil flags 2004.JPG requires attribution and names no author
2004-18	REFUSED	File:Detalhe da arquibancada, Autódromo José Carlos Pace, Interlagos (Grande Prêmio do Brasil 2004).jpg requires attribution and names no author
2004-18	REFUSED	File:Detalhe da grade com ferrugem, Autódromo José Carlos Pace, Interlagos (Grande Prêmio do Brasil 2004).jpg requires attribution and names no author
2004-18	REFUSED	File:Dfgkjitjrreiruiwepdskjf0014.JPG requires attribution and names no author
2004-18	REFUSED	File:Dfgkjitjrreiruiwepdskjf0030.JPG requires attribution and names no author
2004-18	REFUSED	File:Dfgkjitjrreiruiwepdskjf0037.JPG requires attribution and names no author
2004-18	REFUSED	File:Dfgkjitjrreiruiwepdskjf0047.JPG requires attribution and names no author
2004-18	REFUSED	File:Dfgkjitjrreiruiwepdskjf0060.JPG requires attribution and names no author
2004-18	REFUSED	File:Dfgkjitjrreiruiwepdskjf0069.JPG requires attribution and names no author
2004-18	REFUSED	File:Dfgkjitjrreiruiwepdskjf0072.JPG requires attribution and names no author
2004-18	REFUSED	File:Dfgkjitjrreiruiwepdskjf0076.JPG requires attribution and names no author
2004-18	REFUSED	File:Dfgkjitjrreiruiwepdskjf0079.JPG requires attribution and names no author
2004-18	REFUSED	File:Female police officer at 2004 Brazilian Grand Prix.JPG requires attribution and names no author
2004-18	REFUSED	File:Fila para a entrada do Grande Prêmio de 2004, ainda de madrugada (Autódromo José Carlos Pace, Interlagos, Brasil).jpg requires attribution and names no author
2004-18	REFUSED	File:Lotus.jpg requires attribution and names no author
2004-18	REFUSED	File:Ralf Schumacher at Interlagos 2004.jpg requires attribution and names no author
2004-18	REFUSED	File:Vbjkhsdfwkueyew0007.JPG requires attribution and names no author
2004-18	REFUSED	File:Vbjkhsdfwkueyew0022.JPG requires attribution and names no author
2004-18	REFUSED	File:Vbjkhsdfwkueyew0033.JPG requires attribution and names no author
2004-18	REFUSED	File:Vbjkhsdfwkueyew0037.JPG requires attribution and names no author
2004-18	REFUSED	File:Vbjkhsdfwkueyew0042.JPG requires attribution and names no author
2004-18	REFUSED	File:Vbjkhsdfwkueyew0045.JPG requires attribution and names no author
2004-18	REFUSED	File:Vbjkhsdfwkueyew0055.JPG requires attribution and names no author
2004-18	REFUSED	File:Vbjkhsdfwkueyew0060.JPG requires attribution and names no author
2004-18	REFUSED	File:Vbjkhsdfwkueyew0068.jpg names nobody to credit
2004-18	REFUSED	File:Vbjkhsdfwkueyew0072.JPG requires attribution and names no author
2004-18	REFUSED	File:Vbjkhsdfwkueyew0076.JPG requires attribution and names no author
2004-18	REFUSED	File:Vbjkhsdfwkueyew0085.JPG requires attribution and names no author
2004-18	REFUSED	File:Vbjkhsdfwkueyew0126.JPG requires attribution and names no author
2004-18	REFUSED	File:Vbjkhsdfwkueyew0149.JPG requires attribution and names no author
2004-18	REFUSED	File:Vbjkhsdfwkueyew0156.JPG requires attribution and names no author
2004-18	REFUSED	File:Vbjkhsdfwkueyew0158.JPG requires attribution and names no author
2004-18	REFUSED	File:Vbjkhsdfwkueyew0159.JPG requires attribution and names no author
2004-18	REFUSED	File:Vbjkhsdfwkueyew0161.JPG requires attribution and names no author
2004-18	REFUSED	File:Xcvhjewkrjei0021.JPG requires attribution and names no author
2004-18	REFUSED	File:Xcvhjewkrjei0024.JPG requires attribution and names no author
2004-18	REFUSED	File:Xcvhjewkrjei0057.jpg names nobody to credit
2004-18	REFUSED	File:Xcvhjewkrjei0086.JPG requires attribution and names no author
2004-18	REFUSED	File:Xcvhjewkrjei0098.JPG requires attribution and names no author
2004-18	REFUSED	File:Xcvhjewkrjei0105.JPG requires attribution and names no author
2004-18	REFUSED	File:Xcvhjewkrjei0109.JPG names nobody to credit
2004-18	REFUSED	File:Xcvhjewkrjei0114.JPG requires attribution and names no author
2004-18	REFUSED	File:Xcvhjewkrjei0117.jpg requires attribution and names no author
2004-18	REFUSED	File:Xcvhjewkrjei0121.JPG requires attribution and names no author
2005-01	REFUSED	File:Chanoch Nissany.jpg licence 'Copyrighted free use' is not on the free list
2005-01	REFUSED	File:Paul Stoddart.jpg names nobody to credit
2005-02	REFUSED	Category:2005 Malaysian Grand Prix holds no JPEG that no other race's category holds, whose name carries no copyright mark and says it was not taken at the race
2005-03	REFUSED	Category:2005 Bahrain Grand Prix holds no JPEG that no other race's category holds, whose name carries no copyright mark and says it was not taken at the race
2005-05	REFUSED	Category:2005 Spanish Grand Prix holds no JPEG that no other race's category holds, whose name carries no copyright mark and says it was not taken at the race
2005-07	REFUSED	Category:2005 European Grand Prix holds no JPEG that no other race's category holds, whose name carries no copyright mark and says it was not taken at the race
2005-08	REFUSED	File:Coulthard RedBull Canada2005.jpg requires attribution and names no author
2005-09	REFUSED	File:Barrichello (Ferrari) qualifying at USGP 2005.jpg requires attribution and names no author
2005-09	REFUSED	File:Button (BAR) qualifying at USGP 2005 2.jpg requires attribution and names no author
2005-09	REFUSED	File:Button (BAR) qualifying at USGP 2005.jpg requires attribution and names no author
2005-09	REFUSED	File:Christian Klien 2.jpg requires attribution and names no author
2005-09	REFUSED	File:Christjian Albers.jpg requires attribution and names no author
2005-09	REFUSED	File:David Hobbs 3.jpg requires attribution and names no author
2005-09	REFUSED	File:David Hobbs photo.jpg requires attribution and names no author
2005-09	REFUSED	File:Duesenberg.jpg requires attribution and names no author
2005-09	REFUSED	File:F1 Safty Car at US Grand Prix.jpg requires attribution and names no author
2005-09	REFUSED	File:F1 green flag.jpg requires attribution and names no author
2005-09	REFUSED	File:F1 safety car.JPG requires attribution and names no author
2005-09	REFUSED	File:Felipe Massa Relaxing.jpg requires attribution and names no author
2005-10	REFUSED	Category:2005 French Grand Prix holds no JPEG that no other race's category holds, whose name carries no copyright mark and says it was not taken at the race
2005-13	REFUSED	Category:2005 Hungarian Grand Prix holds no JPEG that no other race's category holds, whose name carries no copyright mark and says it was not taken at the race
2005-18	REFUSED	Category:2005 Japanese Grand Prix holds no JPEG that no other race's category holds, whose name carries no copyright mark and says it was not taken at the race
2006-04	REFUSED	Category:2006 San Marino Grand Prix holds no JPEG that no other race's category holds, whose name carries no copyright mark and says it was not taken at the race
2006-06	REFUSED	File:F1barca06.JPG names nobody to credit
2007-10	REFUSED	Category:2007 European Grand Prix holds no JPEG that no other race's category holds, whose name carries no copyright mark and says it was not taken at the race
2008-01	REFUSED	File:Celebrity challenge 2008 melb GP.jpg licence 'GFDL 1.2' is not on the free list
2008-01	REFUSED	File:Heidfeld and Rosberg - 2008 Melb GP.jpg licence 'GFDL 1.2' is not on the free list
2009-17	REFUSED	File:Etihad Airways Airbus A340-600 SYD Gilbert-1.jpg licence 'GFDL 1.2' is not on the free list
2010-07	REFUSED	Category:2010 Turkish Grand Prix holds no JPEG that no other race's category holds, whose name carries no copyright mark and says it was not taken at the race
2010-18	REFUSED	Category:2010 Brazilian Grand Prix holds no JPEG that no other race's category holds, whose name carries no copyright mark and says it was not taken at the race
2011-03	REFUSED	Category:2011 Chinese Grand Prix holds no JPEG that no other race's category holds, whose name carries no copyright mark and says it was not taken at the race
2011-04	REFUSED	Category:2011 Turkish Grand Prix holds no JPEG that no other race's category holds, whose name carries no copyright mark and says it was not taken at the race
2012-05	REFUSED	Category:2012 Spanish Grand Prix holds no JPEG that no other race's category holds, whose name carries no copyright mark and says it was not taken at the race
2012-08	REFUSED	Category:2012 European Grand Prix holds no JPEG that no other race's category holds, whose name carries no copyright mark and says it was not taken at the race
2012-11	REFUSED	Category:2012 Hungarian Grand Prix holds no JPEG that no other race's category holds, whose name carries no copyright mark and says it was not taken at the race
2013-10	REFUSED	Category:2013 Hungarian Grand Prix holds no JPEG that no other race's category holds, whose name carries no copyright mark and says it was not taken at the race
2013-14	REFUSED	Category:2013 Korean Grand Prix holds no JPEG that no other race's category holds, whose name carries no copyright mark and says it was not taken at the race
2014-07	REFUSED	Category:2014 Canadian Grand Prix holds no JPEG that no other race's category holds, whose name carries no copyright mark and says it was not taken at the race
2014-11	REFUSED	Category:2014 Hungarian Grand Prix holds no JPEG that no other race's category holds, whose name carries no copyright mark and says it was not taken at the race
2014-18	REFUSED	Category:2014 Brazilian Grand Prix holds no JPEG that no other race's category holds, whose name carries no copyright mark and says it was not taken at the race
2016-07	REFUSED	Category:2016 Canadian Grand Prix holds no JPEG that no other race's category holds, whose name carries no copyright mark and says it was not taken at the race
2016-12	REFUSED	Category:2016 German Grand Prix holds no JPEG that no other race's category holds, whose name carries no copyright mark and says it was not taken at the race
2016-14	REFUSED	Category:2016 Italian Grand Prix holds no JPEG that no other race's category holds, whose name carries no copyright mark and says it was not taken at the race
2016-20	REFUSED	Category:2016 Brazilian Grand Prix holds no JPEG that no other race's category holds, whose name carries no copyright mark and says it was not taken at the race
2016-21	REFUSED	Category:2016 Abu Dhabi Grand Prix: no file passed the licence and attribution checks
2016-21	REFUSED	File:RAF RED ARROWS RETURN FROM GLOBAL TOUR PROMOTING UK INTERESTS MOD 45161931.jpg licence 'OGL 2' is not on the free list
2017-03	REFUSED	Category:2017 Bahrain Grand Prix holds no JPEG that no other race's category holds, whose name carries no copyright mark and says it was not taken at the race
2017-08	REFUSED	Category:2017 Azerbaijan Grand Prix holds no JPEG that no other race's category holds, whose name carries no copyright mark and says it was not taken at the race
2017-09	REFUSED	Category:2017 Austrian Grand Prix holds no JPEG that no other race's category holds, whose name carries no copyright mark and says it was not taken at the race
2017-11	REFUSED	Category:2017 Hungarian Grand Prix holds no JPEG that no other race's category holds, whose name carries no copyright mark and says it was not taken at the race
2017-14	REFUSED	Category:2017 Singapore Grand Prix holds no JPEG that no other race's category holds, whose name carries no copyright mark and says it was not taken at the race
2017-19	REFUSED	Category:2017 Brazilian Grand Prix holds no JPEG that no other race's category holds, whose name carries no copyright mark and says it was not taken at the race
2017-20	REFUSED	File:F1 2017 UAE After Finish.jpg licence 'Copyrighted free use' is not on the free list
2018-01	REFUSED	Category:2018 Australian Grand Prix holds no JPEG that no other race's category holds, whose name carries no copyright mark and says it was not taken at the race
2018-02	REFUSED	Category:2018 Bahrain Grand Prix holds no JPEG that no other race's category holds, whose name carries no copyright mark and says it was not taken at the race
2018-06	REFUSED	Category:2018 Monaco Grand Prix holds no JPEG that no other race's category holds, whose name carries no copyright mark and says it was not taken at the race
2018-08	REFUSED	Category:2018 French Grand Prix holds no JPEG that no other race's category holds, whose name carries no copyright mark and says it was not taken at the race
2018-11	REFUSED	Category:2018 German Grand Prix holds no JPEG that no other race's category holds, whose name carries no copyright mark and says it was not taken at the race
2018-12	REFUSED	Category:2018 Hungarian Grand Prix holds no JPEG that no other race's category holds, whose name carries no copyright mark and says it was not taken at the race
2018-16	REFUSED	Category:2018 Russian Grand Prix holds no JPEG that no other race's category holds, whose name carries no copyright mark and says it was not taken at the race
2018-20	REFUSED	Category:2018 Brazilian Grand Prix holds no JPEG that no other race's category holds, whose name carries no copyright mark and says it was not taken at the race
2018-21	REFUSED	Category:2018 Abu Dhabi Grand Prix holds no JPEG that no other race's category holds, whose name carries no copyright mark and says it was not taken at the race
2019-01	REFUSED	Category:2019 Australian Grand Prix holds no JPEG that no other race's category holds, whose name carries no copyright mark and says it was not taken at the race
2019-02	REFUSED	Category:2019 Bahrain Grand Prix holds no JPEG that no other race's category holds, whose name carries no copyright mark and says it was not taken at the race
2019-05	REFUSED	Category:2019 Spanish Grand Prix holds no JPEG that no other race's category holds, whose name carries no copyright mark and says it was not taken at the race
2019-08	REFUSED	Category:2019 French Grand Prix holds no JPEG that no other race's category holds, whose name carries no copyright mark and says it was not taken at the race
2019-10	REFUSED	Category:2019 British Grand Prix holds no JPEG that no other race's category holds, whose name carries no copyright mark and says it was not taken at the race
2019-13	REFUSED	Category:2019 Belgian Grand Prix holds no JPEG that no other race's category holds, whose name carries no copyright mark and says it was not taken at the race
2019-16	REFUSED	Category:2019 Russian Grand Prix holds no JPEG that no other race's category holds, whose name carries no copyright mark and says it was not taken at the race
2019-19	REFUSED	Category:2019 United States Grand Prix holds no JPEG that no other race's category holds, whose name carries no copyright mark and says it was not taken at the race
2020-01	REFUSED	Category:2020 Austrian Grand Prix holds no JPEG that no other race's category holds, whose name carries no copyright mark and says it was not taken at the race
2020-02	REFUSED	Category:2020 Styrian Grand Prix holds no JPEG that no other race's category holds, whose name carries no copyright mark and says it was not taken at the race
2020-03	REFUSED	Category:2020 Hungarian Grand Prix holds no JPEG that no other race's category holds, whose name carries no copyright mark and says it was not taken at the race
2020-05	REFUSED	Category:2020 70th Anniversary Grand Prix holds no JPEG that no other race's category holds, whose name carries no copyright mark and says it was not taken at the race
2020-06	REFUSED	Category:2020 Spanish Grand Prix holds no JPEG that no other race's category holds, whose name carries no copyright mark and says it was not taken at the race
2020-07	REFUSED	Category:2020 Belgian Grand Prix holds no JPEG that no other race's category holds, whose name carries no copyright mark and says it was not taken at the race
2020-10	REFUSED	Category:2020 Russian Grand Prix holds no JPEG that no other race's category holds, whose name carries no copyright mark and says it was not taken at the race
2020-11	REFUSED	Category:2020 Eifel Grand Prix holds no JPEG that no other race's category holds, whose name carries no copyright mark and says it was not taken at the race
2020-12	REFUSED	Category:2020 Portuguese Grand Prix holds no JPEG that no other race's category holds, whose name carries no copyright mark and says it was not taken at the race
2020-13	REFUSED	Category:2020 Emilia Romagna Grand Prix holds no JPEG that no other race's category holds, whose name carries no copyright mark and says it was not taken at the race
2020-14	REFUSED	Category:2020 Turkish Grand Prix holds no JPEG that no other race's category holds, whose name carries no copyright mark and says it was not taken at the race
2020-15	REFUSED	Category:2020 Bahrain Grand Prix holds no JPEG that no other race's category holds, whose name carries no copyright mark and says it was not taken at the race
2020-16	REFUSED	Category:2020 Sakhir Grand Prix holds no JPEG that no other race's category holds, whose name carries no copyright mark and says it was not taken at the race
2021-01	REFUSED	Commons holds no Category:2021 Bahrain Grand Prix
2021-02	REFUSED	Commons holds no Category:2021 Emilia Romagna Grand Prix
2021-03	REFUSED	Commons holds no Category:2021 Portuguese Grand Prix
2021-04	REFUSED	Commons holds no Category:2021 Spanish Grand Prix
2021-05	REFUSED	Commons holds no Category:2021 Monaco Grand Prix
2021-06	REFUSED	Commons holds no Category:2021 Azerbaijan Grand Prix
2021-07	REFUSED	Commons holds no Category:2021 French Grand Prix
2021-11	REFUSED	Commons holds no Category:2021 Hungarian Grand Prix
2021-12	REFUSED	Commons holds no Category:2021 Belgian Grand Prix
2021-13	REFUSED	Commons holds no Category:2021 Dutch Grand Prix
2021-14	REFUSED	Commons holds no Category:2021 Italian Grand Prix
2021-18	REFUSED	Commons holds no Category:2021 Mexico City Grand Prix
2021-19	REFUSED	Commons holds no Category:2021 Sao Paulo Grand Prix
2021-20	REFUSED	Commons holds no Category:2021 Qatar Grand Prix
2021-21	REFUSED	Commons holds no Category:2021 Saudi Arabian Grand Prix
2022-02	REFUSED	Commons holds no Category:2022 Saudi Arabian Grand Prix
2022-05	REFUSED	Category:2022 Miami Grand Prix is not filed as 2022 Formula One (2022 United States Grand Prix; 2022 events in Miami, Florida; Grand Prix of Miami (sports car racing); May 2022 in Miami; Sports events in Miami)
2022-08	REFUSED	Commons holds no Category:2022 Azerbaijan Grand Prix
2022-09	REFUSED	Commons holds no Category:2022 Canadian Grand Prix
2022-13	REFUSED	Commons holds no Category:2022 Hungarian Grand Prix
2022-14	REFUSED	Commons holds no Category:2022 Belgian Grand Prix
2022-15	REFUSED	Commons holds no Category:2022 Dutch Grand Prix
2022-16	REFUSED	Commons holds no Category:2022 Italian Grand Prix
2022-19	REFUSED	Category:2022 United States Grand Prix holds no JPEG that no other race's category holds, whose name carries no copyright mark and says it was not taken at the race
2022-20	REFUSED	Commons holds no Category:2022 Mexico City Grand Prix
2022-21	REFUSED	Commons holds no Category:2022 Sao Paulo Grand Prix
2022-22	REFUSED	Commons holds no Category:2022 Abu Dhabi Grand Prix
2023-01	REFUSED	Category:2023 Bahrain Grand Prix holds no JPEG that no other race's category holds, whose name carries no copyright mark and says it was not taken at the race
2023-02	REFUSED	Category:2023 Saudi Arabian Grand Prix holds no JPEG that no other race's category holds, whose name carries no copyright mark and says it was not taken at the race
2023-03	REFUSED	Category:2023 Australian Grand Prix holds no JPEG that no other race's category holds, whose name carries no copyright mark and says it was not taken at the race
2023-04	REFUSED	Category:2023 Azerbaijan Grand Prix holds no JPEG that no other race's category holds, whose name carries no copyright mark and says it was not taken at the race
2023-07	REFUSED	Category:2023 Spanish Grand Prix holds no JPEG that no other race's category holds, whose name carries no copyright mark and says it was not taken at the race
2023-08	REFUSED	Category:2023 Canadian Grand Prix holds no JPEG that no other race's category holds, whose name carries no copyright mark and says it was not taken at the race
2023-10	REFUSED	Category:2023 British Grand Prix holds no JPEG that no other race's category holds, whose name carries no copyright mark and says it was not taken at the race
2023-11	REFUSED	Commons holds no Category:2023 Hungarian Grand Prix
2023-12	REFUSED	Category:2023 Belgian Grand Prix holds no JPEG that no other race's category holds, whose name carries no copyright mark and says it was not taken at the race
2023-13	REFUSED	Commons holds no Category:2023 Dutch Grand Prix
2023-16	REFUSED	Commons holds no Category:2023 Japanese Grand Prix
2023-17	REFUSED	Commons holds no Category:2023 Qatar Grand Prix
2023-18	REFUSED	Category:2023 United States Grand Prix holds no JPEG that no other race's category holds, whose name carries no copyright mark and says it was not taken at the race
2023-19	REFUSED	Commons holds no Category:2023 Mexico City Grand Prix
2023-20	REFUSED	Commons holds no Category:2023 Sao Paulo Grand Prix
2023-21	REFUSED	Commons holds no Category:2023 Las Vegas Grand Prix
2023-22	REFUSED	Commons holds no Category:2023 Abu Dhabi Grand Prix
2024-01	REFUSED	Commons holds no Category:2024 Bahrain Grand Prix
2024-02	REFUSED	Commons holds no Category:2024 Saudi Arabian Grand Prix
2024-03	REFUSED	Commons holds no Category:2024 Australian Grand Prix
2024-07	REFUSED	Commons holds no Category:2024 Emilia Romagna Grand Prix
2024-08	REFUSED	Commons holds no Category:2024 Monaco Grand Prix
2024-09	REFUSED	Commons holds no Category:2024 Canadian Grand Prix
2024-13	REFUSED	Commons holds no Category:2024 Hungarian Grand Prix
2024-16	REFUSED	Commons holds no Category:2024 Italian Grand Prix
2024-17	REFUSED	Commons holds no Category:2024 Azerbaijan Grand Prix
2024-19	REFUSED	Commons holds no Category:2024 United States Grand Prix
2024-20	REFUSED	Commons holds no Category:2024 Mexico City Grand Prix
2024-21	REFUSED	Commons holds no Category:2024 Sao Paulo Grand Prix
2024-22	REFUSED	Commons holds no Category:2024 Las Vegas Grand Prix
2024-23	REFUSED	Commons holds no Category:2024 Qatar Grand Prix
2024-24	REFUSED	Commons holds no Category:2024 Abu Dhabi Grand Prix
2025-01	REFUSED	Commons holds no Category:2025 Australian Grand Prix
2025-02	REFUSED	Commons holds no Category:2025 Chinese Grand Prix
2025-04	REFUSED	Commons holds no Category:2025 Bahrain Grand Prix
2025-05	REFUSED	Commons holds no Category:2025 Saudi Arabian Grand Prix
2025-07	REFUSED	Commons holds no Category:2025 Emilia-Romagna Grand Prix
2025-12	REFUSED	Commons holds no Category:2025 British Grand Prix
2025-13	REFUSED	Commons holds no Category:2025 Belgian Grand Prix
2025-14	REFUSED	Commons holds no Category:2025 Hungarian Grand Prix
2025-15	REFUSED	Commons holds no Category:2025 Dutch Grand Prix
2025-17	REFUSED	Commons holds no Category:2025 Azerbaijan Grand Prix
2025-19	REFUSED	Commons holds no Category:2025 United States Grand Prix
2025-20	REFUSED	Commons holds no Category:2025 Mexico City Grand Prix
2025-21	REFUSED	Commons holds no Category:2025 Sao Paulo Grand Prix
2025-23	REFUSED	Commons holds no Category:2025 Qatar Grand Prix
2025-24	REFUSED	Commons holds no Category:2025 Abu Dhabi Grand Prix
2026-04	REFUSED	Commons holds no Category:2026 Miami Grand Prix
2026-05	REFUSED	Commons holds no Category:2026 Canadian Grand Prix
2026-06	REFUSED	Commons holds no Category:2026 Monaco Grand Prix
2026-12	REFUSED	Category:2026 Dutch Grand Prix holds no JPEG that no other race's category holds, whose name carries no copyright mark and says it was not taken at the race
2026-14	REFUSED	Commons holds no Category:2026 Madrid Grand Prix
2026-16	REFUSED	Commons holds no Category:2026 Bahrain Grand Prix
1950-02	ACCEPTED	File:GPX MONACO 1950.jpg	CC BY-SA 4.0
1950-03	ACCEPTED	File:1950 Indianapolis 500.jpg	Public domain
1950-03	ACCEPTED	File:B. Levrett in Adams Offenhauser Palmer Special, 1950-05-30 Indianapolis 500.jpg	Public domain
1950-03	ACCEPTED	File:Indy500winningcar1950.JPG	CC BY-SA 3.0
1950-03	ACCEPTED	File:Kurtis Kraft-Offenhauser 1950 Indy 500 Winner - Johnnie Parsons.jpg	CC BY-SA 4.0
1950-07	ACCEPTED	File:1950 Italian Grand Prix - Alberto Ascari (Ferrari).jpg	Public domain
1950-07	ACCEPTED	File:1950 Italian Grand Prix - Farina (Alfa Romeo) ahead Ascari (Ferrari) at Porfido bends.jpg	Public domain
1950-07	ACCEPTED	File:1950 Italian Grand Prix - Race start.jpg	Public domain
1950-07	ACCEPTED	File:1950 Italian Grand Prix - Starting grid.jpg	Public domain
1950-07	ACCEPTED	File:Monza 1950.jpg	Public domain
1951-02	ACCEPTED	File:Bobby Ball 1951 Indianapolis 500 car fire.jpg	Public domain
1951-02	ACCEPTED	File:Indy500winningcar1951.JPG	CC BY-SA 3.0
1951-02	ACCEPTED	File:Joe James qualifies for the 1951 Indy 500.jpg	Public domain
1951-02	ACCEPTED	File:Leewallard.jpg	Public domain
1951-04	ACCEPTED	File:1951-07-01 French GP Alfa 159 Farina e Ferrari 375 Gonzales.jpg	Public domain
1951-04	ACCEPTED	File:1951-07-01 French GP Ferrari 375 F1 Gonzales.jpg	Public domain
1951-04	ACCEPTED	File:1951-07-01 French GP Ferrari 375 F1 JF Gonzales.jpg	Public domain
1951-04	ACCEPTED	File:1951-07-01 French GP Ferrari 375 F1 Villoresi.jpg	Public domain
1951-04	ACCEPTED	File:1951-07-01 French GP WINNER Alfa 159 Fagioli.jpg	Public domain
1951-04	ACCEPTED	File:Guymairesse.jpg	CC BY-SA 3.0
1951-07	ACCEPTED	File:1951-09-07 Monza Ferrari 375 F1.jpg	Public domain
1951-07	ACCEPTED	File:1951-09-16 Monza OSCA 4500G V12 Rol.jpg	Public domain
1951-07	ACCEPTED	File:1951-09-16 Monza WINNER Ferrari 375 Ascari.jpg	Public domain
1952-02	ACCEPTED	File:Alberto Ascari Ferrari Tipo 500 (2533641455).jpg	CC BY-SA 2.0
1952-02	ACCEPTED	File:Indy500winningcar1952.JPG	CC BY-SA 3.0
1952-02	ACCEPTED	File:Kuzma-Offenhauser 1952 Indy 500 Winner - Troy Ruttman.jpg	CC BY-SA 4.0
1952-06	ACCEPTED	File:1952-08-03 Nurburgring Ferrari 166 0014M Stener.jpg	Public domain
1952-07	ACCEPTED	File:Autoraces Zandvoort C. Flinterman , R. Dries van der L, Bestanddeelnr 905-2668.jpg	CC0
1952-07	ACCEPTED	File:Autoraces Zandvoort. Overzicht, Bestanddeelnr 905-2669.jpg	CC0
1952-07	ACCEPTED	File:Autoraces Zandvoort. Overzicht, Bestanddeelnr 905-2670.jpg	CC0
1952-07	ACCEPTED	File:Grote Prijs Nederlandse autoraces Zandvoort. Eerste bocht, Bestanddeelnr 905-2686.jpg	CC0
1952-07	ACCEPTED	File:Grote Prijs Nederlandse autoraces Zandvoort. Finish Askari, Bestanddeelnr 905-2691.jpg	CC0
1952-07	ACCEPTED	File:Grote Prijs Nederlandse autoraces Zandvoort. Finish Askari, Bestanddeelnr 905-2692.jpg	CC0
1952-07	ACCEPTED	File:Grote Prijs Nederlandse autoraces Zandvoort. Finish Askari, Bestanddeelnr 905-2693.jpg	CC0
1952-07	ACCEPTED	File:Grote Prijs Nederlandse autoraces Zandvoort. Jan Flinterman tankt, Bestanddeelnr 905-2695.jpg	CC0
1952-07	ACCEPTED	File:Grote Prijs Nederlandse autoraces Zandvoort. Jan Flinterman tankt, Bestanddeelnr 905-2696.jpg	CC0
1952-07	ACCEPTED	File:Grote Prijs Nederlandse autoraces Zandvoort. Winnaar Askari en Z. K. M. de Prins, Bestanddeelnr 905-2687.jpg	CC0
1952-07	ACCEPTED	File:Grote Prijs Nederlandse autoraces Zandvoort. Winnaar Askari en Z. K. M. de Prins, Bestanddeelnr 905-2688 (cropped).jpg	CC0
1952-07	ACCEPTED	File:Grote Prijs Nederlandse autoraces Zandvoort. Winnaar Askari en Z. K. M. de Prins, Bestanddeelnr 905-2689.jpg	CC0
1952-08	ACCEPTED	File:1952-09-07 GP Italia Monza Ferrari 500 F2 Villoresi Ascari.jpg	Public domain
1953-02	ACCEPTED	File:Bill Vukovich 1953.jpg	Public domain
1953-02	ACCEPTED	File:Jack McGrath, Fred Agabashian and Bill Vukovich 1953.jpg	Public domain
1953-03	ACCEPTED	File:Autoraces Dutch Grand Prix Zandvoort. Ascari in de bocht, Bestanddeelnr 905-7652 (cropped).jpg	CC0
1953-03	ACCEPTED	File:Autoraces Dutch Grand Prix Zandvoort. Auto's in de bocht, Bestanddeelnr 905-7655.jpg	CC0
1953-03	ACCEPTED	File:Autoraces Dutch Grand Prix Zandvoort. Prins Bernhard op het circuit, Bestanddeelnr 905-7657.jpg	CC0
1953-03	ACCEPTED	File:Autoraces Dutch Grand Prix Zandvoort. Winnaar Alberto Ascari met prins Bernhard, Bestanddeelnr 905-7658.jpg	CC0
1953-09	ACCEPTED	File:GpItalia1953.jpg	Public domain
1954-06	ACCEPTED	File:Grosser Preis von Europa - 1954 Nuerburgring, Germany Hermann Lang, Mercedes (1).JPG	CC BY-SA 3.0
1954-06	ACCEPTED	File:Grosser Preis von Europa - 1954 Nuerburgring, Karl Kling, Mercedes (1).JPG	CC BY-SA 3.0
1954-06	ACCEPTED	File:Großer Preis von Europa -1954 Hans Herrmann, Mercedes (2)x.JPG	CC BY-SA 3.0
1954-06	ACCEPTED	File:Großer Preis von Europa -1954 Nürburgring, Hermann Lang, Mercedes (3)x.JPG	CC BY-SA 3.0
1954-06	ACCEPTED	File:Großer Preis von Europa -1954 Nürburgring, Juan Manuel Fangio, Mercedes (3)x.JPG	CC BY-SA 3.0
1954-06	ACCEPTED	File:Großer Preis von Europa 1954 Nürburgring Staatskarosse Mercedes-Benz Bundespräsident Heuss.jpg	CC BY-SA 3.0
1954-08	ACCEPTED	File:GPItaliaFangioAscari1954.jpg	Public domain
1955-03	ACCEPTED	File:Indy500winningcar1955.JPG	CC BY-SA 3.0
1955-03	ACCEPTED	File:Kurtis500B Jimmy Davies.jpg	CC BY-SA 2.0
1955-05	ACCEPTED	File:Alf Francis 1955 Dutch Grand Prix.jpg	CC0
1955-05	ACCEPTED	File:Juan Manuel Fangio and Alfred Neubauer 1955 Dutch GP.jpg	CC0
1955-05	ACCEPTED	File:Stirling Moss Zandvoort 1955.jpg	CC0
1955-05	ACCEPTED	File:Stirling Moss-Alf Francis-Peter Walker-Maserati 250F-1955 Dutch Grand Prix.jpg	CC0
1955-05	ACCEPTED	File:Training voor Grote Prijs van Nederland op Zandvoort, Bestanddeelnr 907-1857.jpg	CC0
1955-05	ACCEPTED	File:Training voor Grote Prijs van Nederland op Zandvoort, Bestanddeelnr 907-1859.jpg	CC0
1955-05	ACCEPTED	File:Training voor Grote Prijs van Nederland op Zandvoort, controle Mercedeswagen, Bestanddeelnr 907-1861.jpg	CC0
1955-05	ACCEPTED	File:Training voor Grote Prijs van Nederland op Zandvoort, leider van de Mercedesploe, Bestanddeelnr 907-1856.jpg	CC0
1956-03	ACCEPTED	File:1956 DeSoto Fireflite Convertible Pace Car Top Down.jpg	CC BY 2.0
1956-03	ACCEPTED	File:1956 DeSoto Fireflite Convertible Pace Car Top Up.jpg	CC BY 2.0
1956-03	ACCEPTED	File:1956 DeSoto Fireflite Pacesetter Convertible Indianapolis 500 pace car.jpg	CC BY 2.0
1956-03	ACCEPTED	File:Indy500winningcar1956.JPG	CC BY-SA 3.0
1957-01	ACCEPTED	File:1957ArgentineGP01.jpg	Public domain
1957-01	ACCEPTED	File:1957ArgentineGP02.jpg	Public domain
1957-01	ACCEPTED	File:1957ArgentineGP03.jpg	Public domain
1957-01	ACCEPTED	File:1957ArgentineGP04.jpg	Public domain
1957-01	ACCEPTED	File:1957ArgentineGP05 (PortraitCropped).jpg	Public domain
1957-01	ACCEPTED	File:1957ArgentineGP05 (cropped).jpg	Public domain
1957-01	ACCEPTED	File:1957ArgentineGP06.jpg	Public domain
1957-01	ACCEPTED	File:1957ArgentineGP08.jpg	Public domain
1957-01	ACCEPTED	File:1957ArgentineGP09.jpg	Public domain
1957-01	ACCEPTED	File:1957ArgentineGP10.jpg	Public domain
1957-01	ACCEPTED	File:Luigi Musso.jpg	Public domain
1957-01	ACCEPTED	File:Wolfgang von Trips in 1957.JPG	Public domain
1957-03	ACCEPTED	File:1957 Indy 500 Pace Car - Mercury Turnpike Cruiser.jpg	CC BY-SA 4.0
1957-05	ACCEPTED	File:Maserati works team Aintree 1957.jpg	CC BY 2.0
1957-05	ACCEPTED	File:Vanwall VW5 Aintree 1957.jpg	CC BY 2.0
1957-06	ACCEPTED	File:Collins Fangio and Hawthorn celebrate Nurburgring 1957.jpg	CC BY 3.0
1957-06	ACCEPTED	File:Collins Fangio and Hawthorn podium Nurburgring 1957.jpg	CC BY 3.0
1957-06	ACCEPTED	File:Collins podium Nurburgring 1957 (cropped).jpg	CC BY 3.0
1957-06	ACCEPTED	File:Edgar Barth 1957 German Grand Prix.jpg	CC BY 3.0
1957-06	ACCEPTED	File:Edgar Barth garland Nurburgring 1957.jpg	CC BY 3.0
1957-06	ACCEPTED	File:Edgar Barth podium Nurburgring 1957.jpg	CC BY 3.0
1957-06	ACCEPTED	File:Fangio Maserati 250F Nurburgring 1957.jpg	CC BY 3.0
1957-06	ACCEPTED	File:Fangio Maserati 250F exits pits Nurburgring 1957.jpg	CC BY 3.0
1957-06	ACCEPTED	File:Fangio beer Nurburgring 1957.jpg	CC BY 3.0
1957-06	ACCEPTED	File:Fangio chases Collins Nurburgring 1957.jpg	CC BY 3.0
1957-06	ACCEPTED	File:Fangio pit stop Nurburgring 1957.jpg	CC BY 3.0
1957-06	ACCEPTED	File:Fangio podium Nurburgring 1957 (cropped).jpg	CC BY 3.0
1957-07	ACCEPTED	File:1957 Pescara GP - Stirling Moss.jpg	Public domain
1957-07	ACCEPTED	File:1957-08-18 Pescara GP Maserati 250 Scarlatti.jpg	Public domain
1957-07	ACCEPTED	File:Pescara-F1-1957.jpg	Public domain
1958-01	ACCEPTED	File:Mike Hawthorn 1958 Argentine GP.jpg	Public domain
1958-03	ACCEPTED	File:Grote prijs van Nederland op het circuit van Zandvoort aangetast, Bestanddeelnr 909-5854.jpg	CC0
1958-03	ACCEPTED	File:Grote prijs van Nederland op het circuit van Zandvoort aangetast, Bestanddeelnr 909-5855 (cropped).jpg	CC0
1958-03	ACCEPTED	File:Grote prijs van Nederland op het circuit van Zandvoort aangetast, Bestanddeelnr 909-5855 (cropped2).jpg	CC0
1958-10	ACCEPTED	File:Maria Teresa de Filippis Monza 1958.jpg	Public domain
1959-02	ACCEPTED	File:Indy500winningcar1959.JPG	CC BY-SA 3.0
1959-03	ACCEPTED	File:Autoraces op het circuit van Zandvoort van de Grand Prix Start Grand Prix, op ko, Bestanddeelnr 910-4127.jpg	CC0
1959-03	ACCEPTED	File:Autoraces op het circuit van Zandvoort van de Grand Prix Stirling Moss (no.11) t, Bestanddeelnr 910-4129.jpg	CC0
1959-03	ACCEPTED	File:Autoraces op het circuit van Zandvoort van de Grand Prix Stirling Moss, nadat hi, Bestanddeelnr 910-4126.jpg	CC0
1959-03	ACCEPTED	File:Training op het Circuit Van Zandvoort van de Grand Prix, Stirling Moss start voo, Bestanddeelnr 910-4070.jpg	CC0
1959-03	ACCEPTED	File:Training op het Circuit Van Zandvoort van de Grand Prix, Stirling Moss start voo, Bestanddeelnr 910-4071.jpg	CC0
1959-03	ACCEPTED	File:Training op het Circuit Van Zandvoort van de Grand Prix, Stirling Moss start voo, Bestanddeelnr 910-4072.jpg	CC0
1960-03	ACCEPTED	File:Watson-Offenhauser 1960 Indy 500 Winner - Jim Rathmann.jpg	CC BY-SA 4.0
1960-04	ACCEPTED	File:Autoraces op het circuit van Zandvoort De Amerikaan Dan Gurney wandelt (aangesl, Bestanddeelnr 911-3172.jpg	CC0
1960-04	ACCEPTED	File:Autoraces op het circuit van Zandvoort De Australiër Jack Brabham in zijn Coope, Bestanddeelnr 911-3164.jpg	CC0
1960-04	ACCEPTED	File:Autoraces op het circuit van Zandvoort De Zweedse Formule 1 coureur Joakim Bonn, Bestanddeelnr 911-3167.jpg	CC0
1960-04	ACCEPTED	File:Autoraces op het circuit van Zandvoort Jack Brabham in zijn Cooper onderaan de , Bestanddeelnr 911-3170.jpg	CC0
1960-04	ACCEPTED	File:Autoraces op het circuit van Zandvoort, Bestanddeelnr 911-3163.jpg	CC0
1960-04	ACCEPTED	File:Autoraces op het circuit van Zandvoort. Dan Gurney wandelt terug naar de pits na, Bestanddeelnr 911-3165.jpg	CC0
1960-04	ACCEPTED	File:Autoraces op het circuit van Zandvoort. De Engelse coureur Graham Hill, Bestanddeelnr 911-3168.jpg	CC0
1960-04	ACCEPTED	File:Autoraces op het circuit van Zandvoort. Jack Brabham uit Australie onderaan de H, Bestanddeelnr 911-3161 (cropped).jpg	CC0
1960-04	ACCEPTED	File:Autoraces op het circuit van Zandvoort. Jack Brabham uit Australie onderaan de H, Bestanddeelnr 911-3161 restored.jpg	CC0
1960-04	ACCEPTED	File:Dan Gurney crash during Dutch Grand Prix 1960.jpg	CC0
1960-09	ACCEPTED	File:Scuderia Castellotti - Gran Premio d'Italia 1960.jpg	Public domain
1960-09	ACCEPTED	File:Scuderia Centro Sud - Scuderia Castellotti - GP Monza 1960.jpg	Public domain
1961-02	ACCEPTED	File:Autoraces, Grand Prix, Bestanddeelnr 254-7298.jpg	CC0
1961-02	ACCEPTED	File:Autoraces, Grand Prix, Bestanddeelnr 254-7299.jpg	CC0
1961-02	ACCEPTED	File:Autoraces, Grand prix, Bestanddeelnr 254-7300.jpg	CC0
1961-02	ACCEPTED	File:Autoraces, Grand prix, Bestanddeelnr 254-7301 (cropped).jpg	CC0
1961-02	ACCEPTED	File:Beaufort at 1961 Dutch Grand Prix (2).jpg	CC BY-SA 3.0 nl
1961-02	ACCEPTED	File:Het rennerskwartier Stirling Moss (links) in gesprek met Innes Ireland, Bestanddeelnr 912-5052.jpg	CC0
1961-02	ACCEPTED	File:Jim Clark (nummer 15) met de Lotus 21 en Phill Hill (nummer 1) met de Ferrari 15, Bestanddeelnr 912-5059.jpg	CC0
1961-02	ACCEPTED	File:Jim Clark (nummer 15) met de Lotus 21, Bestanddeelnr 912-5059 (cropped).jpg	CC0
1961-02	ACCEPTED	File:Prins Bernhard , Godin de Beaufort , Hugenholz, Bestanddeelnr 912-5048.jpg	CC0
1961-02	ACCEPTED	File:Prins Bernhard, Bestanddeelnr 912-5047.jpg	CC0
1961-02	ACCEPTED	File:Surtees and Brooks at 1961 Dutch Grand Prix.jpg	CC BY-SA 3.0 nl
1961-02	ACCEPTED	File:Surtees at 1961 Dutch Grand Prix (cropped).jpg	CC BY-SA 3.0 nl
1961-06	ACCEPTED	File:Eintrittskarte GP Europa 1961 1.JPG	CC BY-SA 2.0 de
1961-06	ACCEPTED	File:MossLotusClimax19610806.jpg	CC BY-SA 2.0 de
1962-01	ACCEPTED	File:Baghetti at 1962 Dutch Grand Prix.jpg	CC BY-SA 3.0 nl
1962-01	ACCEPTED	File:Bruce McLaren at 1962 Dutch Grand Prix.jpg	CC BY-SA 3.0 nl
1962-01	ACCEPTED	File:Clark at 1962 Dutch Grand Prix (cropped).jpg	CC BY-SA 3.0 nl
1962-01	ACCEPTED	File:G. Hill at 1962 Dutch Grand Prix.jpg	CC BY-SA 3.0 nl
1962-01	ACCEPTED	File:Graham Hill in 1962.JPG	CC BY-SA 3.0 nl
1962-01	ACCEPTED	File:Grahamhill BRM stackpipeNr17.JPG	CC BY 3.0
1962-01	ACCEPTED	File:Grand Prix circuit te Zandvoort, Bestanddeelnr 913-9472.jpg	CC0
1962-01	ACCEPTED	File:Grand Prix te Zandvoort Graham Hil, Bestanddeelnr 913-9405.jpg	CC0
1962-01	ACCEPTED	File:Grand Prix te Zandvoort, Bestanddeelnr 913-9408.jpg	CC0
1962-01	ACCEPTED	File:Grand Prix te Zandvoort, Bestanddeelnr 913-9410.jpg	CC0
1962-01	ACCEPTED	File:Grand Prix te Zandvoort, Bestanddeelnr 913-9411.jpg	CC0
1962-01	ACCEPTED	File:Grand Prix te Zandvoort, Bestanddeelnr 913-9413.jpg	CC0
1962-06	ACCEPTED	File:1962-08-05 Bonnier, Porsche - Hatzenbach.jpg	CC BY-SA 2.0 de
1962-06	ACCEPTED	File:1962-08-05 Graham Hill, Surtees, Gurney - Hatzenbach.jpg	CC BY-SA 2.0 de
1962-06	ACCEPTED	File:1962-08-05 Joakim Bonnier, Porsche F1-804 (sw).jpg	CC BY-SA 2.0 de
1962-06	ACCEPTED	File:Car and Driver August 1962 cover.jpg	Public domain
1962-06	ACCEPTED	File:ClarkJim-Lotus19620805.jpg	CC BY-SA 2.0 de
1962-06	ACCEPTED	File:HillPhil1962.jpg	CC BY-SA 2.0 de
1962-07	ACCEPTED	File:Giancarlo Baghetti a Monza - 1962.jpg	Public domain
1963-03	ACCEPTED	File:Clark at 1963 Dutch Grand Prix (cropped).jpg	CC BY-SA 3.0 nl
1963-03	ACCEPTED	File:Drivers at 1963 Dutch Grand Prix (cropped).jpg	CC0
1963-03	ACCEPTED	File:Drivers parade at 1963 Dutch Grand Prix.jpg	CC BY-SA 3.0 nl
1963-03	ACCEPTED	File:G. Hill at 1963 Dutch Grand Prix (2).jpg	CC BY-SA 3.0 nl
1963-03	ACCEPTED	File:Grand Prix te Zandvoort Jim Clark, Bestanddeelnr 915-2888.jpg	CC0
1963-03	ACCEPTED	File:Grand Prix te Zandvoort Nummer 12 Hill, nummer 22 Taylor 21, Bestanddeelnr 915-2880.jpg	CC0
1963-03	ACCEPTED	File:Grand Prix te Zandvoort Nummer 2 Tony Maggs voor de start, Bestanddeelnr 915-2891 (cropped).jpg	CC0
1963-03	ACCEPTED	File:Grand Prix te Zandvoort Nummer 24 Phil Hill , nummer 25 Scarfrotti, Bestanddeelnr 915-2881.jpg	CC0
1963-03	ACCEPTED	File:Grand Prix te Zandvoort Nummer 27 Jim Clark in Lotus, Bestanddeelnr 915-2887.jpg	CC0
1963-03	ACCEPTED	File:Grand Prix te Zandvoort Nummer 6 Jim Clark aan kop met achter hem Graham Hill m, Bestanddeelnr 915-2877 (cropped).jpg	CC0
1963-03	ACCEPTED	File:Grand Prix te Zandvoort Voor de start, Bestanddeelnr 915-2883.jpg	CC0
1963-03	ACCEPTED	File:Grand Prix te Zandvoort Voor de start, Bestanddeelnr 915-2889.jpg	CC0
1964-02	ACCEPTED	File:Arundell and Surtees at 1964 Dutch Grand Prix.jpg	CC BY-SA 3.0 nl
1964-02	ACCEPTED	File:Brabham at 1964 Dutch Grand Prix (cropped).jpg	CC BY-SA 3.0 nl
1964-02	ACCEPTED	File:Clark at 1964 Dutch Grand Prix (2).jpg	CC BY-SA 3.0 nl
1964-02	ACCEPTED	File:Clark at 1964 Dutch Grand Prix (3).jpg	CC BY-SA 3.0 nl
1964-02	ACCEPTED	File:Clark at 1964 Dutch Grand Prix (5).jpg	CC BY-SA 3.0 nl
1964-02	ACCEPTED	File:Grand Prix van Nederland, het rennersveld Jim Clark in zijn Lotus in actie, Bestanddeelnr 916-4688.jpg	CC0
1964-02	ACCEPTED	File:Grand Prix van Nederland, het rennersveld Jim Clark tijdens huldiging, Bestanddeelnr 916-4698.jpg	CC0
1964-02	ACCEPTED	File:Grand Prix van Nederland, het rennersveld Jim Clark, Bestanddeelnr 916-4696.jpg	CC0
1964-02	ACCEPTED	File:Grand Prix van Nederland, het rennersveld Jim Clark, Bestanddeelnr 916-4699.jpg	CC0
1964-02	ACCEPTED	File:Grand Prix van Nederland, het rennersveld Jim Clark, Bestanddeelnr 916-4700.jpg	CC0
1964-02	ACCEPTED	File:Grand Prix van Nederland, het rennersveld Jim Clark, Bestanddeelnr 916-4701.jpg	CC0
1964-02	ACCEPTED	File:Grand Prix van Nederland, het rennersveld John Surtees (Ferrari), Bestanddeelnr 916-4697.jpg	CC0
1964-06	ACCEPTED	File:German Grand Prix at Nürburgring sign from 1964.jpg	Public domain
1964-06	ACCEPTED	File:Jim Clark004.jpg	Public domain
1965-06	ACCEPTED	File:Clark at 1965 Dutch Grand Prix (cropped).jpg	CC BY-SA 3.0 nl
1965-06	ACCEPTED	File:Clark celebrating at 1965 Dutch Grand Prix.jpg	CC BY-SA 3.0 nl
1965-06	ACCEPTED	File:Colin Chapman, de manager van autocoureur Jim Clark, die door de Zandvoortse p, Bestanddeelnr 917-9798.jpg	CC0
1965-06	ACCEPTED	File:G. Hill, Ginther, Clark and Gurney at 1965 Dutch Grand Prix.jpg	CC BY-SA 3.0 nl
1965-06	ACCEPTED	File:Ginther at 1965 Dutch Grand Prix (cropped).jpg	CC BY-SA 3.0 nl
1965-06	ACCEPTED	File:Ginther, G. Hill, Clark and Gurney at 1965 Dutch Grand Prix.jpg	CC BY-SA 3.0 nl
1965-06	ACCEPTED	File:Grote Prijs van Zandvoort, Jim Clark (6) gevolgd door Graham Hill (10), Bestanddeelnr 917-9753.jpg	CC0
1965-06	ACCEPTED	File:Grote Prijs van Zandvoort, Jim Clark (Team Lotus) voor de start, Bestanddeelnr 917-9754.jpg	CC0
1965-06	ACCEPTED	File:Grote Prijs van Zandvoort, Jim Clark met Lotus in actie, Bestanddeelnr 917-9752.jpg	CC0
1965-06	ACCEPTED	File:Grote Prijs van Zandvoort, Jim Clark na de race, omstuwd door pers en publiek, Bestanddeelnr 917-9755.jpg	CC0
1965-06	ACCEPTED	File:Start of 1965 Dutch Grand Prix.jpg	CC BY-SA 3.0 nl
1965-06	ACCEPTED	File:Training Zandvoort Grand Prix , Graham Hill (links) en Jim Clark in gesprek, Bestanddeelnr 917-9729.jpg	CC0
1965-07	ACCEPTED	File:1965-07-30 Fahrerlager Nürburgring.jpg	CC BY-SA 3.0 de
1965-07	ACCEPTED	File:1965-07-30 Paul Hawkins, Lotus-Climax.jpg	CC BY-SA 2.0 de
1965-07	ACCEPTED	File:1965-07-30 Richard Attwood, Lotus-BRM.jpg	CC BY-SA 2.0 de
1965-07	ACCEPTED	File:1965-07-30 Surtees u. Forghieri.JPG	CC BY-SA 2.0 de
1965-07	ACCEPTED	File:1965-08-01 Bandini, Lorenzo - Ferrari (Sp).jpg	CC BY-SA 2.0 de
1965-07	ACCEPTED	File:BrabhamJack19650801Südkehre.jpg	CC BY-SA 2.0 de
1965-07	ACCEPTED	File:GregoryMasten1965.jpg	CC BY-SA 2.0 de
1965-07	ACCEPTED	File:GurneyDan1965.jpg	CC BY-SA 2.0 de
1965-07	ACCEPTED	File:HulmeDenis196508 (cropped).jpg	CC BY-SA 2.0 de
1965-07	ACCEPTED	File:HulmeDenis196508 crop.jpg	CC BY-SA 2.0 de
1965-07	ACCEPTED	File:Mitter, Gerhard - Lotus1965.jpg	CC BY-SA 2.0 de
1965-08	ACCEPTED	File:Jackie Stewart vainqueur de son premier Grand Prix en F1 (Monza 1965).jpg	Public domain
1966-01	ACCEPTED	File:Graham Hill au Grand Prix de Monaco 1966.jpg	Public domain
1966-05	ACCEPTED	File:Brabham at 1966 Dutch Grand Prix (5).jpg	CC BY-SA 3.0 nl
1966-05	ACCEPTED	File:Brabham at 1966 Dutch Grand Prix (cropped).jpg	CC BY-SA 3.0 nl
1966-05	ACCEPTED	File:Brabham, Clark and Hulme at 1966 Dutch Grand Prix.jpg	CC BY-SA 3.0 nl
1966-05	ACCEPTED	File:Clark at 1966 Dutch Grand Prix (cropped).jpg	CC BY-SA 3.0 nl
1966-05	ACCEPTED	File:Grand Prix Zandvoort , training, Jack Brabham in zijn Pepco Brabham, Bestanddeelnr 919-3823.jpg	CC0
1966-05	ACCEPTED	File:Grand Prix Zandvoort , training, Lorenzo Bandini met Ferrari, Bestanddeelnr 919-3822 (cropped).jpg	CC0
1966-05	ACCEPTED	File:Grand Prix Zandvoort 1966 Taylor, Bestanddeelnr 919-3828.jpg	CC0
1966-05	ACCEPTED	File:Grand Prix Zandvoort 1966, Bestanddeelnr 919-3827.jpg	CC0
1966-05	ACCEPTED	File:Grand Prix Zandvoort 1966, Gurney (cropped).jpg	CC0
1966-05	ACCEPTED	File:Grand Prix Zandvoort 1966, McLaren (cropped).jpg	CC0
1966-05	ACCEPTED	File:Grand Prix Zandvoort 1966, Siffert (cropped).jpg	CC0
1966-05	ACCEPTED	File:Grand Prix te Zandvoort, Jack Brabham in duel met Jim Clark (rechts), Bestanddeelnr 919-3861.jpg	CC0
1966-06	ACCEPTED	File:Bandini, Lorenzo - Ferrari-12-Zylinder 1966.jpg	CC BY-SA 2.0 de
1966-06	ACCEPTED	File:Bandini1966Nürburgring.jpg	CC BY-SA 2.0 de
1966-06	ACCEPTED	File:Bandini1966cropped.jpg	CC BY-SA 2.0 de
1966-06	ACCEPTED	File:BonnierJo196608.jpg	CC BY-SA 2.0 de
1966-06	ACCEPTED	File:BrabhamJack1966B.jpg	CC BY-SA 2.0 de
1966-06	ACCEPTED	File:ClarkJim(blauesHemd)1966Aug.jpg	CC BY-SA 2.0 de
1966-06	ACCEPTED	File:GurneyDan1966Aug.jpg	CC BY-SA 2.0 de
1966-06	ACCEPTED	File:Joakim Bonnier, Cooper Maserati (1966-08-05 Sp).jpg	CC BY-SA 2.0 de
1966-06	ACCEPTED	File:John Taylor 1966.jpg	CC BY-SA 3.0
1966-06	ACCEPTED	File:McLarenBruce.jpg	CC BY-SA 2.0 de
1966-06	ACCEPTED	File:Roger Hansen and his first race with his self made Formel Vee.jpg	CC BY-SA 4.0
1966-07	ACCEPTED	File:1966 Italian GP - Ferrari 312 F1-66 - Ludovico Scarfiotti.jpg	Public domain
1966-07	ACCEPTED	File:1966 Italian GP - Ludovico Scarfiotti - Ferrari 312 F1-66.jpg	Public domain
1966-07	ACCEPTED	File:1966 Italian GP - Ludovico Scarfiotti's Ferrari 312 F1-66.jpg	Public domain
1967-03	ACCEPTED	File:Brabham at 1967 Dutch Grand Prix.jpg	CC BY-SA 3.0 nl
1967-03	ACCEPTED	File:Chapman met Graham Hill op Zandvoort, Bestanddeelnr 920-3879 (cropped).jpg	CC0
1967-03	ACCEPTED	File:Clark at 1967 Dutch Grand Prix (3).jpg	CC BY-SA 3.0 nl
1967-03	ACCEPTED	File:Clark at 1967 Dutch Grand Prix (6).jpg	CC BY-SA 3.0 nl
1967-03	ACCEPTED	File:Grand Prix te Zandvoort, Bestanddeelnr 920-3789.jpg	CC0
1967-03	ACCEPTED	File:Grand Prix te Zandvoort, Graham Hill duwt zijn Lotus naar de pits, Bestanddeelnr 920-3786.jpg	CC0
1967-03	ACCEPTED	File:Grand Prix te Zandvoort, Jim Clark (winnaar) op kop, daarachter v.l.n.r. Jo Siff, Bestanddeelnr 920-3784.jpg	CC0
1967-03	ACCEPTED	File:Grand Prix te Zandvoort, Jim Clark met krans, Bestanddeelnr 920-3787.jpg	CC0
1967-03	ACCEPTED	File:Grand Prix te Zandvoort, Jim Clark met krans, Bestanddeelnr 920-3788.jpg	CC0
1967-03	ACCEPTED	File:Grand Prix te Zandvoort, Jim Clark na de race, Bestanddeelnr 920-3793.jpg	CC0
1967-03	ACCEPTED	File:Grand Prix te Zandvoort, strijd om de derde en vierde plaats, Bestanddeelnr 920-3785.jpg	CC0
1967-03	ACCEPTED	File:Hulme at 1967 Dutch Grand Prix.jpg	CC BY-SA 3.0 nl
1967-07	ACCEPTED	File:Denis Jenkinson 1967.jpg	CC BY-SA 3.0
1967-07	ACCEPTED	File:Tony Rudd BRM engineer 1967 Nürburgring.jpg	CC BY-SA 3.0
1967-10	ACCEPTED	File:Clark67.jpg	CC BY-SA 3.0
1968-05	ACCEPTED	File:1968 Dutch Grand Prix.jpg	CC BY-SA 3.0 nl
1968-05	ACCEPTED	File:Beltoise and Stewart at 1968 Dutch Grand Prix.jpg	CC BY-SA 3.0 nl
1968-05	ACCEPTED	File:Beltoise at 1968 Dutch Grand Prix.jpg	CC BY-SA 3.0 nl
1968-05	ACCEPTED	File:Bianchi and McLaren at 1968 Dutch Grand Prix.jpg	CC BY-SA 3.0 nl
1968-05	ACCEPTED	File:Derek Bell in Ferrari (nr. 14), Bestanddeelnr 921-5604.jpg	CC0
1968-05	ACCEPTED	File:G. Hill at 1968 Dutch Grand Prix (3).jpg	CC BY-SA 3.0 nl
1968-05	ACCEPTED	File:Grand Prix 68 Zandvoort . Denny Hulme tijdens een van de pits-stoppen, Bestanddeelnr 921-4584.jpg	CC0
1968-05	ACCEPTED	File:Grand Prix 68 Zandvoort . Graham Hill (Lotus-Ford), Bestanddeelnr 921-4607.jpg	CC0
1968-05	ACCEPTED	File:Grand Prix 68 Zandvoort . Jackie Stewart, Bestanddeelnr 921-4589.jpg	CC0
1968-05	ACCEPTED	File:Grand Prix 68 Zandvoort . Jean-Marie Beltoise (Matra-Ford), Bestanddeelnr 921-4609.jpg	CC0
1968-05	ACCEPTED	File:Grand Prix 68 Zandvoort .Chris Amon (Ferrari), Bestanddeelnr 921-4611.jpg	CC0
1968-05	ACCEPTED	File:Grand Prix 68 Zandvoort .Jackie Stewart (Matra-Ford), Bestanddeelnr 921-4608.jpg	CC0
1968-08	ACCEPTED	File:BMW F2, 4-Zyl., 2 l - Hahne 1968.jpg	CC BY-SA 2.0 de
1968-08	ACCEPTED	File:Honda RA 301, John Surtees, 1968-08-04.jpg	CC BY-SA 2.0 de
1968-08	ACCEPTED	File:Nürburgring 1968 Beltoise Matra.jpg	CC BY-SA 3.0
1968-08	ACCEPTED	File:Peter Arundell 1968 kl.JPG	CC BY-SA 3.0
1968-08	ACCEPTED	File:Piers Courage 1968 Nürburgring.JPG	CC BY-SA 3.0
1968-08	ACCEPTED	File:Richard Attwood 1968 kl.JPG	CC BY-SA 3.0
1968-08	ACCEPTED	File:Rodriguez, Pedro - BRM 1968.jpg	CC BY-SA 2.0 de
1968-08	ACCEPTED	File:Stewart, J., Matra MS10, 2. Rd 1968-08-04 v2.jpg	CC BY-SA 2.0 de
1968-08	ACCEPTED	File:Stewart, J., Matra MS10, 2. Rd 1968-08-04.jpg	CC BY-SA 2.0 de
1968-11	ACCEPTED	File:Hulme68.jpg	CC BY-SA 3.0
1969-04	ACCEPTED	File:Anefo 922-5524 Jackie Stewart, Prins Bernhard Zandvoort 21.06.1969 crop.jpg	CC0
1969-04	ACCEPTED	File:De coureurs Graham Hill (links) en Colin Chapman in gesprek, Bestanddeelnr 922-5453.jpg	CC0
1969-04	ACCEPTED	File:Denny Hulme in McLaren-Ford, Bestanddeelnr 922-5455.jpg	CC0
1969-04	ACCEPTED	File:Drivers at 1969 Dutch Grand Prix.jpg	CC BY-SA 3.0 nl
1969-04	ACCEPTED	File:Een raceauto met de coureur in de pitstraat, Bestanddeelnr 922-5538.jpg	CC0
1969-04	ACCEPTED	File:Een raceauto op het circuit, Bestanddeelnr 922-5543.jpg	CC0
1969-04	ACCEPTED	File:Elford and Moser at 1969 Dutch Grand Prix.jpg	CC BY-SA 3.0 nl
1969-04	ACCEPTED	File:G. Hill at 1969 Dutch Grand Prix.jpg	CC BY-SA 3.0 nl
1969-04	ACCEPTED	File:Graham Hill in Lotus-Ford (1), Bestanddeelnr 922-5456.jpg	CC0
1969-04	ACCEPTED	File:Hulme at 1969 Dutch Grand Prix.jpg	CC BY-SA 3.0 nl
1969-04	ACCEPTED	File:Ickx at 1969 Dutch Grand Prix.jpg	CC BY-SA 3.0 nl
1969-04	ACCEPTED	File:Jackie Stewart direct na de wedstrijd, Bestanddeelnr 922-5520.jpg	CC0
1969-05	ACCEPTED	File:GP FRANCE 1969 (5096789607).jpg	CC BY-SA 2.0
1969-05	ACCEPTED	File:GP FRANCE 1969 (5096934899).jpg	CC BY-SA 2.0
1969-05	ACCEPTED	File:GP FRANCE 1969 (5096939015).jpg	CC BY-SA 2.0
1969-05	ACCEPTED	File:GP FRANCE 1969 (5096942233).jpg	CC BY-SA 2.0
1969-05	ACCEPTED	File:GP FRANCE 1969 (5096943857).jpg	CC BY-SA 2.0
1969-05	ACCEPTED	File:GP FRANCE 1969 (5097458428).jpg	CC BY-SA 2.0
1969-05	ACCEPTED	File:GP FRANCE 1969 (5097532454).jpg	CC BY-SA 2.0
1969-05	ACCEPTED	File:GP FRANCE 1969 (5097536890).jpg	CC BY-SA 2.0
1969-05	ACCEPTED	File:GP FRANCE 1969 (5097543166).jpg	CC BY-SA 2.0
1969-05	ACCEPTED	File:GP FRANCE 1969 (5097559840).jpg	CC BY-SA 2.0
1969-05	ACCEPTED	File:GP FRANCE 1969 001 (5097262614).jpg	CC BY-SA 2.0
1969-05	ACCEPTED	File:GP FRANCE 1969 002 (5097264340).jpg	CC BY-SA 2.0
1969-06	ACCEPTED	File:1969 British Grand Prix P Courage Brabham BT26 close.jpg	CC BY-SA 3.0
1969-07	ACCEPTED	File:1969 Piers Courage, Brabham-Ford.jpg	CC BY-SA 2.0 de
1969-07	ACCEPTED	File:AndrettiMario19690801Lotus63-Allrad.jpg	CC BY-SA 2.0 de
1969-07	ACCEPTED	File:Bill Ivy 1969.jpg	CC BY-SA 3.0
1969-07	ACCEPTED	File:Herrmann, Hans, Lotus Ford Cosworth F2 (1969-08-01 Sp).jpg	CC BY-SA 3.0 de
1969-07	ACCEPTED	File:HillGraham19690801Lotus-Nordkehre.jpg	CC BY-SA 2.0 de
1969-07	ACCEPTED	File:HillGraham1969Aug.jpg	CC BY-SA 2.0 de
1969-07	ACCEPTED	File:Hulme, Denis, McLaren M7A 1969-08-01.jpg	CC BY-SA 2.0 de
1969-07	ACCEPTED	File:Jackie Oliver 1969 kl.JPG	CC BY-SA 3.0
1969-07	ACCEPTED	File:Jochen Rindt 1969 (N-Ring).jpg	CC BY-SA 3.0
1969-07	ACCEPTED	File:Jochen Rindt 1969 German GP.jpg	CC BY-SA 2.0 de
1969-07	ACCEPTED	File:Mario Andretti 1969.jpg	CC BY-SA 3.0
1969-07	ACCEPTED	File:Matra MS 84 (1969).jpg	CC BY-SA 2.0 de
1970-05	ACCEPTED	File:Chapman and Rindt at 1970 Dutch Grand Prix (2).jpg	CC BY-SA 3.0 nl
1970-05	ACCEPTED	File:Chapman and Rindt at 1970 Dutch Grand Prix.jpg	CC BY-SA 3.0 nl
1970-05	ACCEPTED	File:Crowd at 1970 Dutch Grand Prix (2).jpg	CC BY-SA 3.0 nl
1970-05	ACCEPTED	File:Grand Prix 1970 van Nederland voor Formule I wagens , Zandvoort Henri Pescarolo, Bestanddeelnr 923-6113.jpg	CC0
1970-05	ACCEPTED	File:Grand Prix 1970 van Nederland voor Formule I wagens , Zandvoort Pedro Rodríguez, Bestanddeelnr 923-6112.jpg	CC0
1970-05	ACCEPTED	File:Grand Prix 1970 van Nederland voor Formule I wagens , Zandvoort Ronnie Peterson, Bestanddeelnr 923-6114.jpg	CC0
1970-05	ACCEPTED	File:Grand Prix 1970 voor Formule I wagens te Zandvoort eerste trainingsdag Pedro R, Bestanddeelnr 923-6041.jpg	CC0
1970-05	ACCEPTED	File:Grand Prix 1970 voor Formule I wagens te Zandvoort eerste trainingsdag Pitspo, Bestanddeelnr 923-6040.jpg	CC0
1970-05	ACCEPTED	File:Grand Prix 1970 voor Formule I wagens te Zandvoort eerste trainingsdag Pitsp…, Bestanddeelnr 923-6044.jpg	CC0
1970-05	ACCEPTED	File:Gurney at 1970 Dutch Grand Prix.jpg	CC BY-SA 3.0 nl
1970-05	ACCEPTED	File:Miles and Ickx at 1970 Dutch Grand Prix.jpg	CC BY-SA 3.0 nl
1970-05	ACCEPTED	File:Pits at 1970 Dutch Grand Prix (2).jpg	CC BY-SA 3.0 nl
1970-10	ACCEPTED	File:1970 Italian GP - Bonnier's McLaren-Ford M7C.jpg	Public domain
1970-10	ACCEPTED	File:1970 Italian GP - Brabham's Brabham-Ford BT33.jpg	Public domain
1970-10	ACCEPTED	File:1970 Italian GP - De Adamich's McLaren-Alfa Romeo M14D.jpg	Public domain
1970-10	ACCEPTED	File:1970 Italian GP - Giunti's Ferrari 312 B.jpg	Public domain
1970-10	ACCEPTED	File:1970 Italian GP - Siffert's March-Ford 701.jpg	Public domain
1970-10	ACCEPTED	File:1970 Italian GP - Surtees's Surtees-Ford TS7.jpg	Public domain
1971-03	ACCEPTED	File:Colin Chapman 1971 (photo manipulated).jpg	CC BY-SA 3.0
1971-03	ACCEPTED	File:Colin Chapman 1971 (retouched).jpg	CC BY-SA 3.0
1971-03	ACCEPTED	File:Colin Chapman 1971.jpg	CC BY-SA 3.0
1971-03	ACCEPTED	File:Equipe Matra.jpg	CC BY-SA 4.0
1971-03	ACCEPTED	File:Ken Tyrrell 1971.jpg	CC BY-SA 3.0
1971-03	ACCEPTED	File:Ken Tyrrell 1971a.jpg	CC BY-SA 3.0
1971-03	ACCEPTED	File:Ken Tyrrell 1971b.jpg	CC BY-SA 3.0
1971-03	ACCEPTED	File:Ron Tauranac 1971 (bearb Sp).jpg	CC BY-SA 3.0
1971-03	ACCEPTED	File:Ron Tauranac 1971 (cropped).jpg	CC BY-SA 3.0
1971-03	ACCEPTED	File:Rundentabelle GP Monaco 1971.jpg	CC BY-SA 3.0
1971-04	ACCEPTED	File:Anefo 924-6609 Clay Reggazoni, Catherine Blaton, Jacky Ickx Zandvoort 18 06 1971 - Cropped.jpg	CC BY-SA 3.0
1971-04	ACCEPTED	File:Anefo 924-6616 Jackie Stewart, Zandvoort 18.06.1971 (cropped).jpg	CC0
1971-04	ACCEPTED	File:Chris Amon, Bestanddeelnr 924-6566.jpg	CC0
1971-04	ACCEPTED	File:David Walker 1971 Lotus 56 B Pratt Whitney.jpg	CC BY-SA 3.0
1971-04	ACCEPTED	File:Gijs van Lennep (l) en daarachter Graham Hill in een Brabham, Bestanddeelnr 924-6663.jpg	CC0
1971-04	ACCEPTED	File:Gijs van Lennep in actie tijdens de training, Bestanddeelnr 924-6556.jpg	CC0
1971-04	ACCEPTED	File:Gijs van Lennep krijgt in zijn auto aanwijzingen van John Surtees, Bestanddeelnr 924-6555.jpg	CC0
1971-04	ACCEPTED	File:Gijs van Lennep, Bestanddeelnr 924-6557.jpg	CC0
1971-04	ACCEPTED	File:Gijs van Lennep, Bestanddeelnr 924-6561.jpg	CC0
1971-04	ACCEPTED	File:Graham Hill Bestanddeelnr 924-6564.jpg	CC0
1971-04	ACCEPTED	File:Graham Hill, Bestanddeelnr 924-6564.jpg	CC0
1971-04	ACCEPTED	File:Huldiging van Jacky Ickx, rechts van hem zijn echtgenote Catherine Blaton, Bestanddeelnr 924-6665.jpg	CC0
1971-05	ACCEPTED	File:Rundentabelle GP Frankreich 1971.jpg	CC BY-SA 3.0
1971-07	ACCEPTED	File:1971 Andrea de Adamich, March, Fuchsröhre.jpg	CC BY-SA 2.0 de
1971-07	ACCEPTED	File:1971 Emerson Fittipaldi, Lotus 72 (kl).JPG	CC BY-SA 3.0 de
1971-07	ACCEPTED	File:1971 Graham Hill, Brabham-Ford, Fuchsröhre.jpg	CC BY-SA 3.0 de
1971-07	ACCEPTED	File:1971 Peter Gethin, McLaren.jpg	CC BY-SA 2.0 de
1971-07	ACCEPTED	File:Andrea de Adamich, March 711 Alfa Romeo (1971).jpg	CC BY-SA 2.0 de
1971-07	ACCEPTED	File:Rundentabelle GP Deutschland 1971.jpg	CC BY-SA 3.0
1971-09	ACCEPTED	File:1971 Italian Grand Prix.jpg	Public domain
1971-09	ACCEPTED	File:English-surprise-victory-at-Monza-Radiantly-smiling-on-left-is-Peter-Gethin-391765895053.jpg	Public domain
1971-09	ACCEPTED	File:Rundentabelle GP Italien 1971.jpg	CC BY-SA 3.0
1971-11	ACCEPTED	File:Rundentabelle GP USA 1971.jpg	CC BY-SA 3.0
1972-01	ACCEPTED	File:Gp argentina 1972 01.jpg	Public domain
1972-01	ACCEPTED	File:Gp argentina 1972 02.jpg	Public domain
1972-01	ACCEPTED	File:Gp argentina 1972 03.jpg	Public domain
1972-01	ACCEPTED	File:Gp argentina 1972 04.jpg	Public domain
1972-01	ACCEPTED	File:Gp argentina 1972 05.jpg	Public domain
1972-01	ACCEPTED	File:Gp argentina 1972 06.jpg	Public domain
1972-01	ACCEPTED	File:Gp argentina 1972 07.jpg	Public domain
1972-01	ACCEPTED	File:Gp argentina 1972 08.jpg	Public domain
1972-01	ACCEPTED	File:Gp argentina 1972 09.jpg	Public domain
1972-01	ACCEPTED	File:Gp argentina 1972 10.jpg	Public domain
1972-01	ACCEPTED	File:Gp argentina 1972 11.jpg	Public domain
1972-01	ACCEPTED	File:Reutemann debut f1.jpg	Public domain
1972-06	ACCEPTED	File:1972 French Grand Prix Amon (5225621751).jpg	CC BY-SA 2.0
1972-06	ACCEPTED	File:1972 French Grand Prix Amon (5225676175).jpg	CC BY-SA 2.0
1972-06	ACCEPTED	File:1972 French Grand Prix Amon (5225679527).jpg	CC BY-SA 2.0
1972-06	ACCEPTED	File:1972 French Grand Prix Beltoise (5226254108).jpg	CC BY-SA 2.0
1972-06	ACCEPTED	File:1972 French Grand Prix Beuttler (5225611487).jpg	CC BY-SA 2.0
1972-06	ACCEPTED	File:1972 French Grand Prix Beuttler (5225615113).jpg	CC BY-SA 2.0
1972-06	ACCEPTED	File:1972 French Grand Prix Cevert (5225624337).jpg	CC BY-SA 2.0
1972-06	ACCEPTED	File:1972 French Grand Prix Cevert (5225641067).jpg	CC BY-SA 2.0
1972-06	ACCEPTED	File:1972 French Grand Prix Fittipaldi (5225674175).jpg	CC BY-SA 2.0
1972-06	ACCEPTED	File:1972 French Grand Prix Fittipaldi (5226222102).jpg	CC BY-SA 2.0
1972-06	ACCEPTED	File:1972 French Grand Prix Fittipaldi (5226234950).jpg	CC BY-SA 2.0
1972-06	ACCEPTED	File:1972 French Grand Prix Galli (5225605605) (cropped).jpg	CC BY-SA 2.0
1972-07	ACCEPTED	File:Emerson Fittipaldi - Lotus 72D approaches Druids Hill Bend at the Rothmans World Championship Victory Race at Brands Hatch (25914992192).jpg	CC BY-SA 2.0
1972-09	ACCEPTED	File:Emerson Fittipaldi 1972 Austrian GP.jpg	CC BY-SA 3.0
1972-10	ACCEPTED	File:1972 Italian GP - Jacky Ickx's Ferrari 312 B2.jpg	Public domain
1972-10	ACCEPTED	File:1972 Italian GP - Nanni Galli (Martini Tecno).jpg	Public domain
1972-10	ACCEPTED	File:1972 Italian Grand Prix, race start.jpg	Public domain
1972-10	ACCEPTED	File:G.P. d'Italia 1972, Monza variante del Vialone, Clay Regazzoni su Ferrari 312 B2.jpg	CC BY-SA 4.0
1972-12	ACCEPTED	File:Rundentabelle USA 1972.jpg	CC BY-SA 3.0
1973-01	ACCEPTED	File:Argentina gp lauda.jpg	Public domain
1973-01	ACCEPTED	File:Gp argentina 1973 01.jpg	Public domain
1973-01	ACCEPTED	File:Gp argentina 1973 02.jpg	Public domain
1973-01	ACCEPTED	File:Gp argentina 1973 03.jpg	Public domain
1973-01	ACCEPTED	File:Gp argentina 1973 04.jpg	Public domain
1973-01	ACCEPTED	File:Gp argentina 1973 05.jpg	Public domain
1973-01	ACCEPTED	File:Gp argentina 1973 06.jpg	Public domain
1973-01	ACCEPTED	File:Gp argentina 1973 07.jpg	Public domain
1973-01	ACCEPTED	File:Gp argentina 1973 08.jpg	Public domain
1973-01	ACCEPTED	File:Gp argentina 1973 09.jpg	Public domain
1973-01	ACCEPTED	File:Gp argentina 1973 10.jpg	Public domain
1973-01	ACCEPTED	File:Gp argentina 1973 11.jpg	Public domain
1973-10	ACCEPTED	File:19 Regazzoni Marlboro BRM gpN73.jpg	CC BY-SA 4.0
1973-10	ACCEPTED	File:Carlos Pace Surtees FINA 24.jpg	CC BY-SA 4.0
1973-10	ACCEPTED	File:Carlos Pace Zandvoort 1973.jpg	CC0
1973-10	ACCEPTED	File:DP LEC RW STP Ngf WmC.jpg	CC BY-SA 4.0
1973-10	ACCEPTED	File:Emerson 1 Lotus 72E.jpg	CC BY-SA 4.0
1973-10	ACCEPTED	File:Emerson Fittipaldi 1973 Dutch GP.jpg	CC0
1973-10	ACCEPTED	File:Emerson Fittipaldi Lotus 72E.jpg	CC BY-SA 4.0
1973-10	ACCEPTED	File:F Cevert 6 Tyrrell.jpg	CC BY-SA 4.0
1973-10	ACCEPTED	File:Gijs van Lennep 1973 Dutch GP 1.jpg	CC0
1973-10	ACCEPTED	File:Gijs van Lennep 1973 Dutch GP 2.jpg	CC0
1973-10	ACCEPTED	File:Gijs van Lennep 1973 Dutch GP 3 (cropped).jpg	CC0
1973-10	ACCEPTED	File:Grand Prix van Nederland op circuit Zandvoort Peterson leidt, gevolgd door Stew, Bestanddeelnr 254-9434.jpg	CC0
1973-11	ACCEPTED	File:Francois Cevert 1973 cro.jpg	CC BY-SA 3.0
1973-11	ACCEPTED	File:Francois Cevert 1973.jpg	CC BY-SA 3.0
1973-11	ACCEPTED	File:George Follmer 1973.jpg	CC BY-SA 3.0
1973-11	ACCEPTED	File:Howden Ganley Williams dsagWmC.jpg	CC BY-SA 4.0
1973-11	ACCEPTED	File:Jacky Ickx Yardley McLaren M23.jpg	CC BY-SA 4.0
1973-11	ACCEPTED	File:Jochen Mass WmC.jpg	CC BY-SA 4.0
1973-11	ACCEPTED	File:Peter Revson 1973 Nürburgring a (cropped).jpg	CC BY-SA 3.0
1973-13	ACCEPTED	File:Jackie Oliver Shadow Ford 1973 Monza.jpg	CC BY 4.0
1973-13	ACCEPTED	File:McLaren Ford M23 spare car 1973 Italian GP.jpg	CC BY 4.0
1974-01	ACCEPTED	File:Gp argentina 1974 01.jpg	Public domain
1974-01	ACCEPTED	File:Gp argentina 1974 02.jpg	Public domain
1974-01	ACCEPTED	File:Gp argentina 1974 03.jpg	Public domain
1974-01	ACCEPTED	File:Gp argentina 1974 04.jpg	Public domain
1974-01	ACCEPTED	File:Gp argentina 1974 06.jpg	Public domain
1974-01	ACCEPTED	File:Gp argentina 1974 07.jpg	Public domain
1974-01	ACCEPTED	File:Gp argentina 1974 08.jpg	Public domain
1974-01	ACCEPTED	File:Gp argentina 1974 09.jpg	Public domain
1974-01	ACCEPTED	File:Gp argentina 1974 10.jpg	Public domain
1974-01	ACCEPTED	File:Gp argentina 1974 11.jpg	Public domain
1974-01	ACCEPTED	File:Gp argentina 1974 12.jpg	Public domain
1974-01	ACCEPTED	File:Gp argentina 1974 13.jpg	Public domain
1974-08	ACCEPTED	File:Clay Regazzoni at 1974 Dutch Grand Prix.jpg	CC BY-SA 3.0 nl
1974-08	ACCEPTED	File:Drivers at 1974 Dutch Grand Prix.jpg	CC BY-SA 3.0 nl
1974-08	ACCEPTED	File:Grand Prix op Zandvoort, Niki Lauda (Oostenrijk) tijdens huldiging, Bestanddeelnr 927-2750.jpg	CC0
1974-08	ACCEPTED	File:Grand Prix op Zandvoort, nr 19, 20, 22 Fitipaldi (5) en Hailwood (33) in actie, Bestanddeelnr 927-2754.jpg	CC0
1974-08	ACCEPTED	File:Lauda at 1974 Dutch Grand Prix (2) (cropped).jpg	CC BY-SA 3.0 nl
1974-08	ACCEPTED	File:Lauda at 1974 Dutch Grand Prix (3).jpg	CC BY-SA 3.0 nl
1974-08	ACCEPTED	File:Training Grand Prix op Zandvoort Gijs van Lennep tijdens training, Bestanddeelnr 927-2734.jpg	CC0
1974-08	ACCEPTED	File:Van Lennep at 1974 Dutch Grand Prix (2).jpg	CC BY-SA 3.0 nl
1974-08	ACCEPTED	File:Van Lennep at 1974 Dutch Grand Prix (3).jpg	CC0
1974-10	ACCEPTED	File:Brand Hatch Druids GP 74 03.jpg	CC BY-SA 3.0
1974-10	ACCEPTED	File:Brand Hatch Druids GP 74 Clay Ronnie.jpg	CC BY-SA 3.0
1974-10	ACCEPTED	File:British GP74 Start WmC.jpg	CC BY-SA 4.0
1974-10	ACCEPTED	File:Clay Regazzoni - Ferrari 312B3 at the 1974 British Grand Prix (50068588857).jpg	CC BY-SA 2.0
1974-10	ACCEPTED	File:Emerson Fittipaldi 1974 Brands Hatch.jpg	CC BY-SA 2.0
1974-10	ACCEPTED	File:Emerson Fittipaldi BH74 13.jpg	CC BY-SA 3.0
1974-10	ACCEPTED	File:Graham Hill 1974 British GP.jpg	CC BY-SA 2.0
1974-10	ACCEPTED	File:Hans-Stuck-07.jpg	CC BY-SA 3.0
1974-10	ACCEPTED	File:Jacky Ickyx Lotus 72 E.jpg	CC BY-SA 4.0
1974-10	ACCEPTED	File:Jochen Mass British GP 1974.jpg	CC BY-SA 2.0
1974-10	ACCEPTED	File:McLaren Fittipaldi 0066.jpg	CC BY-SA 4.0
1974-10	ACCEPTED	File:Niki Ferrari 12.jpg	CC BY-SA 3.0
1974-13	ACCEPTED	File:1974 Italian GP - Lauda, Regazzoni, Fittipaldi.jpg	Public domain
1974-15	ACCEPTED	File:Carlos Pace 1974 Watkins Glen 2.jpg	CC BY 2.0
1974-15	ACCEPTED	File:Carlos Pace 1974 Watkins Glen.jpg	CC BY 2.0
1974-15	ACCEPTED	File:Clay Regazzoni 1974 Watkins Glen (cropped).jpg	CC BY 2.0
1974-15	ACCEPTED	File:Embassy Racing engine 1974 Watkins Glen.jpg	CC BY 2.0
1974-15	ACCEPTED	File:Emerson Fittipaldi 1974 Watkins Glen.jpg	CC BY 2.0
1974-15	ACCEPTED	File:Graham Hill 1974 Watkins Glen.jpg	CC BY 2.0
1974-15	ACCEPTED	File:Jackie Stewart 1974 Watkins Glen.jpg	CC BY 2.0
1974-15	ACCEPTED	File:James Hunt 1974 Watkins Glen 2.jpg	CC BY 2.0
1974-15	ACCEPTED	File:James Hunt 1974 Watkins Glen.jpg	CC BY 2.0
1974-15	ACCEPTED	File:Jean-Pierre Jarier 1974 Watkins Glen.jpg	CC BY 2.0
1974-15	ACCEPTED	File:Jochen Mass and Emerson Fittipaldi 1974 Watkins Glen.jpg	CC BY 2.0
1974-15	ACCEPTED	File:John Watson 1974 Watkins Glen.jpg	CC BY 2.0
1975-01	ACCEPTED	File:Gp argentina 1975 01.jpg	Public domain
1975-05	ACCEPTED	File:Monaco 1975 - Bob Evans - NQ.jpg	CC BY-SA 4.0
1975-08	ACCEPTED	File:Huldiging van winnaar James Hunt, Bestanddeelnr 928-0062.jpg	CC0
1975-08	ACCEPTED	File:Huldiging van winnaar James Hunt, Bestanddeelnr 928-0063.jpg	CC0
1975-08	ACCEPTED	File:Hunt and Lauda at 1975 Dutch Grand Prix.jpg	CC BY-SA 3.0 nl
1975-08	ACCEPTED	File:Hunt, Lauda and Pryce at 1975 Dutch Grand Prix.jpg	CC BY-SA 3.0 nl
1975-08	ACCEPTED	File:Lauda (12) gevolgd door Jarier (17), Bestanddeelnr 928-0065.jpg	CC0
1975-08	ACCEPTED	File:Lauda and Depailler at 1975 Dutch Grand Prix.jpg	CC BY-SA 3.0 nl
1975-08	ACCEPTED	File:Lombardi Brambilla cropped.jpg	CC BY-SA 3.0
1975-08	ACCEPTED	File:Lombardi Brambilla.jpg	CC BY-SA 3.0 nl
1975-08	ACCEPTED	File:Lombardi at 1975 Dutch Grand Prix.jpg	CC BY-SA 3.0 nl
1975-08	ACCEPTED	File:Niki Lauda, Bestanddeelnr 928-0040.jpg	CC0
1975-08	ACCEPTED	File:Podium at 1975 Dutch Grand Prix.jpg	CC BY-SA 3.0 nl
1975-10	ACCEPTED	File:1975 British GP March 751 Penske.jpg	CC BY-SA 3.0
1975-10	ACCEPTED	File:Carlos Pace 74 (cropped).jpg	CC BY-SA 3.0
1975-10	ACCEPTED	File:Carlos Reutemann and Niki Lauda 1975 British Grand Prix (2).jpg	CC BY-SA 3.0
1975-10	ACCEPTED	File:Carlos Reutemann and Niki Lauda 1975 British Grand Prix.jpg	CC BY-SA 3.0
1975-10	ACCEPTED	File:Emmerson Fittipaldi pits.jpg	CC BY-SA 3.0
1975-10	ACCEPTED	File:Ferrari 312T Pits JPGP 75 16.jpg	CC BY-SA 3.0
1975-10	ACCEPTED	File:Ferrari 312T Pits JPGP 75 5.jpg	CC BY-SA 3.0
1975-10	ACCEPTED	File:Ferrari 312T Uncovered JPGP 75 2.jpg	CC BY-SA 3.0
1975-10	ACCEPTED	File:Jim Crawford 40060.jpg	CC BY-SA 3.0
1975-10	ACCEPTED	File:Jim Crawford Brit GP75 40082.jpg	CC BY-SA 3.0
1975-10	ACCEPTED	File:Jody Scheckter Tyrrell Silverstone 39 b.jpg	CC BY-SA 4.0
1975-10	ACCEPTED	File:Mario Andretti's Parnelli VPJ-4, 1975 British Grand Prix.jpg	CC BY-SA 3.0
1975-12	ACCEPTED	File:Peterson hunt austrian gp.jpg	Public domain
1975-12	ACCEPTED	File:Reutemann ecclestone.jpg	Public domain
1975-12	ACCEPTED	File:Vittorio brambilla.jpg	Public domain
1975-13	ACCEPTED	File:1975 Italian GP - A group at the Mirabello chicane.jpg	Public domain
1975-13	ACCEPTED	File:1975 Italian GP - Emerson Fittipaldi on McLaren-Ford M23C.jpg	Public domain
1975-13	ACCEPTED	File:1975 Italian GP - Ferrari box rejoices.jpg	Public domain
1975-13	ACCEPTED	File:1975 Italian GP - Ferrari's party for the winner Clay Regazzoni.jpg	Public domain
1975-13	ACCEPTED	File:1975 Italian GP - Fittipaldi overtakes Lauda.jpg	Public domain
1975-13	ACCEPTED	File:1975 Italian GP - Niki Lauda - Ferrari 312T.jpg	Public domain
1975-13	ACCEPTED	File:1975 Italian GP - Niki Lauda.jpg	Public domain
1975-13	ACCEPTED	File:1975 Italian GP - Regazzoni and Lauda - Ferrari 312T.jpg	Public domain
1975-13	ACCEPTED	File:1975 Italian GP - Regazzoni and Lauda at the Mirabello chicane.jpg	Public domain
1975-13	ACCEPTED	File:1975 Italian GP - The new F1 Drivers' World Champion Niki Lauda on the podium.jpg	Public domain
1975-13	ACCEPTED	File:1975 Italian GP - The winner Clay Regazzoni on the podium.jpg	Public domain
1975-13	ACCEPTED	File:1975 Italian GP race start - Lauda and Regazzoni.jpg	Public domain
1975-14	ACCEPTED	File:Carlos Pace 1975 Watkins Glen 2.jpg	CC BY 2.0
1975-14	ACCEPTED	File:Carlos Pace 1975 Watkins Glen 3.jpg	CC BY 2.0
1975-14	ACCEPTED	File:Carlos Pace 1975 Watkins Glen.jpg	CC BY 2.0
1975-14	ACCEPTED	File:Carlos Reutemann 1975 Watkins Glen.jpg	CC BY 2.0
1975-14	ACCEPTED	File:Clay Regazzoni 1975 Watkins Glen 2.jpg	CC BY 2.0
1975-14	ACCEPTED	File:Clay Regazzoni 1975 Watkins Glen 3.jpg	CC BY 2.0
1975-14	ACCEPTED	File:Clay Regazzoni 1975 Watkins Glen 4.jpg	CC BY 2.0
1975-14	ACCEPTED	File:Clay Regazzoni 1975 Watkins Glen 6.jpg	CC BY 2.0
1975-14	ACCEPTED	File:Clay Regazzoni 1975 Watkins Glen.jpg	CC BY 2.0
1975-14	ACCEPTED	File:Driver meeting 1975 Watkins Glen 2.jpg	CC BY 2.0
1975-14	ACCEPTED	File:Driver meeting 1975 Watkins Glen.jpg	CC BY 2.0
1975-14	ACCEPTED	File:Jacques Laffite 1975 Watkins Glen.jpg	CC BY 2.0
1976-03	ACCEPTED	File:Emerson Fittipaldi 1976 Long Beach 2.jpg	CC BY 2.0
1976-03	ACCEPTED	File:Emerson Fittipaldi 1976 Long Beach.jpg	CC BY 2.0
1976-03	ACCEPTED	File:Gunnar Nilsson 1976 Long Beach.jpg	CC BY 2.0
1976-03	ACCEPTED	File:Harald Ertl 1976 Long Beach.jpg	CC BY 2.0
1976-03	ACCEPTED	File:Jody Scheckter and James Hunt 1976 Long Beach.jpg	CC BY 2.0
1976-03	ACCEPTED	File:John Watson and Ronnie Peterson 1976 Long Beach.jpg	CC BY 2.0
1976-03	ACCEPTED	File:Niki Lauda 1976 Long Beach 2.jpg	CC BY 2.0
1976-03	ACCEPTED	File:Niki Lauda 1976 Long Beach.jpg	CC BY 2.0
1976-03	ACCEPTED	File:Patrick Depailler 1976 Long Beach.jpg	CC BY 2.0
1976-03	ACCEPTED	File:Ronnie Peterson 1976 Long Beach.jpg	CC BY 2.0
1976-03	ACCEPTED	File:Tom Pryce 1976 Long Beach.jpg	CC BY 2.0
1976-06	ACCEPTED	File:Carlos Reutemann 1976 Monaco.jpg	CC BY-SA 2.0
1976-06	ACCEPTED	File:Gérard Crombac.jpg	CC BY-SA 4.0
1976-06	ACCEPTED	File:Monaco 1976 - Clay Regazzoni - 03.jpg	CC BY-SA 4.0
1976-09	ACCEPTED	File:1976 British GP Amon Ensign (2).jpg	CC BY-SA 3.0
1976-09	ACCEPTED	File:1976 British GP Amon Ensign.jpg	CC BY-SA 3.0
1976-09	ACCEPTED	File:1976 British GP Jarier.jpg	CC BY-SA 3.0
1976-09	ACCEPTED	File:1976 British GP Pace Brabham.jpg	CC BY-SA 3.0
1976-09	ACCEPTED	File:1976 British GP Tom Pryce.jpg	CC BY-SA 3.0
1976-09	ACCEPTED	File:1976 British Grand Prix Hans Stuck.jpg	CC BY-SA 3.0
1976-09	ACCEPTED	File:1976 British Grand Prix Peterson.jpg	CC BY-SA 3.0
1976-09	ACCEPTED	File:Carlos Pace Brabham BT45 1976 British Grand Prix front view.jpg	CC BY-SA 4.0
1976-09	ACCEPTED	File:Carlos Pace Brabham BT45 1976 British Grand Prix.jpg	CC BY-SA 3.0
1976-09	ACCEPTED	File:Emerson Fittipaldi BH76 02.jpg	CC BY-SA 3.0
1976-09	ACCEPTED	File:Hunt Wins 09.jpg	CC BY-SA 3.0
1976-09	ACCEPTED	File:Jackie Stewart with DAG fan.jpg	CC BY-SA 4.0
1976-10	ACCEPTED	File:1976-07-10 Gunnar Nilsson im BMW CSL (cropped).jpg	CC BY-SA 2.0 de
1976-10	ACCEPTED	File:LaudaNiki19760731Ferrari312T2.jpg	CC BY-SA 2.0 de
1976-10	ACCEPTED	File:Regazzoni, Clay am 31.07.1976 - Ferrari 312T 2.jpg	CC BY-SA 2.0 de
1976-10	ACCEPTED	File:Regazzoni, Clay am 31.07.1976 - Ferrari 312T.jpg	CC BY-SA 2.0 de
1976-10	ACCEPTED	File:ScheckterJody1976-07-31Tyrrell-FordP34.jpg	CC BY-SA 2.0 de
1976-10	ACCEPTED	File:Stommelen auf Brabham 1976.jpg	CC BY-SA 2.0 de
1976-10	ACCEPTED	File:StuckHansJ1976-07-31.jpg	CC BY-SA 2.0 de
1976-10	ACCEPTED	File:Vittorio Brambilla - March Ford 761 (Foto Spu 1976-07-31).jpg	CC BY-SA 2.0 de
1976-12	ACCEPTED	File:Depailler and Fittipaldi at 1976 Dutch Grand Prix.jpg	CC BY-SA 3.0 nl
1976-12	ACCEPTED	File:Grand Prix op Zandvoort, winnaar James Hunt tijdens huldiging, Bestanddeelnr 928-7513 (cropped).jpg	CC0
1976-12	ACCEPTED	File:Grand Prix op Zandvoort, winnaar James Hunt tijdens huldiging, Bestanddeelnr 928-7514.jpg	CC0
1976-12	ACCEPTED	File:Hayje at 1976 Dutch Grand Prix.jpg	CC BY-SA 3.0 nl
1976-12	ACCEPTED	File:Hunt and Watson at 1976 Dutch Grand Prix.jpg	CC BY-SA 3.0 nl
1976-12	ACCEPTED	File:Hunt at 1976 Dutch Grand Prix.jpg	CC BY-SA 3.0 nl
1976-12	ACCEPTED	File:James Hunt - Dutch GP 1976 crop mod.jpg	CC BY-SA 3.0
1976-12	ACCEPTED	File:James Hunt - Dutch GP 1976 crop.jpg	CC BY-SA 3.0
1976-12	ACCEPTED	File:James Hunt - Dutch GP 1976.jpg	CC0
1976-12	ACCEPTED	File:Regazzoni at 1976 Dutch Grand Prix.jpg	CC BY-SA 3.0 nl
1976-12	ACCEPTED	File:Ronnie Peterson (10) in March-Ford, Bestanddeelnr 928-7516.jpg	CC0
1976-12	ACCEPTED	File:Training Grand Prix op Zandvoort Peterman tijdens training, Bestanddeelnr 928-7499.jpg	CC0
1976-13	ACCEPTED	File:Hunt e Lauda a Monza.JPG	Public domain
1976-13	ACCEPTED	File:Jacques Laffite GP Italia 1976.jpg	Public domain
1976-13	ACCEPTED	File:Lauda GP Italia 1976.jpg	Public domain
1976-13	ACCEPTED	File:Niki Lauda al termine del Gp Italia 1976.JPG	Public domain
1976-13	ACCEPTED	File:Otto Stuppacher GP Italia 1976.jpg	Public domain
1976-13	ACCEPTED	File:Palco GP Italia 1976.JPG	Public domain
1976-13	ACCEPTED	File:Reutemann GP Italia 1976.jpg	Public domain
1976-13	ACCEPTED	File:Ronnie Peterson GP Italia 1976.jpg	Public domain
1977-01	ACCEPTED	File:1977 Argentine Grand Prix Andretti.jpg	Public domain
1977-01	ACCEPTED	File:1977 Argentine Grand Prix Binder.jpg	Public domain
1977-01	ACCEPTED	File:1977 Argentine Grand Prix Hoffmann.jpg	Public domain
1977-01	ACCEPTED	File:1977 Argentine Grand Prix Ian Scheckter.jpg	Public domain
1977-01	ACCEPTED	File:1977 Argentine Grand Prix Jody Scheckter 2.jpg	Public domain
1977-01	ACCEPTED	File:1977 Argentine Grand Prix Jody Scheckter celebrate (cropped).jpg	Public domain
1977-01	ACCEPTED	File:1977 Argentine Grand Prix Jody Scheckter.jpg	Public domain
1977-01	ACCEPTED	File:1977 Argentine Grand Prix Pryce.jpg	Public domain
1977-01	ACCEPTED	File:1977 Argentine Grand Prix Reutemann.jpg	Public domain
1977-01	ACCEPTED	File:1977 Argentine Grand Prix Ribeiro (cropped).jpg	Public domain
1977-01	ACCEPTED	File:1977 Argentine Grand Prix Watson.jpg	Public domain
1977-01	ACCEPTED	File:Carlos Pace Buenos Aires 1977 Brabham BT 45 Alfa Romeo (20986023703).jpg	CC BY-SA 2.0
1977-02	ACCEPTED	File:Brabham BT45B 1977 Interlagos (2).jpg	CC BY 2.0
1977-02	ACCEPTED	File:Brabham BT45B 1977 Interlagos.jpg	CC BY 2.0
1977-02	ACCEPTED	File:Marlboro Team McLaren.jpg	CC BY 2.0
1977-06	ACCEPTED	File:Carlos Reutemann - Ferrari 312T2 heads out of Tabac at the 1977 Monaco GP.jpg	CC BY-SA 2.0
1977-06	ACCEPTED	File:Carlos Reutemann - Ferrari 312T2 leads Niki Lauda - Ferrari 312T2 into the swimming pool complex at the 1977 Monaco GP.jpg	CC BY-SA 2.0
1977-06	ACCEPTED	File:Dijon 1977 - Derek Gardner.jpg	CC BY-SA 4.0
1977-06	ACCEPTED	File:Emerson Fittipaldi - Fittipaldi FD04 leads Rupert Keegan - Hesketh 308E at Tabac at the 1977 Monaco GP.jpg	CC BY-SA 2.0
1977-06	ACCEPTED	File:Gunnar Nilsson - Lotus 78 at Tabac at the 1977 Monaco GP.jpg	CC BY-SA 2.0
1977-06	ACCEPTED	File:Hans-Joachim Stuck - Brabham BT45B at Tabac at the 1977 Monaco GP.jpg	CC BY-SA 2.0
1977-06	ACCEPTED	File:James Hunt - McLaren M23 Tabac at the 1977 Monaco GP.jpg	CC BY-SA 2.0
1977-06	ACCEPTED	File:James Hunt - McLaren M23 at Tabac at the 1977 Monaco GP.jpg	CC BY-SA 2.0
1977-06	ACCEPTED	File:James Hunt - McLaren M23 enters Casino Square at the 1977 Monaco GP.jpg	CC BY-SA 2.0
1977-06	ACCEPTED	File:Jean-Pierre Jarier - Penske PC4 at Tabac at the 1977 Monaco GP (cropped).jpg	CC BY-SA 2.0
1977-06	ACCEPTED	File:Jochen Mass - McLaren M23 at Tabac at the 1977 Monaco GP.jpg	CC BY-SA 2.0
1977-06	ACCEPTED	File:Jochen Mass - McLaren M23 leads Mario Andretti - Lotus 78 at Tabac at the 1977 Monaco GP.jpg	CC BY-SA 2.0
1977-09	ACCEPTED	File:Hans Joachim Stuck at Dijon-Prenois 1977.jpg	CC BY-SA 2.0
1977-13	ACCEPTED	File:Accident at 1977 Dutch Grand Prix - Jean-Pierre Jabouille (cropped).jpg	CC0
1977-13	ACCEPTED	File:Accident at 1977 Dutch Grand Prix.jpg	CC0
1977-13	ACCEPTED	File:Grand Prix Zandvoort Niki Lauda op kop met daarachter Jacques Laffite die tweed, Bestanddeelnr 929-3237.jpg	CC0
1977-13	ACCEPTED	File:Grand Prix Zandvoort Niki Lauda tijdens huldiging met Jacques Laffite (2e) en J, Bestanddeelnr 929-3240.jpg	CC0
1977-13	ACCEPTED	File:Grand Prix Zandvoort Niki Lauda tijdens huldiging, Bestanddeelnr 929-3238.jpg	CC0
1977-13	ACCEPTED	File:Hayje at 1977 Dutch Grand Prix.jpg	CC BY-SA 3.0 nl
1977-13	ACCEPTED	File:Kwalificatieritten voor training Grand Prix van Nederland Michel Bleekemolen (ko, Bestanddeelnr 929-3170.jpg	CC0
1977-13	ACCEPTED	File:Kwalificatieritten voor training Grand Prix van Nederland Michel Bleekemolen kri, Bestanddeelnr 929-3168.jpg	CC0
1977-13	ACCEPTED	File:Lauda and Laffite at 1977 Dutch Grand Prix.jpg	CC BY-SA 3.0 nl
1977-13	ACCEPTED	File:Lauda at 1977 Dutch Grand Prix.jpg	CC0
1977-13	ACCEPTED	File:Lauda celebrating at 1977 Dutch Grand Prix (2).jpg	CC BY-SA 3.0 nl
1977-13	ACCEPTED	File:Lauda celebrating at 1977 Dutch Grand Prix crop.jpg	CC BY-SA 3.0
1977-14	ACCEPTED	File:Monza 1977 - Mario Andretti - Vainqueur et Recordman du tour.jpg	CC BY-SA 4.0
1978-01	ACCEPTED	File:1978 Argentine Grand Prix Reutemann.jpg	Public domain
1978-05	ACCEPTED	File:1978 - Monaco - Brambilla - 01.jpg	CC BY-SA 4.0
1978-05	ACCEPTED	File:Carlso Reutemann - Ferrari 312T3 ready to leave the pit lane at the 1978 Monaco GP (50046761658).jpg	CC BY-SA 2.0
1978-05	ACCEPTED	File:Gilles Villeneuve - Monaco 1978.jpg	CC BY-SA 4.0
1978-05	ACCEPTED	File:Jacky Ickx heads for the drivers briefing at the 1978 Monaco GP (50046762223).jpg	CC BY-SA 2.0
1978-05	ACCEPTED	File:Mario Andretti sits in his Lotus 79 in the paddock at the 1978 Monaco GP (50046761873).jpg	CC BY-SA 2.0
1978-05	ACCEPTED	File:Mario Andretti trots to the drivers briefing at the 1978 Monaco GP (50047584672).jpg	CC BY-SA 2.0
1978-05	ACCEPTED	File:Monaco 1978 - Niki Lauda - 02.jpg	CC BY-SA 4.0
1978-05	ACCEPTED	File:Monaco 1978 - Patrick Depailler.jpg	CC BY-SA 4.0
1978-05	ACCEPTED	File:Niki Lauda leaves the drivers briefing at the 1978 Monaco GP (50047323031).jpg	CC BY-SA 2.0
1978-05	ACCEPTED	File:Patrick Depailler leaves the drivers briefing at the 1978 Monaco GP (50047584782).jpg	CC BY-SA 2.0
1978-05	ACCEPTED	File:Patrick Depailler takes the Tyrrell 008 camera car for a lap during practice for the 1978 Monaco Grand Prix (54977651074).jpg	CC BY-SA 4.0
1978-05	ACCEPTED	File:Rupert Keegan leaves the drivers briefing at the 1978 Monaco GP (50047323536) (cropped).jpg	CC BY-SA 2.0
1978-10	ACCEPTED	File:78BH Bruno McLaren M26 dag.jpg	CC BY-SA 4.0
1978-10	ACCEPTED	File:78BH Carlos Reutemann Ferrari 312 dag.jpg	CC BY-SA 4.0
1978-10	ACCEPTED	File:78BH Elf Tyrrell Depailler Pironi.jpg	CC BY-SA 4.0
1978-10	ACCEPTED	File:78BH Fittpaldi CoperSucar dag.jpg	CC BY-SA 4.0
1978-10	ACCEPTED	File:78BH Jacques Laffite Ligier JS9 dag.jpg	CC BY-SA 4.0
1978-10	ACCEPTED	File:78BH James Hunt McLaren M26 dag.jpg	CC BY-SA 4.0
1978-10	ACCEPTED	File:78BH Jean-Pierre Jabouille dag.jpg	CC BY-SA 4.0
1978-10	ACCEPTED	File:78BH Jody Scheckter Wolf WR5 dag.jpg	CC BY-SA 4.0
1978-10	ACCEPTED	File:78BH Jody Wolf Druids dag.jpg	CC BY-SA 4.0
1978-10	ACCEPTED	File:78BH John Watson Brabham BT46.jpg	CC BY-SA 4.0
1978-10	ACCEPTED	File:78BH Niki Lauda Brabham BT46.jpg	CC BY-SA 4.0
1978-10	ACCEPTED	File:78BH Ronnie Peterson JPS Lotus 79 dag.jpg	CC BY-SA 4.0
1978-13	ACCEPTED	File:Andretti celebrating at 1978 Dutch Grand Prix.jpg	CC BY-SA 3.0 nl
1978-13	ACCEPTED	File:Bleekemolen, van Lennep and Hezemans at 1978 Dutch Grand Prix.jpg	CC BY-SA 3.0 nl
1978-13	ACCEPTED	File:Chapman and Andretti at 1978 Dutch Grand Prix.jpg	CC BY-SA 3.0 nl
1978-13	ACCEPTED	File:Grand Prix Zandvoort Mario Andretti op kop met daar achter Ronnie Petterson, Bestanddeelnr 929-8743.jpg	CC0
1978-13	ACCEPTED	File:Lauda at 1978 Dutch Grand Prix (2).jpg	CC BY-SA 3.0 nl
1978-13	ACCEPTED	File:Lauda at 1978 Dutch Grand Prix (cropped).jpg	CC BY-SA 3.0 nl
1978-13	ACCEPTED	File:Mario Andretti celebrating at 1978 Dutch Grand Prix (cropped).jpg	CC BY-SA 3.0 nl
1978-13	ACCEPTED	File:Michael Bleekemolen test ATS-wagen voor Grand Prix op Zandvoort, Bestanddeelnr 929-8576.jpg	CC0
1978-13	ACCEPTED	File:Peterson at 1978 Dutch Grand Prix.jpg	CC0
1978-13	ACCEPTED	File:Start accident at 1978 Dutch Grand Prix.jpg	CC BY-SA 3.0 nl
1978-13	ACCEPTED	File:Training Grand Prix Zandvoort Michel Bleekemolen, Bestanddeelnr 929-8726.jpg	CC0
1978-14	ACCEPTED	File:Arrows at Monza 1978.jpg	CC BY 2.0
1978-14	ACCEPTED	File:Jody Scheckter Monza 1978.jpg	CC BY 2.0
1978-14	ACCEPTED	File:Jody Scheckter at Monza 1978.jpg	CC BY 2.0
1978-14	ACCEPTED	File:Ronnie Peterson and Jackie Stewart - Monza 1978.jpg	CC BY-SA 4.0
1978-14	ACCEPTED	File:Ronnie Peterson at Monza 1978.jpg	CC BY 2.0
1978-15	ACCEPTED	File:Carlos Reutemann Walkins Glen Ferrari 1978.jpg	CC BY-SA 3.0
1979-01	ACCEPTED	File:Gp argentina 1979 01.jpg	Public domain
1979-01	ACCEPTED	File:Gp argentina 1979 03.jpg	Public domain
1979-01	ACCEPTED	File:Gp argentina 1979 04.jpg	Public domain
1979-01	ACCEPTED	File:Gp argentina 1979 05.jpg	Public domain
1979-01	ACCEPTED	File:Gp argentina 1979 06.jpg	Public domain
1979-01	ACCEPTED	File:Gp argentina 1979 07.jpg	Public domain
1979-01	ACCEPTED	File:Gp argentina 1979 08.jpg	Public domain
1979-01	ACCEPTED	File:Gp argentina 1979 09.jpg	Public domain
1979-03	ACCEPTED	File:Carlos Reutemann 1979 Kyalami.jpg	CC BY-SA 2.0
1979-06	ACCEPTED	File:1979-05 Bruno Giacomelli - Zolder - Alfa Romeo - Formel 1.jpg	CC BY-SA 4.0
1979-06	ACCEPTED	File:1979-05 Hans-Joachim Stuck - Zolder - ATS Racing Team - Formel 1.jpg	CC BY-SA 4.0
1979-06	ACCEPTED	File:1979-05 Mario Andretti - Zolder - Formel 1.jpg	CC BY-SA 4.0
1979-06	ACCEPTED	File:1979-05 Zolder - Mario Andretti - Formel 1.jpg	CC BY-SA 4.0
1979-06	ACCEPTED	File:1979-05 Zolder -Niki Lauda - Formel 1 - AlfaRomeo.jpg	CC BY-SA 4.0
1979-06	ACCEPTED	File:Carlos Reutemann 1979 Zolder.jpg	CC BY-SA 2.0
1979-06	ACCEPTED	File:Elio de Angelis and Hans Stuck during the drivers parade at the 1979 Belgian Grand Prix, Zolder (54701300376).jpg	CC BY-SA 4.0
1979-06	ACCEPTED	File:Ferrari 312T4 - Jody Scheckter at the 1979 Belgian Grand Prix, Zolder (51632958993).jpg	CC BY-SA 2.0
1979-06	ACCEPTED	File:Gilles Villeneuve and Mario Andretti during the drivers parade at the 1979 Belgian Grand Prix, Zolder (54701629880).jpg	CC BY-SA 4.0
1979-06	ACCEPTED	File:Gilles Villeneuve and Riccardo Patrese, Zolder 1979.jpg	Public domain
1979-06	ACCEPTED	File:Jody Schecter - Ferrari 312T4 at the 1979 Belgian Grand Prix, Zolder (54701629865).jpg	CC BY-SA 4.0
1979-06	ACCEPTED	File:Mario Andretti in 1979.jpg	CC BY-SA 2.0
1979-07	ACCEPTED	File:Alan Jones - Williams FW07 at Rascasse during practice for the 1979 Monaco GP (49984746103).jpg	CC BY-SA 2.0
1979-07	ACCEPTED	File:Carlos Reutemann - Lotus 79 approaches Piscine during practice for the 1979 Monaco GP (49985522712).jpg	CC BY-SA 2.0
1979-07	ACCEPTED	File:Carlos Reutemann - Lotus 79 at Rascasse during practice for the 1979 Monaco GP (49985522687).jpg	CC BY-SA 2.0
1979-07	ACCEPTED	File:Carlos Reutemann 1979 Monaco 2.jpg	CC BY-SA 2.0
1979-07	ACCEPTED	File:Carlos Reutemann 1979 Monaco.jpg	CC BY-SA 2.0
1979-07	ACCEPTED	File:Carlos Reutemann and Mario Andretti 1979 Monaco.jpg	CC BY-SA 2.0
1979-07	ACCEPTED	File:Clay Regazzoni - Williams FW07 approaches Rascasse during practice for the 1979 Monaco GP (49985522647).jpg	CC BY-SA 2.0
1979-07	ACCEPTED	File:Gilles Villeneuve - Ferrari 312 T4 at Rascasse during practice for the 1979 Monaco GP (49984745548).jpg	CC BY-SA 2.0
1979-07	ACCEPTED	File:Gilles Villeneuve - Ferrari 312 T4 leads Jan Lammers - Shadow DN 9B at Rascasse during practice for the 1979 Monaco GP (49985522622).jpg	CC BY-SA 2.0
1979-07	ACCEPTED	File:Gilles Villeneuve, Monaco 1979.jpg	Public domain
1979-07	ACCEPTED	File:Jacques Laffite - Ligier JS11 approaches Piscine during practice for the 1979 Monaco GP (49985522587).jpg	CC BY-SA 2.0
1979-07	ACCEPTED	File:Jacques Laffite - Ligier JS11 leads Jan Lammers - Shadow DN 9B into Rascasse during practice for the 1979 Monaco GP (49985522557).jpg	CC BY-SA 2.0
1979-09	ACCEPTED	File:Hector Rebaque Lotus 78.jpg	CC BY 2.0
1979-09	ACCEPTED	File:Mario Andretti 1979 Silverstone.jpg	CC BY-SA 2.0
1979-12	ACCEPTED	File:Jan Lammers met helm en masker, Bestanddeelnr 930-4092.jpg	CC0
1979-12	ACCEPTED	File:Jones at 1979 Dutch Grand Prix.jpg	CC BY-SA 3.0 nl
1979-12	ACCEPTED	File:Lammers at 1979 Dutch Grand Prix (3).jpg	CC BY-SA 3.0 nl
1979-12	ACCEPTED	File:Meisje houdt paraplu boven het hoofd van Jan Lammers, Bestanddeelnr 930-4093.jpg	CC0
1979-12	ACCEPTED	File:Miss Grand Prix 1979, NL-HlmNHA 1478 18336 K 24.jpg	CC0
1979-12	ACCEPTED	File:Miss Grand Prix 1979, NL-HlmNHA 1478 18336 K 25.jpg	CC0
1980-01	ACCEPTED	File:1980 Argentine Grand Prix Zunino.jpg	Public domain
1980-05	ACCEPTED	File:Williams27800x532.jpg	CC BY-SA 3.0
1980-06	ACCEPTED	File:Cheever Osella 1980 Monaco GP.jpg	CC BY 4.0
1980-06	ACCEPTED	File:Didier Pironi Ligier 1980 Monaco GP.jpg	CC BY 4.0
1980-06	ACCEPTED	File:Elio De Angelis Lotus 1980 Monaco GP.jpg	CC BY 4.0
1980-06	ACCEPTED	File:Elio De Angelis Lotus Ford 1980 Monaco GP.jpg	CC BY 4.0
1980-06	ACCEPTED	File:Monte Carlo harbor.jpg	CC BY 2.0
1980-06	ACCEPTED	File:Nelson Piquet Brabham 1980 Monaco.jpg	CC BY 4.0
1980-11	ACCEPTED	File:Alan Jones 1980 (cropped).jpg	CC0
1980-11	ACCEPTED	File:Arnoux at 1980 Dutch Grand Prix.jpg	CC BY-SA 3.0 nl
1980-11	ACCEPTED	File:Kenny Roberts (wereldkampioen 500cc) (links) in gesprek met Jan Lammers bij dien, Bestanddeelnr 930-9866.jpg	CC0
1980-11	ACCEPTED	File:Lammers at 1980 Dutch Grand Prix.jpg	CC BY-SA 3.0 nl
1980-11	ACCEPTED	File:Piquet at 1980 Dutch Grand Prix.jpg	CC BY-SA 3.0 nl
1980-11	ACCEPTED	File:Start of 1980 Dutch Grand Prix.jpg	CC BY-SA 3.0 nl
1980-11	ACCEPTED	File:Vangrail van oude autobanden in Tarzanbocht, Bestanddeelnr 930-9865.jpg	CC0
1980-12	ACCEPTED	File:Nelson Piquet Imola 1980.jpg	CC BY 4.0
1980-12	ACCEPTED	File:Rupert Keegan 1980 Italian GP.jpg	CC BY 4.0
1981-03	ACCEPTED	File:1981 Argentine Grand Prix, Arnoux.jpg	Public domain
1981-03	ACCEPTED	File:1981 Argentine Grand Prix, Fangio Balestre.jpg	Public domain
1981-03	ACCEPTED	File:1981 Argentine Grand Prix, Guerra (2).jpg	Public domain
1981-03	ACCEPTED	File:1981 Argentine Grand Prix, Guerra.jpg	Public domain
1981-03	ACCEPTED	File:1981 Argentine Grand Prix, JONES-REUT (2).jpg	Public domain
1981-03	ACCEPTED	File:1981 Argentine Grand Prix, JONES-REUT.jpg	Public domain
1981-03	ACCEPTED	File:1981 Argentine Grand Prix, Jones (2).jpg	Public domain
1981-03	ACCEPTED	File:1981 Argentine Grand Prix, Jones Arnoux.jpg	Public domain
1981-03	ACCEPTED	File:1981 Argentine Grand Prix, Jones.jpg	Public domain
1981-03	ACCEPTED	File:1981 Argentine Grand Prix, Patrese De Angelis.jpg	Public domain
1981-03	ACCEPTED	File:1981 Argentine Grand Prix, Piquet (2).jpg	Public domain
1981-03	ACCEPTED	File:1981 Argentine Grand Prix, Piquet (3).jpg	Public domain
1981-06	ACCEPTED	File:Piquetmonaco.jpg	CC BY-SA 3.0
1981-09	ACCEPTED	File:Elio De Angelis Silverstone.JPG	CC BY-SA 3.0
1981-12	ACCEPTED	File:Andretti at 1981 Dutch Grand Prix.jpg	CC BY-SA 3.0 nl
1981-12	ACCEPTED	File:De Grand Prix van Zandvoort 1981 op het circuit. NL-HlmNHA 54012374.JPG	CC0
1981-12	ACCEPTED	File:F1 GP Niederlande Zandvoort 1981.jpg	CC BY-SA 4.0
1981-12	ACCEPTED	File:Grand Prix van NL op circuit van Zandvoort nr. 10 , 11 officials en politie la, Bestanddeelnr 253-8581 (cropped).jpg	CC0
1981-12	ACCEPTED	File:Grand Prix van Nederland op circuit van Zandvoort nr. 14 Eddie Cheever (USA) , Bestanddeelnr 253-8582 (cropped).jpg	CC0
1981-12	ACCEPTED	File:Grand Prix van Nederland op circuit van Zandvoort nr. 14 Eliseo Salazar (Chile) , Bestanddeelnr 253-8582 (cropped).jpg	CC0
1981-12	ACCEPTED	File:Grand Prix van Nederland op circuit van Zandvoort nr. 2 Rene Arnoux voorop in, Bestanddeelnr 253-8579 (cropped).jpg	CC0
1981-12	ACCEPTED	File:Grand Prix van Nederland op circuit van Zandvoort; Slim Borgudd (S) achter Michele Alboreto (I).jpg	CC BY-SA 3.0 nl
1981-12	ACCEPTED	File:Laffite en Reutemann tijdens de Grand Prix Formule 1 van Nederland 1981.jpg	CC0
1981-12	ACCEPTED	File:Prost and Jones at 1981 Dutch Grand Prix.jpg	CC BY-SA 3.0 nl
1981-12	ACCEPTED	File:Prost at 1981 Dutch Grand Prix.jpg	CC BY-SA 3.0 nl
1981-12	ACCEPTED	File:René Arnoux 1981 Nederland.jpg	CC BY-SA 3.0 nl
1982-01	ACCEPTED	File:1982 South African Grand Prix, Reutemann Prost podium.jpg	Public domain
1982-01	ACCEPTED	File:1982 South African Grand Prix, mechanics in main straight.jpg	Public domain
1982-09	ACCEPTED	File:Anefo 932-2371 Elio de Angelis 03.07.1982.jpg	CC0
1982-09	ACCEPTED	File:Anefo 932-2378 Keke Rosberg, Zandvoort, 03-07-1982 - Restoration.jpg	CC0
1982-09	ACCEPTED	File:Anefo 932-2378 Keke Rosberg, Zandvoort, 03-07-1982.jpg	CC0
1982-09	ACCEPTED	File:Derek Daly 1982.jpg	CC0
1982-09	ACCEPTED	File:Didier Pironi 1982.jpg	CC0
1982-09	ACCEPTED	File:Eerste trainingsdag Grand Prix van Zandvoort , Formule Jan Lammers , kop, Bestanddeelnr 932-2314.jpg	CC0
1982-09	ACCEPTED	File:Eerste trainingsdag Grand Prix van Zandvoort, Formule 1 Niki Lauda, Bestanddeelnr 932-2316.jpg	CC0
1982-09	ACCEPTED	File:Eliseo Salazar (1982).jpg	CC BY-SA 3.0 nl
1982-09	ACCEPTED	File:Eliseo Salazar 1982.jpg	CC BY-SA 3.0 nl
1982-09	ACCEPTED	File:Grand Pris van Nederland te Zandvoort koppen coureurs, Derek Warwick, Bestanddeelnr 932-2375.jpg	CC0
1982-09	ACCEPTED	File:Grand Prix op Zandvoort autos onderweg, Bestanddeelnr 253-8755 (cropped).jpg	CC0
1982-09	ACCEPTED	File:Grand Prix op Zandvoort overzicht tijdens start, Bestanddeelnr 253-8754.jpg	CC0
1982-10	ACCEPTED	File:John Watson 1982 British GP.jpg	CC BY-SA 2.0
1982-10	ACCEPTED	File:Keke Rosberg - Williams FW08 leads Rene Arnoux - Renault RE30B into Druids Bend during the 1982 British Grand Prix, Brands Hatch (5764627710).jpg	Public domain
1982-10	ACCEPTED	File:Keke Rosberg 1982 British GP.jpg	CC BY-SA 2.0
1982-10	ACCEPTED	File:Nelson Piquet 1982 Brands Hatch.jpg	CC BY-SA 2.0
1982-10	ACCEPTED	File:Nelson Piquet 1982 British GP.jpg	CC BY-SA 2.0
1982-10	ACCEPTED	File:Niki Lauda 1982 British GP.jpg	CC BY-SA 2.0
1982-10	ACCEPTED	File:Rene Arnoux 1982 British GP.jpg	CC BY-SA 2.0
1983-07	ACCEPTED	File:Ferrari 126C2B Detroit Grand Prix 1983.jpeg	CC BY-SA 3.0
1983-09	ACCEPTED	File:Nigel Mansell 1983 Silverstone 2.jpg	CC BY-SA 2.0
1983-09	ACCEPTED	File:Nigel Mansell 1983 Silverstone.jpg	CC BY-SA 2.0
1983-09	ACCEPTED	File:Nigel Mansell Lotus 94T British GP 1983.jpg	CC BY-SA 2.0
1983-12	ACCEPTED	File:Arnoux at 1983 Dutch Grand Prix.jpg	CC BY-SA 3.0 nl
1983-12	ACCEPTED	File:Circuit, NL-HlmNHA 54016934 01.JPG	CC0
1983-12	ACCEPTED	File:Circuit, NL-HlmNHA 54016934 02.JPG	CC0
1983-12	ACCEPTED	File:Elio De Angelis Lotus 94T Dutch GP 1983.jpg	CC BY-SA 2.0
1983-12	ACCEPTED	File:Piquet and Prost at 1983 Dutch Grand Prix (2).jpg	CC BY-SA 3.0 nl
1983-12	ACCEPTED	File:Piquet and Prost at 1983 Dutch Grand Prix.jpg	CC BY-SA 3.0 nl
1983-12	ACCEPTED	File:Raceauto's, autosport, races, Bestanddeelnr 932-6777.jpg	CC0
1983-12	ACCEPTED	File:Zandvoort circuit Een kijkje in de pits tijdens de Gand Prix, NL-HlmNHA 54005217.JPG	CC0
1983-12	ACCEPTED	File:Zandvoort circuit Grand Prix 1983, NL-HlmNHA 54005216.JPG	CC0
1983-12	ACCEPTED	File:Zandvoort circuit Monteur aan het werk (Grand Prix 1983), NL-HlmNHA 54005207.JPG	CC0
1983-12	ACCEPTED	File:Zandvoort circuit Opname maken tijdens de Grand Prix, NL-HlmNHA 54005215.JPG	CC0
1983-13	ACCEPTED	File:Piquet a Monza 1983.JPG	CC0
1984-03	ACCEPTED	File:B84decesaris.jpg	CC BY-SA 4.0
1984-08	ACCEPTED	File:Lotus 95T Elio De Angelis Detroit Grand Prix 1984a.jpeg	CC BY-SA 3.0
1984-08	ACCEPTED	File:Lotus 95T cockpit.jpeg	CC BY-SA 3.0
1984-08	ACCEPTED	File:Lotus 95T rear wing.jpeg	CC BY-SA 3.0
1984-09	ACCEPTED	File:1984 United States Grand Prix Dallas Piquet Senna.jpg	CC BY-SA 2.0
1984-09	ACCEPTED	File:2156Patrick Tambay Dallas 1984.jpg	CC BY-SA 2.0
1984-09	ACCEPTED	File:Alboreto Ferrari 126C4 1984 Dallas F1.jpg	CC BY-SA 2.0
1984-09	ACCEPTED	File:Andrea de Cesaris 1984 Dallas.jpg	CC BY-SA 2.0
1984-09	ACCEPTED	File:Arnoux Ferrari 126C4 1984 Dallas F1.jpg	CC BY-SA 2.0
1984-09	ACCEPTED	File:Bellof Tyrrell 012 1984 Dallas F1.jpg	CC BY-SA 2.0
1984-09	ACCEPTED	File:Boutsen Arrows A7 1984 Dallas F1.jpg	CC BY-SA 2.0
1984-09	ACCEPTED	File:Cecotto Toleman TG184 1984 Dallas F1.jpg	CC BY-SA 2.0
1984-09	ACCEPTED	File:Cheever Alfa Romeo 184T 1984 Dallas F1.jpg	CC BY-SA 2.0
1984-09	ACCEPTED	File:Corrado Fabi Brabham BT53 1984 Dallas F1.jpg	CC BY-SA 2.0
1984-09	ACCEPTED	File:Derek Warwick Renault RE50 1984 Dallas F1.jpg	CC BY-SA 2.0
1984-09	ACCEPTED	File:Ghinzani Osella FA1F 1984 Dallas F1.jpg	CC BY-SA 2.0
1984-10	ACCEPTED	File:Alain Prost in the Marlboro McLaren at the 1984 British Grand Prix (10241976105).jpg	CC BY 2.0
1984-10	ACCEPTED	File:Alain Prost in the Marlboro McLaren at the 1984 British Grand Prix (10241991155).jpg	CC BY 2.0
1984-10	ACCEPTED	File:Alfa @ 1984 British Grand Prix (10241971316).jpg	CC BY 2.0
1984-10	ACCEPTED	File:Alfa Romeo - 1984 British Grand Prix (10241984376).jpg	CC BY 2.0
1984-10	ACCEPTED	File:Arrows driven by Marc Surer - 1984 British Grand Prix (10242068723).jpg	CC BY 2.0
1984-10	ACCEPTED	File:Ayrton Senna Toleman TG184 1984 British GP Brands Hatch 001.jpg	CC BY 2.0
1984-10	ACCEPTED	File:Benetton Alfa Romeo - 1984 British Grand Prix (10241974556).jpg	CC BY 2.0
1984-10	ACCEPTED	File:Brabham- 1984 British Grand Prix (10241887194).jpg	CC BY 2.0
1984-10	ACCEPTED	File:Keke Rosberg - Williams - 1984 British Grand Prix (10242072063).jpg	CC BY 2.0
1984-10	ACCEPTED	File:Keke Rosberg in a Williams - 1984 British Grand Prix (10242073523).jpg	CC BY 2.0
1984-10	ACCEPTED	File:Nigel Mansell - Lotus - 1984 British Grand Prix (10241982886).jpg	CC BY 2.0
1984-10	ACCEPTED	File:Nigel Mansell in a JPS Lotus - 1984 British Grand Prix (10241974846).jpg	CC BY 2.0
1984-13	ACCEPTED	File:Bandentesten voor Grand Prix Zandvoort Huub Rothengatter in wagen, Bestanddeelnr 933-0413.jpg	CC0
1984-13	ACCEPTED	File:Bandentesten voor Grand Prix Zandvoort Huub Rothengatter in wagen, Bestanddeelnr 933-0414.jpg	CC0
1984-13	ACCEPTED	File:Bandentesten voor Grand Prix Zandvoort Huub Rothengatter, Bestanddeelnr 933-0415.jpg	CC0
1984-13	ACCEPTED	File:Grand Prix 1984 toeschouwers op de pits, ziende naar het noorden, NL-HlmNHA 54016523.JPG	CC0
1984-13	ACCEPTED	File:Grote drukte tijdens het Grand Prix-feest op zaterdagavond. NL-HlmNHA 54016524 01.JPG	CC0
1984-13	ACCEPTED	File:Miss Grand Prix 1984 Jacqueline Shumann ( m) met rechts de nummer 2 Brigitte Bergmann en en links de nummer 3 Shirley Mercier. NL-HlmNHA 54016524 02.JPG	CC0
1984-13	ACCEPTED	File:Zandvoort circuit De pits voor de start van de Grand Prix, NL-HlmNHA 54005205.JPG	CC0
1985-08	ACCEPTED	File:Johansson at 1985 British Grand Prix.jpg	CC BY 2.0
1985-08	ACCEPTED	File:Prost at 1985 British Grand Prix.jpg	CC BY 2.0
1985-09	ACCEPTED	File:Alboreto - Ferrari, Training GP Deutschland 1985-08-02.jpg	CC BY-SA 2.0 de
1985-09	ACCEPTED	File:Cheever, Alfa Romeo 02.08.1985.jpg	CC BY-SA 2.0 de
1985-09	ACCEPTED	File:Elio de Angelis im Lotus-Renault 1985-08-02.jpg	CC BY-SA 2.0 de
1985-09	ACCEPTED	File:Johansson, Stefan - Ferrari 1985 Nürburgring (Sp).jpg	CC BY-SA 2.0 de
1985-09	ACCEPTED	File:Keke Rosberg Williams FW10 1985 German GP.jpg	CC BY-SA 2.0 de
1985-09	ACCEPTED	File:Lauda (1) - Tambay (15) 1985.jpg	CC BY-SA 2.0 de
1985-09	ACCEPTED	File:Mansell - Williams 1985.jpg	CC BY-SA 2.0 de
1985-09	ACCEPTED	File:March Coswoth 821, Walter Lechner sen. (1985-08-02 Sp).JPG	CC BY-SA 2.0 de
1985-09	ACCEPTED	File:Patrese, Alfa Romeo 02.08.1985.jpg	CC BY-SA 2.0 de
1985-09	ACCEPTED	File:Piquet - Brabham-BMW, Training 1985 GP Deutschland.jpg	CC BY-SA 2.0 de
1985-09	ACCEPTED	File:ProstAlain McLarenMP4-2B 1985.jpg	CC BY-SA 2.0 de
1985-09	ACCEPTED	File:WinkelhockM1985.jpg	CC BY-SA 2.0 de
1985-11	ACCEPTED	File:Aangekocht van United Photos de Boer bv. - Negatiefnummer 25453 K 17 A. - Gepubliceerd in het Haarlems Dagblad dd.26-08-85. Identificatienummer 54-01693501, NL-HlmNHA 54016935 01.JPG	CC0
1985-11	ACCEPTED	File:Alain Prost in 1985 (cropped).jpg	CC0
1985-11	ACCEPTED	File:Drivers at 1985 Dutch Grand Prix.jpg	CC BY-SA 3.0 nl
1985-11	ACCEPTED	File:Het podium na de laatste Formule 1-race in Zandvoort, met Prost, Lauda en Senna, NL-HlmNHA 1478 25453 K 22.jpg	CC0
1985-11	ACCEPTED	File:Het podium na de laatste Formule 1-race in Zandvoort, met Prost, Lauda en Senna, NL-HlmNHA 1478 25453 K 24.jpg	CC0
1985-11	ACCEPTED	File:Niki Lauda op het circuit., NL-HlmNHA 54016935 01.JPG	CC0
1985-11	ACCEPTED	File:Start of 1985 Dutch Grand Prix.jpg	CC BY-SA 3.0 nl
1985-11	ACCEPTED	File:Tambay at 1985 Dutch Grand Prix.jpg	CC BY-SA 3.0 nl
1985-11	ACCEPTED	File:Tambay's car at 1985 Dutch Grand Prix.jpg	CC BY-SA 3.0 nl
1985-14	ACCEPTED	File:1985 Eddie Cheever - Alfa Romeo 185T 2.jpg	CC BY-SA 2.0
1985-14	ACCEPTED	File:1985 Eddie Cheever - Alfa Romeo 185T.jpg	CC BY-SA 2.0
1985-14	ACCEPTED	File:1985 European GP Alan Jones 01.jpg	CC BY-SA 2.0
1985-14	ACCEPTED	File:1985 European GP Alan Jones 02.jpg	CC BY-SA 2.0
1985-14	ACCEPTED	File:1985 European GP Alan Jones 03 (cropped).jpg	CC BY-SA 2.0
1985-14	ACCEPTED	File:1985 European GP Berger.jpg	CC BY-SA 2.0
1985-14	ACCEPTED	File:1985 European GP Boutsen 02.jpg	CC BY-SA 2.0
1985-14	ACCEPTED	File:1985 European GP Boutsen.jpg	CC BY-SA 2.0
1985-14	ACCEPTED	File:1985 European GP Brundle 01.jpg	CC BY-SA 2.0
1985-14	ACCEPTED	File:1985 European GP Brundle 02.jpg	CC BY-SA 2.0
1985-14	ACCEPTED	File:1985 European GP Christian Danner.jpg	CC BY-SA 2.0
1985-14	ACCEPTED	File:1985 European GP Derek Warwick.jpg	CC BY-SA 2.0
1986-07	ACCEPTED	File:Gerhard Berger 1986 Detroit.jpg	CC BY-SA 2.0
1986-09	ACCEPTED	File:McLaren pit 1986 Britain.jpg	CC BY 2.0
1986-09	ACCEPTED	File:Senna Brands 1986.jpg	CC BY-SA 3.0
1986-13	ACCEPTED	File:Alboreto at 1986 Italian Grand Prix.jpg	CC BY-SA 2.0
1986-13	ACCEPTED	File:Johanson at 1986 Italian Grand Prix.jpg	CC BY-SA 2.0
1986-13	ACCEPTED	File:Rosberg at 1986 Italian Grand Prix.jpg	CC BY-SA 2.0
1987-11	ACCEPTED	File:MB-Monza-1987-Autodromo-Nazionale-Gran-Premio-02.jpg	Public domain
1988-02	ACCEPTED	File:Senna Imola89 Incar.jpeg	CC BY 2.0
1988-02	ACCEPTED	File:Sennahelmet.JPG	CC BY 2.0
1988-05	ACCEPTED	File:Alain Prost (McLaren Honda), 1988.jpg	CC BY-SA 2.0
1988-05	ACCEPTED	File:Alain Prost 1988 Canada 2.jpg	CC BY-SA 2.0
1988-05	ACCEPTED	File:Alain Prost 1988 Canada.jpg	CC BY-SA 2.0
1988-05	ACCEPTED	File:Alain Prost Canada.jpg	CC BY-SA 2.0
1988-05	ACCEPTED	File:Alain Prost Montreal 1988.jpg	CC BY 2.0
1988-05	ACCEPTED	File:Alessandro Nannini 1988 Canada 2.jpg	CC BY-SA 2.0
1988-05	ACCEPTED	File:Alessandro Nannini 1988 Canada.jpg	CC BY-SA 2.0
1988-05	ACCEPTED	File:Ayrton Senna 1988 Canada 1.jpg	CC BY-SA 2.0
1988-05	ACCEPTED	File:Ayrton Senna 1988 Canada 2.jpg	CC BY-SA 2.0
1988-05	ACCEPTED	File:Ayrton Senna 1988 Canada cropped.jpg	CC BY-SA 2.0
1988-05	ACCEPTED	File:Ayrton Senna 1988 Canada.jpg	CC BY-SA 2.0
1988-05	ACCEPTED	File:Gerhard Berger 1988 Canada.jpg	CC BY-SA 2.0
1988-09	ACCEPTED	File:1988-GP-Deutschland.jpg	CC BY-SA 4.0
1989-02	ACCEPTED	File:Andrea De Cesaris Dallara 1989 Imola.jpg	CC BY 4.0
1989-02	ACCEPTED	File:Ayrton Senna Imola 1989 (cropped).jpg	CC BY 2.0
1989-02	ACCEPTED	File:Ayrton Senna Imola 1989 2.jpg	CC BY 2.0
1989-02	ACCEPTED	File:Ayrton Senna Imola 1989 Cropped.jpg	CC BY 2.0
1989-02	ACCEPTED	File:Formula 1, GP San Marino 1989, Imola, Prost e Senna.jpg	Public domain
1989-02	ACCEPTED	File:Incidente di Gerhard Berger a Imola 1989.jpg	Public domain
1989-02	ACCEPTED	File:Michele Alboreto Tyrrell-Ford 1989 Imola San Marino GP.jpg	CC BY 4.0
1989-02	ACCEPTED	File:Satoru Nakajima Lotus Judd 1989 San Marino GP.jpg	CC BY 4.0
1989-02	ACCEPTED	File:Senna imola89.jpg	CC BY 2.0
1989-11	ACCEPTED	File:1989 Belgian GP race start 01.jpg	CC BY 2.0
1989-11	ACCEPTED	File:1989 Belgian GP race start 02.jpg	CC BY 2.0
1989-11	ACCEPTED	File:1989 Belgian GP race start 03.jpg	CC BY 2.0
1989-11	ACCEPTED	File:1989 Belgian GP race start 04.jpg	CC BY 2.0
1989-11	ACCEPTED	File:1989 Belgian GP race start 05.jpg	CC BY 2.0
1989-11	ACCEPTED	File:1989 Belgian GP race start 07.jpg	CC BY 2.0
1989-11	ACCEPTED	File:1989 Belgian GP race start 08.jpg	CC BY 2.0
1989-11	ACCEPTED	File:1989 Belgian GP race start 09.jpg	CC BY 2.0
1989-11	ACCEPTED	File:1989 Belgian GP race start 10.jpg	CC BY 2.0
1989-11	ACCEPTED	File:1989 Belgian GP race start 11.jpg	CC BY 2.0
1989-11	ACCEPTED	File:Alain Prost 1989 Belgian GP podium (Cropped).jpg	CC BY 2.0
1989-11	ACCEPTED	File:Alain Prost 1989 Belgian GP.jpg	CC BY 2.0
1990-01	ACCEPTED	File:Alain Prost, 1990 USA GP Phoenix.jpg	CC BY 2.0
1990-01	ACCEPTED	File:Nigel Mansell 1990 USA.jpg	CC BY 2.0
1990-01	ACCEPTED	File:Philippe Alliot 1990 United States.jpg	CC BY 2.0
1990-01	ACCEPTED	File:Ron Dennis 1990 USA.jpg	CC BY 2.0
1990-05	ACCEPTED	File:Alain Prost 1990 Canada.jpg	CC BY-SA 2.0
1990-08	ACCEPTED	File:Mansell in his Ferrari 641 - 1990 British GP.jpg	CC BY-SA 2.0
1990-14	ACCEPTED	File:Nigel Mansell Jerez Pit stop 1990.jpg	CC BY-SA 2.0
1991-01	ACCEPTED	File:-Phil Hill 1991 cropped.jpg	CC BY 2.0
1991-01	ACCEPTED	File:Alain Prost 1991 United States GP.jpg	CC BY 2.0
1991-01	ACCEPTED	File:AlainProst Ferrari 1991-2.jpg	CC BY 2.0
1991-01	ACCEPTED	File:AlainProst Ferrari 1991.jpg	CC BY 2.0
1991-01	ACCEPTED	File:Alex Caffi 1991 (cropped).jpg	CC BY 2.0
1991-01	ACCEPTED	File:Ayrton Senna 1991 USA 2 (cropped).jpg	CC BY 2.0
1991-01	ACCEPTED	File:Ayrton Senna 1991 USA 3 (cropped).jpg	CC BY 2.0
1991-01	ACCEPTED	File:Ayrton Senna 1991 USA 3 cropped.jpg	CC BY 2.0
1991-01	ACCEPTED	File:Ayrton Senna 1991 USA.jpg	CC BY 2.0
1991-01	ACCEPTED	File:Ayrton Senna 1991 United States GP.jpg	CC BY 2.0
1991-01	ACCEPTED	File:Ayrton Senna McLaren MP4-6 1991 United States.jpg	CC BY 2.0
1991-01	ACCEPTED	File:Bertrand Gachot - 1991 US GP.jpg	CC BY 2.0
1991-04	ACCEPTED	File:Ayrton Senna 1991 Monaco.jpg	CC BY-SA 3.0
1991-04	ACCEPTED	File:Mansell monaco 91.jpg	CC BY-SA 4.0
1991-04	ACCEPTED	File:Patrese monaco91.jpg	CC BY-SA 3.0
1991-04	ACCEPTED	File:Prost monaco91.jpg	CC BY-SA 3.0
1991-04	ACCEPTED	File:Senna monaco91.jpg	CC BY-SA 3.0
1991-08	ACCEPTED	File:Mansell and Senna at Silverstone cropped.jpg	Public domain
1991-08	ACCEPTED	File:Mansell and Senna at Silverstone ultra cropped.jpg	Public domain
1991-08	ACCEPTED	File:Mansell and Senna at Silverstone.jpg	Public domain
1991-11	ACCEPTED	File:Ayrton Senna during the race in Spa-Francorchamps on 25 August 1991.jpg	CC BY-SA 4.0
1992-06	ACCEPTED	File:1992 Andrea Chiesa Fondmetal cropped.jpg	CC BY 2.0
1992-06	ACCEPTED	File:1992 Andrea Chiesa Fondmetal.jpg	CC BY 2.0
1992-06	ACCEPTED	File:Andrea Chiesa 1992 Monaco.jpg	CC BY 2.0
1992-06	ACCEPTED	File:Arrows FA13 Suzuki.jpg	CC BY 2.0
1992-06	ACCEPTED	File:Ayrton Senna 1992 Monaco.jpg	CC BY 2.0
1992-06	ACCEPTED	File:Ivan Capelli's Ferrari F92A crash.jpg	CC BY 2.0
1992-06	ACCEPTED	File:Jean Alesi 1992 Monaco.jpg	CC BY 2.0
1992-06	ACCEPTED	File:Jean Alesi.jpg	CC BY 2.0
1992-06	ACCEPTED	File:Michael Schumacher 1992 Monaco (2).jpg	CC BY 2.0
1992-06	ACCEPTED	File:Michael Schumacher 1992 Monaco.jpg	CC BY 2.0
1992-06	ACCEPTED	File:Riccardo Patrese 1992 Monaco.jpg	CC BY 2.0
1992-06	ACCEPTED	File:Senna 1992 Monaco cropped 2.jpg	CC BY-SA 4.0
1992-09	ACCEPTED	File:-1992-07-12 Camel Benetton Ford B192 driven by Martin Brundel, British Grand Prix, Silverstone, England (1).JPG	CC BY-SA 4.0
1992-09	ACCEPTED	File:-1992-07-12 Camel Benetton Ford B192 driven by Martin Brundel, British Grand Prix, Silverstone, England (2).JPG	CC BY-SA 4.0
1992-09	ACCEPTED	File:-1992-07-12 Camel Benetton Ford B192 driven by Martin Brundel, British Grand Prix, Silverstone, England (3).JPG	CC BY-SA 4.0
1992-09	ACCEPTED	File:-1992-07-12 Damon Hill, Brabham Judd BT60B, Woodcote, 1992 British Grand Prix, Silverstone, England.JPG	CC BY-SA 4.0
1992-09	ACCEPTED	File:-1992-07-12 Grandstand on Woodcote, British Grand Prix, Silverstone, England.JPG	CC BY-SA 4.0
1992-09	ACCEPTED	File:-1992-07-12 Honda Marlboro McLaren MP4-6 driven by Ayrtonn Senna, British Grand Prix, Silverstone, England.JPG	CC BY-SA 4.0
1992-09	ACCEPTED	File:-1992-07-12 Lotus Ford driven by Johnny Herbert, British Grand Prix, Silverstone, England (1).JPG	CC BY-SA 4.0
1992-09	ACCEPTED	File:-1992-07-12 Lotus Ford driven by Johnny Herbert, British Grand Prix, Silverstone, England (2).JPG	CC BY-SA 4.0
1992-09	ACCEPTED	File:-1992-07-12 Martin Brundle, Benetton B192, Woodcote, 1992 British Grand Prix, Silverstone, England (1) cropped.jpg	CC BY-SA 4.0
1992-09	ACCEPTED	File:-1992-07-12 Martin Brundle, Benetton B192, Woodcote, 1992 British Grand Prix, Silverstone, England (1).JPG	CC BY-SA 4.0
1992-09	ACCEPTED	File:-1992-07-12 Martin Brundle, Benetton B192, Woodcote, 1992 British Grand Prix, Silverstone, England (2).JPG	CC BY-SA 4.0
1992-09	ACCEPTED	File:-1992-07-12 Nigel Mansell, Williams FW14B, Woodcote, 1992 British Grand Prix, Silverstone, England (1).JPG	CC BY-SA 4.0
1992-10	ACCEPTED	File:F1 Hockenheimring 1992 Ayrton Senna 001.jpg	CC BY-SA 4.0
1992-10	ACCEPTED	File:F1 Hockenheimring 1992 Ayrton Senna 002.jpg	CC BY-SA 4.0
1992-10	ACCEPTED	File:F1 Hockenheimring 1992 Ayrton Senna 003.jpg	CC BY-SA 4.0
1992-10	ACCEPTED	File:F1 Hockenheimring 1992 Ayrton Senna 004.jpg	CC BY-SA 4.0
1992-10	ACCEPTED	File:F1 Hockenheimring 1992 Brabham 001.jpg	CC BY-SA 4.0
1992-10	ACCEPTED	File:F1 Hockenheimring 1992 Dallara 001.jpg	CC BY-SA 4.0
1992-10	ACCEPTED	File:F1 Hockenheimring 1992 Einführungsrunde.jpg	CC BY-SA 4.0
1992-10	ACCEPTED	File:F1 Hockenheimring 1992 Erste Runde Nordkurve 001.jpg	CC BY-SA 4.0
1992-10	ACCEPTED	File:F1 Hockenheimring 1992 Footwork 001.jpg	CC BY-SA 4.0
1992-10	ACCEPTED	File:F1 Hockenheimring 1992 Ligier 001.jpg	CC BY-SA 4.0
1992-10	ACCEPTED	File:F1 Hockenheimring 1992 Martin Brundle 001.jpg	CC BY-SA 4.0
1992-10	ACCEPTED	File:F1 Hockenheimring 1992 Michael Schumacher 001.jpg	CC BY-SA 4.0
1993-03	ACCEPTED	File:Andretti 1993 European GP.jpg	CC BY-SA 2.0
1993-03	ACCEPTED	File:Michael Andretti 1993 European GP.jpg	CC BY-SA 2.0
1993-03	ACCEPTED	File:Schumacher 1993 European GP.jpg	CC BY-SA 2.0
1993-03	ACCEPTED	File:Senna 1993 European GP.jpg	CC BY-SA 2.0
1993-06	ACCEPTED	File:Tullio Abbate and Ayrton Senna.jpg	CC BY-SA 4.0
1993-09	ACCEPTED	File:Aguri Suzuki`s Footwork FA14 in the pit garage at the 1993 British Grand Prix (33557474851).jpg	CC BY-SA 2.0
1993-09	ACCEPTED	File:Alain Prost - Williams FW15C at the 1993 British Grand Prix (32873616913).jpg	CC BY-SA 2.0
1993-09	ACCEPTED	File:Alain Prost - Williams FW15C at the 1993 British Grand Prix (33557467311).jpg	CC BY-SA 2.0
1993-09	ACCEPTED	File:Alain Prost - Williams FW15C at the 1993 British Grand Prix (33557473781).jpg	CC BY-SA 2.0
1993-09	ACCEPTED	File:Alain Prost - Williams FW15C during practice for the 1993 British Grand Prix (32873611163) (cropped).jpg	CC BY-SA 2.0
1993-09	ACCEPTED	File:Alain Prost - Williams FW15C during practice for the 1993 British Grand Prix (33557468541).jpg	CC BY-SA 2.0
1993-09	ACCEPTED	File:Alain Prost - Williams FW15C during practice for the 1993 British Grand Prix (33557472711).jpg	CC BY-SA 2.0
1993-09	ACCEPTED	File:Alain Prost 1993 Silverstone 2.jpg	CC BY-SA 2.0
1993-09	ACCEPTED	File:Alain Prost 1993 Silverstone 3.jpg	CC BY-SA 2.0
1993-09	ACCEPTED	File:Alain Prost 1993 Silverstone 4.jpg	CC BY-SA 2.0
1993-09	ACCEPTED	File:Alain Prost 1993 Silverstone 5.jpg	CC BY-SA 2.0
1993-09	ACCEPTED	File:Alain Prost 1993 Silverstone.jpg	CC BY-SA 2.0
1993-10	ACCEPTED	File:AyrtonSennaAtHockheimGP1993-2.jpg	CC BY-SA 3.0
1993-10	ACCEPTED	File:AyrtonSennaAtHockheimGP1993.jpg	CC BY-SA 3.0
1994-03	ACCEPTED	File:Ratzenberger (cropped).jpg	CC BY-SA 3.0
1994-08	ACCEPTED	File:Alessandro Zanardi - Lotus 109 at the 1994 British Grand Prix (32500452896).jpg	CC BY-SA 2.0
1994-08	ACCEPTED	File:Alessandro Zanardi 1994 Silverstone.jpg	CC BY-SA 2.0
1994-08	ACCEPTED	File:Andrea de Cesaris - Sauber C13 at the 1994 British Grand Prix (32418704201).jpg	CC BY-SA 2.0
1994-08	ACCEPTED	File:Andrea de Cesaris 1994 Silverstone.jpg	CC BY-SA 2.0
1994-08	ACCEPTED	File:Benetton B194 approaches Woodcote at the 1994 British Grand Prix (32418703451).jpg	CC BY-SA 2.0
1994-08	ACCEPTED	File:Benetton pits 1994 Silverstone 2.jpg	CC BY-SA 2.0
1994-08	ACCEPTED	File:Benetton pits 1994 Silverstone.jpg	CC BY-SA 2.0
1994-08	ACCEPTED	File:Bertrand Gachot - Pacific PR01 at the 1994 British Grand Prix (32388924522).jpg	CC BY-SA 2.0
1994-08	ACCEPTED	File:Bertrand Gachot - Pacific PR01 at the 1994 British Grand Prix (32418697731).jpg	CC BY-SA 2.0
1994-08	ACCEPTED	File:Bertrand Gachot 1994 Silverstone.jpg	CC BY-SA 2.0
1994-08	ACCEPTED	File:Christian Fittipaldi - Footwork FA15 at the 1994 British Grand Prix (32500439456).jpg	CC BY-SA 2.0
1994-08	ACCEPTED	File:Christian Fittipaldi - Footwork FA15 leads Eddioe Irvine - Jordan 194 at the 1994 British Grand Prix (32500438846).jpg	CC BY-SA 2.0
1994-09	ACCEPTED	File:Hockenheim94-Berger.jpg	CC BY-SA 4.0
1994-09	ACCEPTED	File:Pacific-Racing-1994.jpg	CC BY-SA 3.0
1994-11	ACCEPTED	File:94Sauber.jpg	CC BY 4.0
1994-11	ACCEPTED	File:Michael Schumacher Belgian Grand Prix (cropped).jpg	CC BY-SA 4.0
1994-11	ACCEPTED	File:Philippe Adams' Lotus 109.jpg	CC BY-SA 4.0
1995-05	ACCEPTED	File:Inoue Footwork Monaco.jpg	CC BY-SA 2.5
1995-06	ACCEPTED	File:Damon Hill 1995 notobaccoad.jpg	CC BY-SA 3.0
1995-06	ACCEPTED	File:Damon Hill 1995-2.jpg	CC BY-SA 3.0
1995-06	ACCEPTED	File:Gerhard Berger Ferrari 1995.jpg	CC BY-SA 3.0
1995-06	ACCEPTED	File:Jean Alesi Ferrari 1995-mod.jpg	CC BY-SA 3.0
1995-06	ACCEPTED	File:Jean Alesi Ferrari 1995-mod3.jpg	CC BY-SA 3.0
1995-06	ACCEPTED	File:Jean Alesi Ferrari 1995.jpg	CC BY-SA 3.0
1995-06	ACCEPTED	File:Jean Alesi Ferrari 1995mod2.jpg	CC BY-SA 3.0
1995-06	ACCEPTED	File:Johnny Herbert 1995.jpg	CC BY-SA 3.0
1995-07	ACCEPTED	File:Damon Hill juillet 1995.jpg	Public domain
1995-07	ACCEPTED	File:Rubens Barichello juillet 1995.jpg	CC BY-SA 3.0
1995-08	ACCEPTED	File:An autograph scrum for Damon Hill at the 1995 British GP, Silverstone (49713882897).jpg	CC BY-SA 2.0
1995-08	ACCEPTED	File:Andrea Montermini 1995 Britain 2.jpg	CC BY-SA 2.0
1995-08	ACCEPTED	File:Andrea Montermini 1995 Britain.jpg	CC BY-SA 2.0
1995-08	ACCEPTED	File:Andrea Montermini spin 1995 Britain.jpg	CC BY-SA 2.0
1995-08	ACCEPTED	File:BGP 1995 Sheet 57 (14) (49713027098).jpg	CC BY-SA 2.0
1995-08	ACCEPTED	File:Barrichello 1995 British GP.jpg	CC BY-SA 2.0
1995-08	ACCEPTED	File:Benetton B195 - Johnny Herbert in the pit garage at the 1995 British GP, Silverstone (49713882687).jpg	CC BY-SA 2.0
1995-08	ACCEPTED	File:Bertrand Gachot 1995 Britain 2.jpg	CC BY-SA 2.0
1995-08	ACCEPTED	File:Bertrand Gachot 1995 Britain.jpg	CC BY-SA 2.0
1995-08	ACCEPTED	File:Damon Hill - Williams FW17 accelerates out of Copse at the 1995 Britsh GP, Silverstone (49716762446).jpg	CC BY-SA 2.0
1995-08	ACCEPTED	File:Damon Hill - Williams FW17 accelerates out of the pit lane at the 1995 Britsh GP, Silverstone (49716760501).jpg	CC BY-SA 2.0
1995-08	ACCEPTED	File:Damon Hill - Williams FW17 at Silverstone, British GP 1995 (49683889613).jpg	CC BY-SA 2.0
1995-09	ACCEPTED	File:Andrea Montermini Pacific, Germany 1995.jpg	CC BY-SA 3.0
1995-09	ACCEPTED	File:F1 hockenheim 1995.jpg	CC BY-SA 3.0
1995-12	ACCEPTED	File:Podium GP de Monza 1995.jpg	CC BY-SA 2.0
1995-17	ACCEPTED	File:1995 Australian Grand Prix 1.jpg	CC BY-SA 3.0
1995-17	ACCEPTED	File:1995 Australian Grand Prix 2.jpg	CC BY-SA 3.0
1995-17	ACCEPTED	File:1995 Australian Grand Prix 3.jpg	CC BY-SA 3.0
1996-05	ACCEPTED	File:1996 San Marino Andrea Montermini.jpg	CC BY-SA 3.0
1996-05	ACCEPTED	File:1996 San Marino David Coulthard.jpg	CC BY-SA 3.0
1996-05	ACCEPTED	File:Andrea Montermini, David Coulthard - Imola 1996.jpg	CC BY-SA 3.0
1996-05	ACCEPTED	File:Damon Hill - Imola 1996 (1).jpg	CC BY-SA 3.0
1996-05	ACCEPTED	File:Damon Hill - Imola 1996 (2).jpg	CC BY-SA 3.0
1996-05	ACCEPTED	File:David Coulthard - Imola 1996.jpg	CC BY-SA 4.0
1996-05	ACCEPTED	File:Eddie Irvine - Imola 1996 (1).jpg	CC BY-SA 4.0
1996-05	ACCEPTED	File:Eddie Irvine - Imola 1996 (2).jpg	CC BY-SA 4.0
1996-05	ACCEPTED	File:Eddie Irvine, David Coulthard - Imola 1996.jpg	CC BY-SA 4.0
1996-05	ACCEPTED	File:Eddie Irvine, Jean Alesi - Imola 1996.jpg	CC BY-SA 4.0
1996-05	ACCEPTED	File:Heinz-Harald Frentzen - Imola 1996.jpg	CC BY-SA 4.0
1996-05	ACCEPTED	File:Heinz-Harald Frentzen 1996 Imola.jpg	CC BY-SA 4.0
1996-06	ACCEPTED	File:André de Cortanze Grand Prix de Monaco 1996.jpg	CC BY-SA 4.0
1996-06	ACCEPTED	File:Grand Prix Monaco96 131954710.jpg	CC BY 2.0
1996-08	ACCEPTED	File:Jacques Villeneuve 1996.jpg	CC BY-SA 3.0
1996-11	ACCEPTED	File:Ferrari F310 Michael Schumacher 1996 German Grand Prix 2.jpg	CC BY-SA 3.0
1996-11	ACCEPTED	File:Ferrari F310 Michael Schumacher 1996 German Grand Prix.jpg	CC BY-SA 3.0
1996-11	ACCEPTED	File:Minardi box 1996 German Grand Prix.jpg	CC BY-SA 3.0
1996-11	ACCEPTED	File:Tyrrell 024 Mika Salo 1996 German Grand Prix.jpg	CC BY-SA 3.0
1996-14	ACCEPTED	File:Michael Schumacher Ferrari overalls.jpg	CC BY 2.0
1996-14	ACCEPTED	File:Schumacher GP Monza 1996.jpg	CC BY-SA 2.0
1996-14	ACCEPTED	File:Tifosi GP Monza 1996.jpg	CC BY-SA 2.0
1996-15	ACCEPTED	File:01-POR-1996.jpg	CC BY-SA 4.0
1996-15	ACCEPTED	File:02-POR-1996.jpg	CC BY-SA 4.0
1996-15	ACCEPTED	File:03-POR-1996.jpg	CC BY-SA 4.0
1996-15	ACCEPTED	File:04-POR-1996.jpg	CC BY-SA 4.0
1996-15	ACCEPTED	File:05-POR-1996.jpg	CC BY-SA 4.0
1996-15	ACCEPTED	File:06-POR-1996.jpg	CC BY-SA 4.0
1996-15	ACCEPTED	File:07-POR-1996.jpg	CC BY-SA 4.0
1996-15	ACCEPTED	File:08-POR-1996.jpg	CC BY-SA 4.0
1996-15	ACCEPTED	File:09-POR-1996.jpg	CC BY-SA 4.0
1996-15	ACCEPTED	File:10-POR-1996.jpg	CC BY-SA 4.0
1996-15	ACCEPTED	File:11-POR-1996.jpg	CC BY-SA 4.0
1996-15	ACCEPTED	File:12-POR-1996.jpg	CC BY-SA 4.0
1997-01	ACCEPTED	File:F1Lola1997.jpg	Public domain
1997-01	ACCEPTED	File:Ricardo Rosset at 1997 Australian Grand Prix cropped.jpg	CC BY 2.0
1997-01	ACCEPTED	File:Ricardo Rosset at 1997 Australian Grand Prix.jpg	CC BY 2.0
1997-07	ACCEPTED	File:Stewart gp barrichello 1997.jpg	CC BY-SA 3.0
1997-09	ACCEPTED	File:Damon Hill 1997 Arrows.jpg	CC BY 2.0
1997-09	ACCEPTED	File:Heinz-Harald Frentzen Helmet at the 1997 British Grand Prix (1).jpg	CC BY-SA 2.0
1997-09	ACCEPTED	File:Heinz-Harald Frentzen Helmet at the 1997 British Grand Prix (2).jpg	CC BY-SA 2.0
1997-09	ACCEPTED	File:Jean Todt - British Grand Prix 1997 (cropped).jpg	CC BY-SA 2.0
1997-09	ACCEPTED	File:Johnny Herbert F1 Silverstone 1997.jpg	CC BY-SA 2.0
1997-09	ACCEPTED	File:Williams FW19 (Frentzen).jpg	CC BY-SA 2.0
1997-09	ACCEPTED	File:Williams FW19 Great-Britain 1997-edit.jpg	CC BY-SA 2.0
1997-09	ACCEPTED	File:Williams FW19 Great-Britain 1997.jpg	CC BY-SA 2.0
1997-09	ACCEPTED	File:Williams FW19's rear wing (2).jpg	CC BY-SA 2.0
1997-09	ACCEPTED	File:Wurz at Silverstone.jpg	CC BY-SA 2.5
1997-10	ACCEPTED	File:Michael Schumacher 1997.jpg	CC BY-SA 2.0
1997-11	ACCEPTED	File:Damon Hill 1997 Arrows Yamaha Hungary.jpg	CC BY-SA 3.0
1997-13	ACCEPTED	File:Jean Alesi 1997 Italy (cropped).jpg	CC BY-SA 2.0
1997-13	ACCEPTED	File:Michael Schumacher 1997 Italy (cropped).jpg	CC BY-SA 2.0
1998-05	ACCEPTED	File:1998 Spanish Grand Prix drivers parade (12173471433).jpg	CC BY-SA 2.0
1998-05	ACCEPTED	File:Barrichello and Villeneuve Battle (12173474873).jpg	CC BY-SA 2.0
1998-05	ACCEPTED	File:Barrichello-StewartSF02-98es.jpg	CC BY-SA 3.0
1998-05	ACCEPTED	File:Barrichello98es.jpg	CC BY-SA 3.0
1998-05	ACCEPTED	File:Damon Hill Jordan 198-Mugen (12173660644).jpg	CC BY-SA 2.0
1998-05	ACCEPTED	File:Dhill98es.jpg	CC BY-SA 3.0
1998-05	ACCEPTED	File:Ferrari-Benetton-Ferrari-Benetton (12173242605).jpg	CC BY-SA 2.0
1998-05	ACCEPTED	File:Formation Lap 1998 Spanish GP (12095609003).jpg	CC BY-SA 2.0
1998-05	ACCEPTED	File:Heinz-Harald Frentzen Williams FW20-Mechachrome (12095608193).jpg	CC BY-SA 2.0
1998-05	ACCEPTED	File:Johnny Herbert Sauber C17-Petronas (12095973306).jpg	CC BY-SA 2.0
1998-05	ACCEPTED	File:Lapping the Minardi (12173241965).jpg	CC BY-SA 2.0
1998-05	ACCEPTED	File:Michael Schumacher Ferrari F300 (12095605603).jpg	CC BY-SA 2.0
1998-07	ACCEPTED	File:1998 Canadian Grand Prix Coulthard (no West).jpg	CC BY-SA 3.0
1998-07	ACCEPTED	File:Cgp podium 1998.jpg	CC BY-SA 3.0
1998-07	ACCEPTED	File:Olivier Panis 1998.jpg	CC BY-SA 3.0
1998-07	ACCEPTED	File:Rear wing f1 n.jpg	CC BY-SA 3.0
1998-09	ACCEPTED	File:Coulthard-Silverstone98.jpg	CC BY-SA 2.5
1998-09	ACCEPTED	File:DC&MSch Britain 1998.jpg	CC BY 2.0
1998-09	ACCEPTED	File:Damon Hill 2 British Grand Prix 1998.jpg	CC BY-SA 2.0
1998-09	ACCEPTED	File:Damon Hill British Grand Prix 1998.jpg	CC BY-SA 2.0
1998-09	ACCEPTED	File:Ferrari at 1998 British Grand Prix.jpg	CC BY-SA 2.0
1998-09	ACCEPTED	File:HH Frentzen at 1998 British Grand Prix (edited).jpg	CC BY-SA 2.0
1998-09	ACCEPTED	File:HH Frentzen at 1998 British Grand Prix.jpg	CC BY-SA 2.0
1998-09	ACCEPTED	File:Schumacher and Coulthard in the 1998 British Grand Prix.jpg	CC BY 2.5
1998-09	ACCEPTED	File:Stand Sauber at the 1998 British Grand Prix.jpg	CC BY-SA 2.0
1998-09	ACCEPTED	File:Stewart at 1998 British Grand Prix.jpg	CC BY-SA 2.0
1998-09	ACCEPTED	File:Stewart at the 1998 British Grand Prix (2).jpg	CC BY-SA 2.0
1998-09	ACCEPTED	File:Stewart at the 1998 British Grand Prix (3).jpg	CC BY-SA 2.0
1998-14	ACCEPTED	File:Jacques Villeneuve 1998 Italy.jpg	CC BY-SA 2.0
1999-01	ACCEPTED	File:Eddie Irvine after the 1999 Australian Grand Prix.jpg	CC BY-SA 3.0
1999-01	ACCEPTED	File:Eddie Irvine, 1999 (cropped).jpg	CC BY-SA 3.0
1999-01	ACCEPTED	File:Pedro de la Rosa 1999 Albert Park.jpeg	CC BY 2.0
1999-06	ACCEPTED	File:Alex Zanardi 1999 Canada.jpg	CC BY-SA 2.0
1999-06	ACCEPTED	File:Damon Hill 1999 Canada.jpg	CC BY-SA 2.0
1999-06	ACCEPTED	File:David Coulthard 1999 Canada.jpg	CC BY-SA 2.0
1999-06	ACCEPTED	File:Eddie Irvine 1999 Canada.jpg	CC BY-SA 2.0
1999-06	ACCEPTED	File:Giancarlo Fisichella 1999 Canada.jpg	CC BY-SA 2.0
1999-06	ACCEPTED	File:Heinz-Harald Frentzen 1999 Canada.jpg	CC BY-SA 2.0
1999-06	ACCEPTED	File:Jacques Villeneuve 1999 Canada.jpg	CC BY-SA 2.0
1999-06	ACCEPTED	File:Jarno Trulli 1999 Canada.jpg	CC BY-SA 2.0
1999-06	ACCEPTED	File:Jean Alesi 1999 Canada.jpg	CC BY-SA 2.0
1999-06	ACCEPTED	File:Johnny Herbert 1999 Canada.jpg	CC BY-SA 2.0
1999-06	ACCEPTED	File:Michael Schumacher 1999 Canada.jpg	CC BY-SA 2.0
1999-06	ACCEPTED	File:Mika Hakkinen 1999 Canada.jpg	CC BY-SA 2.0
1999-08	ACCEPTED	File:Damon Hill 1999 Britain.jpg	CC BY-SA 2.0
2000-01	ACCEPTED	File:Benetton F1 2000.jpg	CC BY-SA 4.0
2000-07	ACCEPTED	File:Ron dennis 2000Monaco.jpg	CC BY 2.0
2000-08	ACCEPTED	File:BAR 002 Villeneuve.jpg	CC BY 2.0
2000-08	ACCEPTED	File:BAR 002 Zonta 2000 Canadian GP.jpg	CC BY 2.0
2000-08	ACCEPTED	File:David Coulthard 2000 Canada.jpg	CC BY 2.0
2000-08	ACCEPTED	File:Jaguar R1 (front view).jpg	CC BY 2.0
2000-08	ACCEPTED	File:Jaguar R1.jpg	CC BY 2.0
2000-08	ACCEPTED	File:Pedro Diniz 2000 Canada.jpg	CC BY 2.0
2000-08	ACCEPTED	File:Williams FW22 Canada.jpg	CC BY 2.0
2000-09	ACCEPTED	File:Barrichello French GP 2000.jpg	CC BY-SA 4.0
2000-09	ACCEPTED	File:Frentzen French GP Grid 2000.jpg	CC BY-SA 4.0
2000-09	ACCEPTED	File:Hakkinen france 2000.jpg	CC BY 4.0
2000-13	ACCEPTED	File:2000 Belgian Grand Prix (2).jpg	CC BY 2.0
2000-13	ACCEPTED	File:2000 Belgian Grand Prix.jpg	CC BY 2.0
2000-13	ACCEPTED	File:David Coulthard 2000 Belgium.jpg	CC BY 2.0
2000-13	ACCEPTED	File:Heinz-Harald Frentzen 2000 Belgium.jpg	CC BY 2.0
2000-13	ACCEPTED	File:Jacques Villeneuve 2000 Belgium.jpg	CC BY 2.0
2000-13	ACCEPTED	File:Jarno Trulli 2000 Belgium.jpg	CC BY 2.0
2000-13	ACCEPTED	File:Jean Alesi 2000 Belgium.jpg	CC BY 2.0
2000-13	ACCEPTED	File:Mika Salo 2000 Belgian.jpg	CC BY 2.0
2000-13	ACCEPTED	File:Pedro de la Rosa 2000 Belgian.jpg	CC BY 2.0
2000-13	ACCEPTED	File:Ricardo Zonta 2000 Belgium.jpg	CC BY 2.0
2000-13	ACCEPTED	File:Rubens Barrichello 2000 Belgian.jpg	CC BY 2.0
2000-14	ACCEPTED	File:Pit Stop.jpg	Public domain
2000-15	ACCEPTED	File:2000 Orange Arrows F1.JPG	Public domain
2000-15	ACCEPTED	File:Ims.jpg	CC BY-SA 3.0
2000-15	ACCEPTED	File:Ims2.jpg	CC BY-SA 3.0
2000-15	ACCEPTED	File:Mika Häkkinen 2000 United States Grand Prix.jpg	CC BY-SA 3.0
2000-15	ACCEPTED	File:Start of 2000 United States Grand Prix at Indianapolis from Tower Terrace grandstand.jpg	CC0
2000-15	ACCEPTED	File:Usgp 2000 ims finish line.jpg	CC BY-SA 3.0
2001-05	ACCEPTED	File:003 0A (8969818420).jpg	CC BY-SA 2.0
2001-05	ACCEPTED	File:004 1A (8969818096).jpg	CC BY-SA 2.0
2001-05	ACCEPTED	File:005 2A (8968624845).jpg	CC BY-SA 2.0
2001-05	ACCEPTED	File:006 3A (8968624555).jpg	CC BY-SA 2.0
2001-05	ACCEPTED	File:006 3A (8968898721).jpg	CC BY-SA 2.0
2001-05	ACCEPTED	File:007 4A (8968899027).jpg	CC BY-SA 2.0
2001-05	ACCEPTED	File:007 4A (8969817132).jpg	CC BY-SA 2.0
2001-05	ACCEPTED	File:008 5A (8970090764).jpg	CC BY-SA 2.0
2001-05	ACCEPTED	File:009 6A (8970091114).jpg	CC BY-SA 2.0
2001-05	ACCEPTED	File:011 8A (8968896849).jpg	CC BY-SA 2.0
2001-05	ACCEPTED	File:012 9A (8968622665).jpg	CC BY-SA 2.0
2001-05	ACCEPTED	File:012 9A (8970091810).jpg	CC BY-SA 2.0
2001-08	ACCEPTED	File:First lap 2001 Canada.jpg	CC BY-SA 2.0
2001-08	ACCEPTED	File:Heinz-Harald Frentzen 2001 Canada.jpg	CC BY-SA 2.0
2001-08	ACCEPTED	File:Jacques Villeneuve 2001 Canada 2.jpg	CC BY-SA 2.0
2001-08	ACCEPTED	File:Jacques Villeneuve 2001 Canada.jpg	CC BY-SA 2.0
2001-08	ACCEPTED	File:Jarno Trulli 2001 Canada.jpg	CC BY-SA 2.0
2001-08	ACCEPTED	File:Jean Alesi 2001 Canada.jpg	CC BY-SA 2.0
2001-08	ACCEPTED	File:Jordan EJ10 Paddock.jpg	CC BY-SA 2.0
2001-08	ACCEPTED	File:Michael Schumacher 2001 Canada.jpg	CC BY-SA 2.0
2001-08	ACCEPTED	File:Mika Hakkinen 2001 Canada.jpg	CC BY-SA 2.0
2001-08	ACCEPTED	File:Pedro de la Rosa 2001 Canada.jpg	CC BY-SA 2.0
2001-08	ACCEPTED	File:Ralf Schumacher 2001 Canada.jpg	CC BY-SA 2.0
2001-08	ACCEPTED	File:Schumacher + Coulthard + Trulli + Panis 2001 Canada.jpg	CC BY-SA 2.0
2001-09	ACCEPTED	File:Drivers Europe 2001.jpg	CC BY-SA 3.0
2001-09	ACCEPTED	File:Schumacher Europe 2001.jpg	CC BY-SA 3.0
2001-09	ACCEPTED	File:Verstappen Europe 2001.jpg	CC BY-SA 3.0
2001-10	ACCEPTED	File:Alesi 2001 (cropped).jpg	CC BY 2.5
2001-10	ACCEPTED	File:Alesi 2001 crop.jpg	CC BY 2.5
2001-10	ACCEPTED	File:Button 2001 French Grand Prix.jpg	CC BY 2.5
2001-10	ACCEPTED	File:Jaguar R2 (side view).jpg	CC BY-SA 2.0
2001-10	ACCEPTED	File:Jaguar R2.jpg	CC BY-SA 2.0
2001-14	ACCEPTED	File:Eau rouge kurve.jpg	Public domain
2001-16	ACCEPTED	File:Enge indianapolis 2001.jpeg	CC BY 3.0
2001-16	ACCEPTED	File:Flag crowd.jpg	CC BY-SA 3.0
2001-16	ACCEPTED	File:Jean Alesi 2001.jpg	CC BY-SA 3.0
2001-16	ACCEPTED	File:Usgp 2001 ims jordan gp garage flag.jpg	CC BY-SA 3.0
2001-16	ACCEPTED	File:Usgp 2001 ims montoya leads schumacher.jpg	CC BY-SA 3.0
2002-06	ACCEPTED	File:2002 Austrian GP.jpg	Public domain
2002-06	ACCEPTED	File:Austrian GP 2002 masks.JPG	Public domain
2002-07	ACCEPTED	File:Ove Andersson.jpg	CC BY-SA 3.0
2002-08	ACCEPTED	File:Juan Pablo Montoya Pole Montreal GP 2002.jpg	Public domain
2002-08	ACCEPTED	File:Montreal 2002.jpg	Public domain
2002-10	ACCEPTED	File:Button Silverstone 2002.jpg	CC BY-SA 2.0
2002-11	ACCEPTED	File:Frentzen Bernoldi France 2002.jpg	CC BY 2.5
2002-11	ACCEPTED	File:Heinz-Harald Frentzen 2002 French Gran Prix.jpg	CC BY 2.5
2002-11	ACCEPTED	File:McNish toyota 2002.jpg	CC BY 2.5
2002-11	ACCEPTED	File:Mschumacher 2002.jpg	CC BY 2.5
2002-11	ACCEPTED	File:Schumacher overtaking raikkonen 2002.jpg	CC BY 2.5
2002-11	ACCEPTED	File:Webber 2002.jpg	CC BY 2.5
2002-16	ACCEPTED	File:Barrichello 2002.jpg	CC BY-SA 3.0
2002-16	ACCEPTED	File:Eddie Irvine 2002.jpg	CC BY-SA 3.0
2002-16	ACCEPTED	File:J p montoya.jpg	CC BY-SA 3.0
2002-16	ACCEPTED	File:Jacques Villeneuve 2002.jpg	CC BY-SA 3.0
2002-16	ACCEPTED	File:Jenni Dahlman 2002 (cropped).jpg	CC BY-SA 3.0
2002-16	ACCEPTED	File:Jordan GP 2002 sato.jpg	CC0
2002-16	ACCEPTED	File:Jordan GP 2002.jpg	CC BY-SA 3.0
2002-16	ACCEPTED	File:Michael Schumacher 2002.jpg	CC BY-SA 3.0
2002-16	ACCEPTED	File:Olivier Panis 2002.jpg	CC BY-SA 3.0
2002-16	ACCEPTED	File:Raikkonen 2002.jpg	CC BY-SA 3.0
2002-16	ACCEPTED	File:Ralf Schumacher 2002.jpg	CC BY-SA 3.0
2002-16	ACCEPTED	File:Renault crew 2002.jpg	CC BY-SA 3.0
2003-02	ACCEPTED	File:Trofeo Malasia(Fernando Alonso).jpg	CC BY-SA 2.0
2003-05	ACCEPTED	File:2003 Spanish Grand Prix grid.jpg	Public domain
2003-10	ACCEPTED	File:Frentzen 2003.jpg	CC BY 2.5
2003-10	ACCEPTED	File:Magny-Cours F1 track, France (3313423199).jpg	CC BY 2.0
2003-10	ACCEPTED	File:Magny-Cours F1 track, France (3314247314).jpg	CC BY 2.0
2003-10	ACCEPTED	File:Magny-Cours F1 track, France (3314247640).jpg	CC BY 2.0
2003-10	ACCEPTED	File:Magny-Cours, France (3313421825).jpg	CC BY 2.0
2003-10	ACCEPTED	File:Magny-Cours, France (3313422599).jpg	CC BY 2.0
2003-10	ACCEPTED	File:Minardi PS03 Verstappen (cropped).jpg	CC BY 2.0
2003-10	ACCEPTED	File:Montoya 2003.jpg	CC BY 2.5
2003-10	ACCEPTED	File:Raikkonen 2003.jpg	CC BY 2.5
2003-10	ACCEPTED	File:Ralph Firman 2003.JPG	CC BY 2.5
2003-11	ACCEPTED	File:2003 British Grand Prix, Silverstone Circuit (27321856077).jpg	CC BY-SA 2.0
2003-11	ACCEPTED	File:Antônio Pizzonia 2003 Silverstone 2.jpg	CC BY-SA 2.0
2003-11	ACCEPTED	File:Antônio Pizzonia 2003 Silverstone 3.jpg	CC BY-SA 2.0
2003-11	ACCEPTED	File:Antônio Pizzonia 2003 Silverstone 4.jpg	CC BY-SA 2.0
2003-11	ACCEPTED	File:Antônio Pizzonia 2003 Silverstone 5.jpg	CC BY-SA 2.0
2003-11	ACCEPTED	File:Antônio Pizzonia 2003 Silverstone 6.jpg	CC BY-SA 2.0
2003-11	ACCEPTED	File:Antônio Pizzonia 2003 Silverstone 7.jpg	CC BY-SA 2.0
2003-11	ACCEPTED	File:Antônio Pizzonia 2003 Silverstone.jpg	CC BY-SA 2.0
2003-11	ACCEPTED	File:Barrichello 2003 British GP.jpg	CC BY-SA 2.0
2003-11	ACCEPTED	File:British Grand Prix 2003 - geograph.org.uk - 3825591.jpg	CC BY-SA 2.0
2003-11	ACCEPTED	File:British Grand Prix 2003 - geograph.org.uk - 3825943.jpg	CC BY-SA 2.0
2003-11	ACCEPTED	File:Cristiano da Matta 2003 Silverstone 2.jpg	CC BY-SA 2.0
2003-12	ACCEPTED	File:Juan Pablo Montoya Hockenheim 2003.jpg	CC BY-SA 4.0
2003-12	ACCEPTED	File:Kimi Raikkonen Hockenheim 2003.jpg	CC BY-SA 4.0
2003-12	ACCEPTED	File:RaikkonenFirman Germany2003.jpg	CC BY-SA 2.0
2003-13	ACCEPTED	File:BAR and Toyota at the start grid at the 2003 Hungarian Grand Prix.jpg	CC BY 3.0
2003-13	ACCEPTED	File:BARs starting warm up lap at the 2003 Hungarian Grand Prix.jpg	CC BY 3.0
2003-13	ACCEPTED	File:Bjorn Wirdheim 2003 F3000 Hungary.jpg	CC BY 3.0
2003-13	ACCEPTED	File:Björn Wirdheim at the 2003 Hungarian Grand Prix (Formula 3000 support race).jpg	CC BY 3.0
2003-13	ACCEPTED	File:Both Williams and Minardi in the last corner at the 2003 Hungarian Grand Prix.jpg	CC BY 3.0
2003-13	ACCEPTED	File:Crashed Ferrari on big screen at the 2003 Hungarian Grand Prix.jpg	CC BY 3.0
2003-13	ACCEPTED	File:Crashed Ferrari taken away at the 2003 Hungarian Grand Prix.jpg	CC BY 3.0
2003-13	ACCEPTED	File:End of first lap at the 2003 Hungarian Grand Prix.jpg	CC BY 3.0
2003-13	ACCEPTED	File:End of first lap midfield at the 2003 Hungarian Grand Prix.jpg	CC BY 3.0
2003-13	ACCEPTED	File:End of warm up lap at the 2003 Hungarian Grand Prix.jpg	CC BY 3.0
2003-13	ACCEPTED	File:F1 Start grid at the 2003 Hungarian Grand Prix.jpg	CC BY 3.0
2003-13	ACCEPTED	File:Fans on racetrack aftert the race at the 2003 Hungarian Grand Prix.jpg	CC BY 3.0
2003-15	ACCEPTED	File:Formula one.jpg	CC BY-SA 3.0
2003-15	ACCEPTED	File:Jarno Trulli 2003.jpg	CC BY-SA 3.0
2003-15	ACCEPTED	File:Ralf Schumacher Indianapolis 2003.jpg	CC BY-SA 3.0
2003-15	ACCEPTED	File:Villeneuve BAR USGP 2003.jpg	CC BY-SA 3.0
2004-01	ACCEPTED	File:McLaren @ Melbourne Grand Prix 2004 (1149877980).jpg	CC BY 2.0
2004-01	ACCEPTED	File:Melbourne Grand Prix (869739803).jpg	CC BY 2.0
2004-01	ACCEPTED	File:Melbourne Grand Prix (869741025).jpg	CC BY 2.0
2004-01	ACCEPTED	File:Melbourne Grand Prix (870589900).jpg	CC BY 2.0
2004-01	ACCEPTED	File:Melbourne Grand Prix - Behind the Garages (898358114).jpg	CC BY 2.0
2004-01	ACCEPTED	File:Melbourne Grand Prix - Packing Up (897504881).jpg	CC BY 2.0
2004-01	ACCEPTED	File:Melbourne Grand Prix 2004 (1149030653).jpg	CC BY 2.0
2004-01	ACCEPTED	File:Melbourne Grand Prix Circuit (870527196).jpg	CC BY 2.0
2004-01	ACCEPTED	File:Packing Up after the Melbourne Grand Prix (1303941932).jpg	CC BY 2.0
2004-01	ACCEPTED	File:Renault F1 Melbourne Grand Prix 2004 (1149875738).jpg	CC BY 2.0
2004-02	ACCEPTED	File:F1 car show.jpg	CC BY 2.0
2004-02	ACCEPTED	File:Fast Kimi.jpg	CC BY 2.0
2004-02	ACCEPTED	File:Malaysian GP practice session 3.JPG	Public domain
2004-02	ACCEPTED	File:Mercedes Safety Car.jpg	CC BY 2.0
2004-06	ACCEPTED	File:Michael Schumacher 2004 Monaco.jpg	CC BY 2.0
2004-06	ACCEPTED	File:Schmacher and Sato at Monaco 2004.jpg	CC BY 2.0
2004-06	ACCEPTED	File:Schumacher at Monaco 2004.jpg	CC BY 2.0
2004-07	ACCEPTED	File:Ralf Schumacher-Nürburgring2004.jpg	CC BY-SA 3.0
2004-08	ACCEPTED	File:Alonso 2004 Canada.jpg	CC BY 2.0
2004-08	ACCEPTED	File:Button 2004 Canada.jpg	CC BY 2.0
2004-08	ACCEPTED	File:Coulthard 2004 Canada.jpg	CC BY 2.0
2004-08	ACCEPTED	File:Fernando Alonso 2004 Canada.jpg	CC BY-SA 2.0
2004-08	ACCEPTED	File:Montoya 2004 Canada.jpg	CC BY 2.0
2004-08	ACCEPTED	File:Nick Heidfeld 2004 Canada cropped.jpg	CC BY-SA 2.0
2004-08	ACCEPTED	File:Nick Heidfeld 2004.jpg	CC BY-SA 2.0
2004-08	ACCEPTED	File:Tyrrell 007 Canada 2004.jpg	CC BY-SA 2.0
2004-08	ACCEPTED	File:Williams FW26 Canada GP 2004.jpg	CC BY 2.0
2004-08	ACCEPTED	File:Yardley McLaren M19C Peter Revson.jpg	CC BY-SA 2.0
2004-09	ACCEPTED	File:2004 US GP BARも準備万端 (20944059).jpg	CC BY 2.0
2004-09	ACCEPTED	File:2004 US GP Indianapolis Motor Speedway (20941671).jpg	CC BY 2.0
2004-09	ACCEPTED	File:2004 US GP Indianapolis Motor Speedway (20941775).jpg	CC BY 2.0
2004-09	ACCEPTED	File:2004 US GP SCはまだ続きます (20946014).jpg	CC BY 2.0
2004-09	ACCEPTED	File:2004 US GP USGP名物 (20948729).jpg	CC BY 2.0
2004-09	ACCEPTED	File:2004 US GP お客さんが少ない・・・ (20942338).jpg	CC BY 2.0
2004-09	ACCEPTED	File:2004 US GP この時ピットを済ませておけばなぁ・・・ (20945904).jpg	CC BY 2.0
2004-09	ACCEPTED	File:2004 US GP さぁさぁ (20944404).jpg	CC BY 2.0
2004-09	ACCEPTED	File:2004 US GP ちょうどこの辺り (20942480).jpg	CC BY 2.0
2004-09	ACCEPTED	File:2004 US GP やったー (20948081).jpg	CC BY 2.0
2004-09	ACCEPTED	File:2004 US GP よく撮れました (20945159).jpg	CC BY 2.0
2004-09	ACCEPTED	File:2004 US GP よっこいしょっ (20947937).jpg	CC BY 2.0
2004-10	ACCEPTED	File:AdrianNewey.JPG	CC BY-SA 3.0
2004-10	ACCEPTED	File:Coulthard MP419b 2004.JPG	CC BY 2.5
2004-10	ACCEPTED	File:Pantano Jordan 2004.JPG	CC BY 2.5
2004-10	ACCEPTED	File:Wirdheim Jaguar R5 2004.jpg	CC BY 2.5
2004-11	ACCEPTED	File:Anthony Davidson - BAR006 during practice for the 2004 British Grand Prix (50830723148).jpg	CC BY-SA 2.0
2004-11	ACCEPTED	File:Anthony Davidson - BAR006 during practice for the 2004 British Grand Prix (50830723283).jpg	CC BY-SA 2.0
2004-11	ACCEPTED	File:Anthony Davidson - BAR006 during practice for the 2004 British Grand Prix (50831467021).jpg	CC BY-SA 2.0
2004-11	ACCEPTED	File:Anthony Davidson - BAR006 during practice for the 2004 British Grand Prix (50831467056).jpg	CC BY-SA 2.0
2004-11	ACCEPTED	File:Anthony Davidson - BAR006 during practice for the 2004 British Grand Prix (50831467101).jpg	CC BY-SA 2.0
2004-11	ACCEPTED	File:Anthony Davidson - BAR006 during practice for the 2004 British Grand Prix (50831467176).jpg	CC BY-SA 2.0
2004-11	ACCEPTED	File:Anthony Davidson - BAR006 during practice for the 2004 British Grand Prix (50831554822).jpg	CC BY-SA 2.0
2004-11	ACCEPTED	File:Bas Leinders - Minardi PS04B during practice for the 2004 British Grand Prix (50831466926).jpg	CC BY-SA 2.0
2004-11	ACCEPTED	File:Bas Leinders - Minardi PS04B during practice for the 2004 British Grand Prix (50831466971).jpg	CC BY-SA 2.0
2004-11	ACCEPTED	File:Bjorn Wirdheim - Jaguar R5 during practice for the 2004 British Grand Prix (50830712548).jpg	CC BY-SA 2.0
2004-11	ACCEPTED	File:Bjorn Wirdheim - Jaguar R5 during practice for the 2004 British Grand Prix (50830722578).jpg	CC BY-SA 2.0
2004-11	ACCEPTED	File:Bjorn Wirdheim - Jaguar R5 during practice for the 2004 British Grand Prix (50830722638).jpg	CC BY-SA 2.0
2004-12	ACCEPTED	File:Formula One Medical Car Hockenheimring.jpg	CC BY 2.0
2004-12	ACCEPTED	File:Hockenheimring Michael Schumacher (cropped).jpg	CC BY-SA 2.0
2004-12	ACCEPTED	File:Kimi Raikkonen Hockenheim 2004.jpg	CC BY-SA 4.0
2004-12	ACCEPTED	File:Peter Sauber.jpg	CC BY-SA 2.5
2004-14	ACCEPTED	File:Christian Klien 2004 Belgium.jpg	CC BY 2.0
2004-14	ACCEPTED	File:Giancarlo Fisichella 2004 Belgium.jpg	CC BY 2.0
2004-14	ACCEPTED	File:Jarno Trulli 2004 Belgium 2.jpg	CC BY 2.0
2004-14	ACCEPTED	File:Jarno Trulli 2004 Belgium.jpg	CC BY 2.0
2004-14	ACCEPTED	File:Jenson Button 2004 Belgium.jpg	CC BY 2.0
2004-14	ACCEPTED	File:Juan Pablo Montoya 2004 Belgium.jpg	CC BY 2.0
2004-14	ACCEPTED	File:Nick Heidfeld 2004 Belgium.jpg	CC BY 2.0
2004-14	ACCEPTED	File:Red water.jpg	CC BY-SA 3.0
2004-15	ACCEPTED	File:Fale F1 Monza 2004 1.jpg	CC BY-SA 3.0
2004-15	ACCEPTED	File:Fale F1 Monza 2004 10.jpg	CC BY-SA 3.0
2004-15	ACCEPTED	File:Fale F1 Monza 2004 100.jpg	CC BY-SA 3.0
2004-15	ACCEPTED	File:Fale F1 Monza 2004 101.jpg	CC BY-SA 3.0
2004-15	ACCEPTED	File:Fale F1 Monza 2004 102.jpg	CC BY-SA 3.0
2004-15	ACCEPTED	File:Fale F1 Monza 2004 103.jpg	CC BY-SA 3.0
2004-15	ACCEPTED	File:Fale F1 Monza 2004 104.jpg	CC BY-SA 3.0
2004-15	ACCEPTED	File:Fale F1 Monza 2004 105.jpg	CC BY-SA 3.0
2004-15	ACCEPTED	File:Fale F1 Monza 2004 106.jpg	CC BY-SA 3.0
2004-15	ACCEPTED	File:Fale F1 Monza 2004 107.jpg	CC BY-SA 3.0
2004-15	ACCEPTED	File:Fale F1 Monza 2004 108.jpg	CC BY-SA 3.0
2004-15	ACCEPTED	File:Fale F1 Monza 2004 109.jpg	CC BY-SA 3.0
2004-16	ACCEPTED	File:Shanghai formula1 1.jpg	Public domain
2004-16	ACCEPTED	File:Shanghai formula1 2.jpg	Public domain
2004-17	ACCEPTED	File:Ligier JS43.jpg	CC BY 2.0
2004-18	ACCEPTED	File:A group of police officers at 2004 Brazilian Grand Prix.JPG	CC BY-SA 2.5
2004-18	ACCEPTED	File:Autódromo de Interlagos 2004 arquibancada.jpg	CC BY-SA 2.5
2004-18	ACCEPTED	File:Xcvhjewkrjei0062.JPG	CC BY-SA 2.5
2005-01	ACCEPTED	File:BMW-Williams' car slows down to take the sharp curve (4613475991).jpg	CC BY 2.0
2005-01	ACCEPTED	File:Grand prix demonstration event melbourne.JPG	CC BY-SA 3.0
2005-01	ACCEPTED	File:Lifting and taking a car away after the race (4613478001).jpg	CC BY 2.0
2005-01	ACCEPTED	File:Paul Stoddart adjusted.jpg	Public domain
2005-04	ACCEPTED	File:Alonso, 2005 San Marino Grand Prix Podium.JPG	CC BY-SA 2.5
2005-04	ACCEPTED	File:GP Imola2005 Podium (Michael Schumacher).jpg	CC BY-SA 2.5
2005-04	ACCEPTED	File:GP Imola2005 Podium.jpg	CC BY-SA 2.5
2005-04	ACCEPTED	File:GP Imola2005 SchumiAlonso cropped.jpg	CC BY-SA 2.5
2005-04	ACCEPTED	File:GP Imola2005 SchumiAlonso.jpg	CC BY-SA 2.5
2005-04	ACCEPTED	File:Ground control - Flickr - Uqbar is back.jpg	CC BY-SA 2.0
2005-04	ACCEPTED	File:Jacques Villeneuve 2005 San Marino.jpg	CC BY 2.0
2005-04	ACCEPTED	File:Mark Webber 2005 San Marino.jpg	CC BY 2.0
2005-04	ACCEPTED	File:McLarens 2005 San Marino.jpg	CC BY 2.0
2005-04	ACCEPTED	File:Nick Heidfeld 2005 San Marino.jpg	CC BY 2.0
2005-04	ACCEPTED	File:Renault Pit Box, Imola 2005.jpg	CC BY 2.0
2005-06	ACCEPTED	File:2005 Monaco GP2, Monaco Grand Prix Support Race, Monte Carlo, 21st May.jpg	CC BY 2.0
2005-06	ACCEPTED	File:Monaco Grand Hotel Hairpin.jpg	CC BY 2.0
2005-08	ACCEPTED	File:Button Canada 2005.jpg	CC BY-SA 2.0
2005-08	ACCEPTED	File:CanadianCowgirls.jpg	CC BY 2.0
2005-08	ACCEPTED	File:Christian Klien 2005 Canada.jpg	CC BY 2.0
2005-08	ACCEPTED	File:Christijan Albers 2005 Canada.jpg	CC BY 2.0
2005-08	ACCEPTED	File:Christijan Albers 2005.jpg	CC BY-SA 2.0
2005-08	ACCEPTED	File:Circuit Gilles Villeneuve Famous Wall.jpg	CC BY-SA 2.0
2005-08	ACCEPTED	File:Circuit Gilles Villeneuve Hairpin.jpg	CC BY 2.0
2005-08	ACCEPTED	File:David Coulthard 2005 Canada.jpg	CC BY-SA 2.0
2005-08	ACCEPTED	File:Fernando Alonso 2005 Canada.jpg	CC BY-SA 2.0
2005-08	ACCEPTED	File:Fisichella + Alonso 2005 Canada.jpg	CC BY-SA 2.0
2005-08	ACCEPTED	File:Formula One Medical Car 2005 Montreal.jpg	CC BY 2.0
2005-08	ACCEPTED	File:Jacques Villeneuve 2005 Canada 2.jpg	CC BY-SA 2.0
2005-09	ACCEPTED	File:Alonso (Renault) qualifying at USGP 2005.jpg	CC BY-SA 2.0
2005-09	ACCEPTED	File:BAR garage.jpg	CC BY-SA 2.5
2005-09	ACCEPTED	File:BAR pitwall.jpg	CC BY-SA 2.0
2005-09	ACCEPTED	File:Blame Mosley banner.jpg	CC BY-SA 2.5
2005-09	ACCEPTED	File:Bob Varsha, David Hobbs.jpg	CC BY-SA 2.0
2005-09	ACCEPTED	File:Bridgestone rain and intermediate tyres 2005 United States GP (19876035).jpg	CC BY 2.0
2005-09	ACCEPTED	File:Christian Klien.jpg	CC BY-SA 2.0
2005-09	ACCEPTED	File:David Hobbs 2.jpg	CC BY-SA 2.0
2005-09	ACCEPTED	File:David Hobbs.jpg	CC BY-SA 2.0
2005-09	ACCEPTED	File:F1 Safty Car out of Garage.jpg	CC BY-SA 2.0
2005-09	ACCEPTED	File:F1 yellow flag and SC sign.jpg	CC BY-SA 2.0
2005-09	ACCEPTED	File:Felipe Massa thumbs-up.jpg	CC BY-SA 2.0
2005-11	ACCEPTED	File:2005 British GP.jpg	CC BY-SA 2.0
2005-11	ACCEPTED	File:Christian Klien 2005 Britain.jpg	CC BY 2.0
2005-11	ACCEPTED	File:F1 GP ToyotaRacing girl.jpg	CC BY-SA 2.0
2005-11	ACCEPTED	File:Felipe Massa 2005.jpg	CC BY 2.0
2005-11	ACCEPTED	File:Fernando Alonso 2005 Britain.jpg	CC BY 2.0
2005-11	ACCEPTED	File:Fisichella 2005 British Grand Prix (2).jpg	CC BY 2.0
2005-11	ACCEPTED	File:Fisichella 2005 British Grand Prix (3).jpg	CC BY 2.0
2005-11	ACCEPTED	File:Fisichella 2005 British Grand Prix (4).jpg	CC BY 2.0
2005-11	ACCEPTED	File:Fisichella 2005 British Grand Prix.jpg	CC BY 2.0
2005-11	ACCEPTED	File:Jenson Button 2005 Britain.jpg	CC BY 2.0
2005-11	ACCEPTED	File:Jenson Button British GP 2005.jpg	CC BY-SA 2.0
2005-11	ACCEPTED	File:Juan Pablo Montoya 2005 Britain.jpg	CC BY 2.0
2005-12	ACCEPTED	File:BAR German GP 2005 FP2.jpg	CC BY-SA 4.0
2005-12	ACCEPTED	File:Hockenheimring Safety Car2.jpg	CC BY-SA 2.5
2005-12	ACCEPTED	File:Michael Schumacher Hockenheim 2005.jpg	CC BY-SA 4.0
2005-12	ACCEPTED	File:MichaelSchumacherHO2005.jpg	Public domain
2005-12	ACCEPTED	File:Nicolas Kiesa 2005.jpg	CC BY-SA 4.0
2005-14	ACCEPTED	File:First corner 2005 Turkish Grand Prix.jpg	Public domain
2005-14	ACCEPTED	File:GPTurkey05 start.jpg	Public domain
2005-14	ACCEPTED	File:Turkey pit.jpg	Public domain
2005-15	ACCEPTED	File:BAR Honda 007.JPG	CC BY 2.5
2005-15	ACCEPTED	File:F2005 Schumacher.JPG	CC BY 2.5
2005-15	ACCEPTED	File:Felipe Massa autographs.jpg	Public domain
2005-15	ACCEPTED	File:FerrariF2005inMonza.JPG	CC BY-SA 3.0
2005-15	ACCEPTED	File:Jordan EJ15 italy.JPG	CC BY 2.5
2005-15	ACCEPTED	File:RedBull RB1 Steeringwheel.JPG	CC BY 2.5
2005-15	ACCEPTED	File:RedBull RB1.JPG	CC BY 2.5
2005-15	ACCEPTED	File:Sauber Petronas C24.JPG	CC BY 2.5
2005-15	ACCEPTED	File:Stepneytodt (cropped).JPG	CC BY-SA 3.0
2005-16	ACCEPTED	File:Crowd at Bus Stop.jpg	CC BY-SA 4.0
2005-16	ACCEPTED	File:F1 Raikkonen 2005 Spa.jpg	CC BY-SA 2.5
2005-16	ACCEPTED	File:Michael Schumacher Spa.jpg	CC BY-SA 4.0
2005-16	ACCEPTED	File:Pit babes belgium 05.jpg	CC BY-SA 4.0
2005-16	ACCEPTED	File:Raidillon 05.jpg	CC BY-SA 4.0
2005-16	ACCEPTED	File:Raidillon from Bus Stop.jpg	CC BY-SA 4.0
2005-16	ACCEPTED	File:September2005 057.jpg	Public domain
2005-16	ACCEPTED	File:Spa Francorchamps.jpg	CC BY-SA 4.0
2005-16	ACCEPTED	File:Spa francorchamps.jpg	CC BY-SA 3.0
2005-16	ACCEPTED	File:Spa paddock.jpg	CC BY-SA 4.0
2005-17	ACCEPTED	File:24 September 2005 BrazilGP.jpg	CC BY-SA 3.0
2005-17	ACCEPTED	File:25 September 2005 BrazilGP.jpg	CC BY-SA 3.0
2005-17	ACCEPTED	File:And they run.... (47794681).jpg	CC BY 2.0
2005-19	ACCEPTED	File:2005 Chinese Grand Prix.jpg	CC BY 2.0
2005-19	ACCEPTED	File:Fernando Alonso 2005 China.jpg	CC BY 2.0
2005-19	ACCEPTED	File:Ferrari3 girl at F1race.jpg	CC BY 2.0
2005-19	ACCEPTED	File:Jenson Button 2005 China (crop).jpg	CC BY 2.0
2005-19	ACCEPTED	File:Jordan EJ15 crash, 2005 Chinese Grand Prix.jpg	CC BY-SA 3.0
2005-19	ACCEPTED	File:McLaren China 2005.jpg	CC BY 2.0
2006-01	ACCEPTED	File:Bahrain 2006 podium.jpg	CC BY 2.0
2006-01	ACCEPTED	File:Bernie Ecclestone.jpg	Public domain
2006-01	ACCEPTED	File:Copa de Campeón en Barhein(Fernando Alonso).jpg	CC BY-SA 2.0
2006-01	ACCEPTED	File:Jenson Button 2006 cropped.jpg	CC BY 2.0
2006-01	ACCEPTED	File:Jenson Button 2006.jpg	CC BY 2.0
2006-01	ACCEPTED	File:Marlboro Branding.jpg	Public domain
2006-01	ACCEPTED	File:Marlboro-Ferrari.jpg	Public domain
2006-01	ACCEPTED	File:Martin Whitmarsh.jpg	Public domain
2006-01	ACCEPTED	File:Rubens Barrichello 2006.jpg	CC BY 2.0
2006-01	ACCEPTED	File:Todt and Dennis2.jpg	Public domain
2006-01	ACCEPTED	File:Trulli Toyota 1.jpg	CC BY 2.0
2006-02	ACCEPTED	File:2006 Malaysian Grand Prix.jpg	CC BY 2.0
2006-02	ACCEPTED	File:After 2006 Malaysian Grand Prix.jpg	CC BY 2.0
2006-02	ACCEPTED	File:DavidCt.JPG	Public domain
2006-02	ACCEPTED	File:Fernando Alonso 2006 Malaysia notobaccoad.jpg	CC BY 2.0
2006-02	ACCEPTED	File:Fernando Alonso 2006 Malaysia.jpg	CC BY 2.0
2006-02	ACCEPTED	File:Fernando Alonso Malasia.jpg	CC BY 2.0
2006-02	ACCEPTED	File:Giancarlo Fisichella with Renault R26 2006 Malaysia.jpg	CC BY 2.0
2006-02	ACCEPTED	File:Giancarlo Fisichella won the 2006 Malaysian GP cropped.jpg	CC BY 2.0
2006-02	ACCEPTED	File:Giancarlo Fisichella won the 2006 Malaysian GP.jpg	CC BY 2.0
2006-02	ACCEPTED	File:McLaren pit work 2006 Malaysia.jpg	CC BY 2.0
2006-02	ACCEPTED	File:Nico Rosberg Williams FW28.jpg	CC BY-SA 2.5
2006-02	ACCEPTED	File:Scott Speed Toro Rosso 2006 Malaysia.jpg	Public domain
2006-03	ACCEPTED	File:Brabham BT19 2006 Australia.jpg	CC BY-SA 2.0
2006-03	ACCEPTED	File:Broken Safety car.jpg	CC BY 2.0
2006-03	ACCEPTED	File:Bruno Senna 2006 Australian Grand Prix-2.jpg	CC BY-SA 2.5
2006-03	ACCEPTED	File:Bruno Senna 2006 Australian Grand Prix-4.jpg	CC BY-SA 2.5
2006-03	ACCEPTED	File:Bruno Senna 2006 Australian Grand Prix.jpg	CC BY-SA 2.5
2006-03	ACCEPTED	File:Ide 2006 Australian GP.jpg	Public domain
2006-03	ACCEPTED	File:Mark Webber Australia 2006.jpg	CC BY 2.0
2006-03	ACCEPTED	File:Michael Schumacher Australia 2006.jpg	CC BY 2.0
2006-05	ACCEPTED	File:Hans-Joachim Stuck 2006.jpg	CC BY-SA 4.0
2006-05	ACCEPTED	File:Nick Heidfeld 2006 Nürburgring.jpg	CC BY-SA 4.0
2006-06	ACCEPTED	File:BMWSauber2006-2.JPG	CC BY-SA 3.0
2006-06	ACCEPTED	File:Detalle alerón dianteiro BMW Sauber F1.06.JPG	CC BY-SA 3.0
2006-06	ACCEPTED	File:Detalle-TF106.JPG	CC BY-SA 3.0
2006-06	ACCEPTED	File:Discos de Freo F1.JPG	CC BY-SA 3.0
2006-06	ACCEPTED	File:Honda2006.JPG	CC BY-SA 3.0
2006-06	ACCEPTED	File:McLarenMercedes2006.JPG	CC BY-SA 3.0
2006-06	ACCEPTED	File:Pedro de la Rosa 2006.jpg	CC BY 2.0
2006-06	ACCEPTED	File:RedBull2006.JPG	CC BY-SA 3.0
2006-06	ACCEPTED	File:Sunpic4.jpg	CC BY-SA 3.0
2006-06	ACCEPTED	File:SuperAguri2006.JPG	CC BY-SA 3.0
2006-06	ACCEPTED	File:Trofero gran premio de España(F1).jpg	CC BY-SA 2.0
2006-07	ACCEPTED	File:Albers Monaco2006.jpg	CC BY-SA 2.0
2006-07	ACCEPTED	File:Carolinagynning.jpg	CC BY-SA 3.0
2006-07	ACCEPTED	File:CoulthardSuperman.jpg	CC BY-SA 3.0
2006-07	ACCEPTED	File:DavidCoulthard Monaco2006.jpg	CC BY 2.0
2006-07	ACCEPTED	File:Fernando Alonso - Renault R26 - Monaco Grand Prix 2006.jpg	CC BY-SA 2.5
2006-07	ACCEPTED	File:FernandoAlonso Monaco2006.jpg	CC BY 2.0
2006-07	ACCEPTED	File:Flavio Briatore crop.jpg	CC BY-SA 3.0
2006-07	ACCEPTED	File:FlavioBriatoreCarolinaGynning.jpg	CC BY-SA 3.0
2006-07	ACCEPTED	File:Kate Bosworth From the Monaco Grand Prix 2006.jpg	CC BY-SA 3.0
2006-07	ACCEPTED	File:Luizzi Monaco2006.jpg	CC BY 2.0
2006-07	ACCEPTED	File:McLaren MP4-21 rear.jpg	CC BY 2.0
2006-07	ACCEPTED	File:Michael Schumacher - Ferrari 248 F1 - Monaco Grand Prix.jpg	CC BY-SA 2.5
2006-08	ACCEPTED	File:Becketts Corner, Silverstone - geograph.org.uk - 184456.jpg	CC BY-SA 2.0
2006-08	ACCEPTED	File:Fernando Alonso 2006 Britain.jpg	CC BY 2.0
2006-08	ACCEPTED	File:Michael Schumacher 2006 Britain.jpg	CC BY 2.0
2006-08	ACCEPTED	File:Sakon Yamamoto 2006 British Grand Prix.jpg	CC BY-SA 3.0
2006-08	ACCEPTED	File:Silverstone Hangar Straight.jpg	CC BY-SA 2.0
2006-09	ACCEPTED	File:Alex Wurz Canada 2006.jpg	CC BY-SA 2.0
2006-09	ACCEPTED	File:Barrichello and Klien overtake Canada 2006.jpg	CC BY-SA 2.0
2006-09	ACCEPTED	File:Circuit Gilles Villeneuve MAM.JPG	CC BY-SA 3.0
2006-09	ACCEPTED	File:Circuit Gilles-Villeneuve1.JPG	CC BY-SA 2.5
2006-09	ACCEPTED	File:Domegp.jpg	Public domain
2006-09	ACCEPTED	File:Felipe Massa 2006 Canada.jpg	CC BY-SA 2.0
2006-09	ACCEPTED	File:Fernando Alonso 2006 Canada.jpg	CC BY-SA 2.0
2006-09	ACCEPTED	File:Giancarlo Fisichella Canada 2006.jpg	CC BY-SA 2.0
2006-09	ACCEPTED	File:Jacques Villeneuve Canada 2006.jpg	CC BY-SA 2.0
2006-09	ACCEPTED	File:Jarno Trulli 2006 Canada.jpg	CC BY-SA 2.0
2006-09	ACCEPTED	File:Jenson Button 2006 Canada 2 (cropped).jpg	CC BY-SA 2.5
2006-09	ACCEPTED	File:Jenson Button 2006 Canada.jpg	Attribution
2006-10	ACCEPTED	File:2006 USGP Start.jpg	CC BY-SA 3.0
2006-10	ACCEPTED	File:2006USGP ParcFerme.jpg	CC BY-SA 3.0
2006-10	ACCEPTED	File:Alonso + Barrichello + Villeneuve + Schumacher 2006 USA.jpg	CC BY 2.0
2006-10	ACCEPTED	File:Alonso + Schumacher 2006 USA.jpg	CC BY 2.0
2006-10	ACCEPTED	File:Alonso indianapolis f1.jpg	CC BY 2.0
2006-10	ACCEPTED	File:Australian fan Formula 1.jpg	CC BY 2.0
2006-10	ACCEPTED	File:Christian Klien 2006 Indianapolis.jpg	CC BY 2.0
2006-10	ACCEPTED	File:Christian Klien and Nick Heidfeld 2006 Indianapolis.jpg	CC BY 2.0
2006-10	ACCEPTED	File:Christijan Albers 2006 Indianapolis 2.jpg	CC BY 2.0
2006-10	ACCEPTED	File:Christijan Albers 2006 Indianapolis.jpg	CC BY 2.0
2006-10	ACCEPTED	File:Christijan Albers US GP 2006.jpg	CC BY 2.0
2006-10	ACCEPTED	File:Christijan Albers USA 2006.jpg	CC BY 2.0
2006-11	ACCEPTED	File:Camera crane in Magny-Cours.JPG	Public domain
2006-11	ACCEPTED	File:Fernando Alonso 2006 France.jpg	CC BY-SA 2.0
2006-11	ACCEPTED	File:Ferrari and Renault supporters.JPG	Public domain
2006-11	ACCEPTED	File:Ferrari supporters (Magny-Cours 2006).JPG	CC BY 3.0
2006-11	ACCEPTED	File:Franck Montagny 2006 French Grand Prix.jpg	CC BY-SA 2.0
2006-11	ACCEPTED	File:French paratrooper in Magny-Cours.JPG	Public domain
2006-11	ACCEPTED	File:French paratrooper landing in Magny-Cours.JPG	Public domain
2006-11	ACCEPTED	File:Kimi Raikkonen 2006 France (crop).JPG	CC BY-SA 2.0
2006-11	ACCEPTED	File:MS Massa France 2006.JPG	CC BY 2.5
2006-11	ACCEPTED	File:MSchumacher - parade GP France 2006.JPG	Public domain
2006-11	ACCEPTED	File:Magny-Cours (morning before the race).JPG	Public domain
2006-11	ACCEPTED	File:Mark Webber 2006.jpg	CC BY-SA 2.0
2006-12	ACCEPTED	File:Formel1 Rennwagen 'RedBul-Racing' Hockenheim 2006 001.JPG	CC BY-SA 2.5
2006-12	ACCEPTED	File:Hockenheim F1 safetycar.jpg	CC BY-SA 2.5
2006-12	ACCEPTED	File:Scott Speed in racecar of Scuderia Toro Rosso at the 2006 German Grand Prix.jpg	Public domain
2006-12	ACCEPTED	File:Villeneuve Germany2006.jpg	Public domain
2006-13	ACCEPTED	File:Buttonwin.jpg	CC BY 2.0
2006-13	ACCEPTED	File:Michael Schumacher Hungaroring 2006.jpg	CC BY-SA 4.0
2006-13	ACCEPTED	File:Nick Heidfeld Hungaroring.jpg	CC BY-SA 4.0
2006-13	ACCEPTED	File:Pedro de la Rosa Hungaroring.jpg	CC BY-SA 4.0
2006-14	ACCEPTED	File:Christian Klien 2006 Turkey.jpg	CC BY 2.0
2006-14	ACCEPTED	File:Christijan Albers 2006 Turkey (crop).jpg	CC BY 2.0
2006-14	ACCEPTED	File:Dancer at F1race.jpg	CC BY 2.0
2006-14	ACCEPTED	File:Dancer1 at F1race.jpg	CC BY 2.0
2006-14	ACCEPTED	File:Ferrari girl at F1race.jpg	CC BY 2.0
2006-14	ACCEPTED	File:Ferrari2 girl at F1race.jpg	CC BY 2.0
2006-14	ACCEPTED	File:Giancarlo Fisichella 2006 Turkey.jpg	CC BY 2.0
2006-14	ACCEPTED	File:Jarno Trulli 2006 Turkey.jpg	CC BY 2.0
2006-14	ACCEPTED	File:Juice man likes F1.jpg	CC BY 2.0
2006-14	ACCEPTED	File:Kimi Raikkonen 2006 Turkey.jpg	CC BY 2.0
2006-15	ACCEPTED	File:Christijan Albers 2006 (cropped).JPG	CC BY 2.5
2006-15	ACCEPTED	File:Honda RA106 Monza.JPG	CC BY 2.5
2006-15	ACCEPTED	File:JohnnyHerbert2006.JPG	CC BY-SA 3.0
2006-15	ACCEPTED	File:Massa Monza 2006.JPG	CC BY 2.5
2006-15	ACCEPTED	File:Pdlr 2006.JPG	CC BY 2.5
2006-16	ACCEPTED	File:Chinese Grand Prix 2006 Ferrari.jpg	CC BY 2.0
2006-16	ACCEPTED	File:Chinese Grand Prix 2006.jpg	CC BY 2.0
2006-16	ACCEPTED	File:Ferrari McLaren BMW China 2006.jpg	CC BY 2.0
2006-16	ACCEPTED	File:Heidfeld 2006 China GP.jpg	CC BY 2.0
2006-16	ACCEPTED	File:MidlandF1 China 2006.jpg	CC BY 2.0
2006-16	ACCEPTED	File:RedBull Williams China 2006.jpg	CC BY 2.0
2006-16	ACCEPTED	File:Renault China 2006.jpg	CC BY 2.0
2006-16	ACCEPTED	File:Start China 2006.jpg	CC BY 2.0
2006-17	ACCEPTED	File:2006 Japanese Grand Prix (2177563825).jpg	CC BY 2.0
2006-17	ACCEPTED	File:2006 Japanese Grand Prix (2177567099).jpg	CC BY 2.0
2006-17	ACCEPTED	File:2006 Japanese Grand Prix (2177568593).jpg	CC BY 2.0
2006-17	ACCEPTED	File:2006 Japanese Grand Prix (2177570555).jpg	CC BY 2.0
2006-17	ACCEPTED	File:2006 Japanese Grand Prix (2177573713).jpg	CC BY 2.0
2006-17	ACCEPTED	File:2006 Japanese Grand Prix (2177580641).jpg	CC BY 2.0
2006-17	ACCEPTED	File:2006 Japanese Grand Prix (2177582531).jpg	CC BY 2.0
2006-17	ACCEPTED	File:2006 Japanese Grand Prix (2177589161).jpg	CC BY 2.0
2006-17	ACCEPTED	File:2006 Japanese Grand Prix (2177590879).jpg	CC BY 2.0
2006-17	ACCEPTED	File:2006 Japanese Grand Prix (2177596705).jpg	CC BY 2.0
2006-17	ACCEPTED	File:2006 Japanese Grand Prix (2177599661).jpg	CC BY 2.0
2006-17	ACCEPTED	File:2006 Japanese Grand Prix (2177601091).jpg	CC BY 2.0
2006-18	ACCEPTED	File:2006 Fómula 1...Adeus Schumacher^ - panoramio.jpg	CC BY 3.0
2006-18	ACCEPTED	File:Felipe Massa 2006 Brazil winner.jpg	CC BY-SA 3.0
2006-18	ACCEPTED	File:Felipe Massa(Ferrari) - Vencedor do GP Brasil de Fórmula 1 em 2006. Foi a primeira vitória de um piloto brasileiro em Interlagos desde a morte de Ayrton Senna . - panoramio.jpg	CC BY-SA 3.0
2006-18	ACCEPTED	File:Fernando Alonso 2006 Brazil.jpg	CC BY-SA 3.0
2006-18	ACCEPTED	File:Fotógrafos no GP Brasil de Fórmula 1 em 2006 - panoramio.jpg	CC BY-SA 3.0
2006-18	ACCEPTED	File:Honda with messages from BAT 2006 Brazil.jpg	CC BY-SA 3.0
2006-18	ACCEPTED	File:Indicação dos Comissários (SC-Safety Car) para Felipe Massa no GP Brasil de Fórmula 1 em 2006. Felipe Massa venceu o GP Brasil de 2006, sendo o primeiro piloto brasileiro a vencer depois da Era Senna. - panoramio.jpg	CC BY-SA 3.0
2006-18	ACCEPTED	File:Last Blast 2006 Brazil.jpg	CC BY-SA 3.0
2006-18	ACCEPTED	File:Michael Ammermuller 2006 Brazil.jpg	CC BY-SA 3.0
2006-18	ACCEPTED	File:Michael Schumacher 2006 Brazil after the end of race zoom.jpg	CC BY-SA 3.0
2006-18	ACCEPTED	File:Michael Schumacher 2006 Brazil after the end of race.jpg	CC BY-SA 3.0
2006-18	ACCEPTED	File:Michael Schumacher 2006 Brazil last overtaking cropped.jpg	CC BY-SA 3.0
2007-01	ACCEPTED	File:PartenzaGPAustralia2007.jpg	CC BY 2.0
2007-01	ACCEPTED	File:Renault R27 Kovalainen Australian GP 2007.jpg	CC BY-SA 3.0
2007-02	ACCEPTED	File:Alex Wurz 2007 (crop).jpg	CC BY 2.0
2007-02	ACCEPTED	File:Anthony Davidson 2007 Malaysia.jpg	CC BY-SA 2.0
2007-02	ACCEPTED	File:David Coulthard 2007 (crop).jpg	CC BY 2.0
2007-02	ACCEPTED	File:David Coulthard 2007 Malaysia.jpg	CC BY-SA 2.0
2007-02	ACCEPTED	File:F1 GP grid girlsING Renault F1 party.jpg	CC BY 2.0
2007-02	ACCEPTED	File:F1 whitestripetyres.jpg	CC BY 2.0
2007-02	ACCEPTED	File:Felipe Massa 2007 Malaysia 2.jpg	CC BY-SA 2.0
2007-02	ACCEPTED	File:Felipe Massa 2007 Malaysia 3.jpg	CC BY 2.0
2007-02	ACCEPTED	File:Felipe Massa 2007 Malaysia.jpg	CC BY 2.0
2007-02	ACCEPTED	File:Fernando Alonso 2007 2.cropped.jpg	CC BY 2.0
2007-02	ACCEPTED	File:Fernando Alonso 2007 2.jpg	CC BY 2.0
2007-02	ACCEPTED	File:Fernando Alonso 2007 Malaysia.jpg	CC BY-SA 2.0
2007-03	ACCEPTED	File:2007 Bahrain GP podium.jpg	CC BY 2.0
2007-03	ACCEPTED	File:A9C-KD (8561680626).jpg	CC BY-SA 2.0
2007-03	ACCEPTED	File:Anthony Davidson 2007 Bahrain (crop).jpg	CC BY 2.0
2007-03	ACCEPTED	File:Christijan Albers 2007.jpg	CC BY 2.0
2007-03	ACCEPTED	File:Jarno Trulli 2007 Bahrain (crop).jpg	CC BY 2.0
2007-03	ACCEPTED	File:Luca Baldisserri.jpg	CC BY 2.0
2007-03	ACCEPTED	File:Nico Rosberg 2007 Bahrain.jpg	CC BY 2.0
2007-03	ACCEPTED	File:Ralf Schumacher 2007 (crop).jpg	CC BY 2.0
2007-03	ACCEPTED	File:Vitantonio Liuzzi 2007 Bahrain (crop).jpg	CC BY 2.0
2007-04	ACCEPTED	File:Ferrari GP Spain Winner 2007 (14513411647).jpg	CC BY 2.0
2007-04	ACCEPTED	File:Lewis Hamilton 2007 Spain 2.jpg	CC BY-SA 2.0
2007-04	ACCEPTED	File:Lewis Hamilton Spain 2007 (crop).jpg	CC BY-SA 2.0
2007-05	ACCEPTED	File:2007 Monaco Grand Prix - Kimi Raikkonen at Anthony Noghès (cropped).jpg	CC BY 2.0
2007-05	ACCEPTED	File:2007 Monaco Starting Grid.jpg	CC BY 2.0
2007-05	ACCEPTED	File:2007 Monaco pits.jpg	CC BY 2.0
2007-05	ACCEPTED	File:David Coulthard at Monaco.jpg	CC BY 2.0
2007-05	ACCEPTED	File:Fans super aguri et honda.jpg	CC BY 2.0
2007-05	ACCEPTED	File:Fernando Alonso at Monaco.jpg	CC BY 2.0
2007-05	ACCEPTED	File:Jenson Button at Monaco 2007.jpg	CC BY 2.0
2007-05	ACCEPTED	File:Kovalainen in Monaco.jpg	CC BY 2.0
2007-05	ACCEPTED	File:Lewis Hamilton at Monaco.jpg	CC BY 2.0
2007-05	ACCEPTED	File:Massa Monaco 2007.jpg	CC BY 2.0
2007-05	ACCEPTED	File:Nico Rosberg at Monaco.jpg	CC BY 2.0
2007-05	ACCEPTED	File:Panorama Monaco 2007.jpg	CC BY 2.0
2007-06	ACCEPTED	File:14031.788e1433.jpg	CC BY-SA 4.0
2007-06	ACCEPTED	File:Alex Wurz 2007 Canada.jpg	CC BY-SA 2.0
2007-06	ACCEPTED	File:Alonso + Sato 2007 Canada.jpg	CC BY-SA 2.0
2007-06	ACCEPTED	File:Alonso Canada 2007.jpg	CC BY-SA 2.0
2007-06	ACCEPTED	File:Barrichello + Raikkonen 2007 Canada.jpg	CC BY-SA 2.0
2007-06	ACCEPTED	File:Circuit Gilles Villeneuve MAM2.JPG	CC BY-SA 3.0
2007-06	ACCEPTED	File:Circuit Gilles Villeneuve MAM3.JPG	CC BY-SA 3.0
2007-06	ACCEPTED	File:Coulthard Canada 2007.jpg	CC BY-SA 2.0
2007-06	ACCEPTED	File:Coulthard crash Canada 2007.jpg	CC BY-SA 2.0
2007-06	ACCEPTED	File:David Coulthard 2007 Canada.jpg	CC BY-SA 2.0
2007-06	ACCEPTED	File:David Coulthard 2007 Canadian GP 001.jpg	CC BY-SA 2.0
2007-06	ACCEPTED	File:Didier Schraenen.jpg	CC BY-SA 4.0
2007-07	ACCEPTED	File:Anthony Davidson 2007 USA.jpg	CC BY 2.0
2007-07	ACCEPTED	File:Barrichello + Trulli 2007 USA.jpg	CC BY 2.0
2007-07	ACCEPTED	File:Barrichello and Trulli US '07.jpg	CC BY 2.0
2007-07	ACCEPTED	File:Christijan Albers 2007 USA.jpg	CC BY 2.0
2007-07	ACCEPTED	File:Fan USA Ferrari DSC00043.jpg	CC BY-SA 2.0
2007-07	ACCEPTED	File:Fan USA Ferrari DSC00555.jpg	CC BY-SA 2.0
2007-07	ACCEPTED	File:Fan USA Ferrari DSC00556 Crazy Fun Brazilian Fans.jpg	CC BY-SA 2.0
2007-07	ACCEPTED	File:Fan USA Ferrari DSC00557 Crazy Fun Brazilian Fans.jpg	CC BY-SA 2.0
2007-07	ACCEPTED	File:Fan USA Ferrari DSC00560 Crazy Fun Brazilian Fans.jpg	CC BY-SA 2.0
2007-07	ACCEPTED	File:Fan USA Ferrari DSC00561.jpg	CC BY-SA 2.0
2007-07	ACCEPTED	File:Fan USA Ferrari DSC00565.jpg	CC BY-SA 2.0
2007-07	ACCEPTED	File:Fan USA Raikkonen DSC00042 Crazy Finland Fans.jpg	CC BY-SA 2.0
2007-08	ACCEPTED	File:Alex Wurz FW29.JPG	CC BY 2.5
2007-08	ACCEPTED	File:Circuit de Magny Court.jpg	CC BY-SA 2.5
2007-08	ACCEPTED	File:Lewis Hamilton 280607.JPG	CC BY 2.5
2007-08	ACCEPTED	File:Lewis Hamilton MP422.JPG	CC BY 2.5
2007-08	ACCEPTED	File:Magnycourt1new.jpg	CC BY-SA 2.5
2007-08	ACCEPTED	File:Magnycourt2.JPG	CC BY-SA 2.5
2007-08	ACCEPTED	File:Magnycourt3.JPG	CC BY-SA 2.5
2007-08	ACCEPTED	File:Magnycourt4.JPG	CC BY-SA 2.5
2007-08	ACCEPTED	File:Mark Webber 2007.JPG	CC BY 2.5
2007-08	ACCEPTED	File:Massa Hamilton France.JPG	CC BY 2.5
2007-08	ACCEPTED	File:Sutil Spyker 2007.JPG	CC BY 2.5
2007-08	ACCEPTED	File:Tonio Liuzzi 300607.JPG	CC BY 2.5
2007-09	ACCEPTED	File:Adrian Sutil 2007 Britain.jpg	CC BY 2.0
2007-09	ACCEPTED	File:Alex Wurz 2007 Britain 2.jpg	CC BY 2.0
2007-09	ACCEPTED	File:Alex Wurz 2007 Britain 3.jpg	CC BY 2.0
2007-09	ACCEPTED	File:Alex Wurz 2007 Britain.jpg	CC BY 2.0
2007-09	ACCEPTED	File:Alonso 2007 Britain.jpg	CC BY 2.0
2007-09	ACCEPTED	File:Anthony Davidson 2007 Britain.jpg	CC BY 2.0
2007-09	ACCEPTED	File:Christijan Albers 2007 Britain 2.jpg	CC BY-SA 2.0
2007-09	ACCEPTED	File:Christijan Albers 2007 Britain.jpg	CC BY 2.0
2007-09	ACCEPTED	File:Christijan Albers British GP 2007.jpg	CC BY 2.0
2007-09	ACCEPTED	File:David Coulthard 2007 Britain 2.jpg	CC BY-SA 2.0
2007-09	ACCEPTED	File:David Coulthard 2007 Britain.jpg	CC BY 2.0
2007-09	ACCEPTED	File:David Coulthard 2007 British GP (cropped).jpg	CC BY-SA 2.0
2007-11	ACCEPTED	File:Briatore.jpg	CC BY 3.0
2007-11	ACCEPTED	File:Eklestone.jpg	CC BY 3.0
2007-11	ACCEPTED	File:Toro roso tyres.jpg	CC BY 3.0
2007-12	ACCEPTED	File:Bruno Senna 2007.jpg	CC BY 2.0
2007-13	ACCEPTED	File:Alex Wurz 2007.jpg	CC BY-SA 3.0
2007-13	ACCEPTED	File:Alex Wurz Monza 2007.jpg	CC BY 2.0
2007-13	ACCEPTED	File:David Coulthard 2007.jpg	CC BY-SA 3.0
2007-13	ACCEPTED	File:FAlonso Monza 2007.jpg	CC BY-SA 3.0
2007-13	ACCEPTED	File:Fernando Alonso Monza 2007.jpg	CC BY 3.0
2007-13	ACCEPTED	File:Fisichella2007.jpg	CC BY-SA 3.0
2007-13	ACCEPTED	File:JarnoTrulli2007.jpg	CC BY-SA 3.0
2007-13	ACCEPTED	File:JarnoTrulliMonza2007.jpg	CC BY-SA 3.0
2007-13	ACCEPTED	File:LewisHamiltonMonza2007.jpg	CC BY 3.0
2007-13	ACCEPTED	File:McLaren Truck Italian GP 2007.jpg	CC BY 2.0
2007-13	ACCEPTED	File:McLaren-Mercedes MP4-22.jpg	CC BY-SA 3.0
2007-13	ACCEPTED	File:McLarenmp422.jpg	CC BY-SA 3.0
2007-14	ACCEPTED	File:Adrian Sutil 2007 Belgium (crop).JPG	CC BY 2.0
2007-14	ACCEPTED	File:David Coulthard 2007 Belgium.jpg	CC BY 2.0
2007-14	ACCEPTED	File:Eau Rouge F1 2007, Spa, Francorchamps, Stavelot, Walloon, Belgium - panoramio.jpg	CC BY-SA 3.0
2007-14	ACCEPTED	File:Felipe Massa 2007 Belgium.jpg	CC BY 2.0
2007-14	ACCEPTED	File:Fernando Alonso 2007 Belgium (crop).JPG	CC BY 2.0
2007-14	ACCEPTED	File:Ferrari Spyker 2007 Spa.jpg	CC BY 2.0
2007-14	ACCEPTED	File:Jarno Trulli 2007 Belgium (crop).JPG	CC BY 2.0
2007-14	ACCEPTED	File:Jenson Button 2007 Belgium cropped.jpg	CC BY 2.0
2007-14	ACCEPTED	File:Jenson Button 2007 Belgium.jpg	CC BY 2.0
2007-14	ACCEPTED	File:Kimi Raikkonen 2007 Belgium cropped.jpg	CC BY 2.0
2007-14	ACCEPTED	File:Kimi Raikkonen 2007 Belgium.jpg	CC BY 2.0
2007-14	ACCEPTED	File:Lewis Hamilton 2007 Belgium 2 (crop).JPG	CC BY 2.0
2007-15	ACCEPTED	File:2007 Japanese GP FH000010 (4836986141).jpg	CC BY 2.0
2007-15	ACCEPTED	File:2007 Japanese GP FH000016 (4836986503).jpg	CC BY 2.0
2007-15	ACCEPTED	File:2007 Japanese GP FH000017 (4837598264).jpg	CC BY 2.0
2007-15	ACCEPTED	File:2007 Japanese GP FH000022 (4836987269).jpg	CC BY 2.0
2007-15	ACCEPTED	File:2007 Japanese GP FH010002 (4837598964).jpg	CC BY 2.0
2007-15	ACCEPTED	File:2007 Japanese GP FH010009 (4837599312).jpg	CC BY 2.0
2007-15	ACCEPTED	File:2007 Japanese GP FH010010 (4836988249).jpg	CC BY 2.0
2007-15	ACCEPTED	File:2007 Japanese GP FH010019 (4837600010).jpg	CC BY 2.0
2007-15	ACCEPTED	File:2007 Japanese GP FH010020 (4837600360).jpg	CC BY 2.0
2007-15	ACCEPTED	File:2007 Japanese GP FH020012 (4836989183).jpg	CC BY 2.0
2007-15	ACCEPTED	File:2007 Japanese GP FH020017 (4837601022).jpg	CC BY 2.0
2007-15	ACCEPTED	File:2007 Japanese GP FH020018 (4836989743).jpg	CC BY 2.0
2007-16	ACCEPTED	File:2007 China GP before start.jpg	Public domain
2007-17	ACCEPTED	File:2007 Brazilian GP 4 drivers at start.jpg	CC BY-SA 3.0
2007-17	ACCEPTED	File:Adrian Sutil 2007 Brazil free practice.jpg	CC BY-SA 3.0
2007-17	ACCEPTED	File:Adrian Sutil 2007 Brazil.jpg	CC BY-SA 3.0
2007-17	ACCEPTED	File:Anthony Davidson 2007 Brazil free practice.jpg	CC BY-SA 3.0
2007-17	ACCEPTED	File:Heikki Kovalainen 2007 Brazil 1.jpg	CC BY-SA 3.0
2007-17	ACCEPTED	File:Heikki Kovalainen 2007 Brazil 2.jpg	CC BY-SA 3.0
2007-17	ACCEPTED	File:Heikki Kovalainen watching 2007 Brazil GP.jpg	CC BY-SA 3.0
2007-17	ACCEPTED	File:Kazuki Nakajima 2007 Brazil free practice.jpg	CC BY-SA 3.0
2007-17	ACCEPTED	File:Kazuki Nakajima 2007 Brazil.jpg	CC BY-SA 3.0
2007-17	ACCEPTED	File:Kimi Raikkonen won 2007 Brazil GP side.jpg	CC BY-SA 3.0
2007-17	ACCEPTED	File:Kimi Raikkonen won 2007 Brazil GP.jpg	CC BY-SA 3.0
2007-17	ACCEPTED	File:Nico Rosberg overtaking Heidfeld 2007 Brazil.jpg	CC BY-SA 3.0
2008-01	ACCEPTED	File:2008AusGPPodium.jpg	CC BY 3.0
2008-01	ACCEPTED	File:Adrian Sutil 2008.jpg	CC BY 2.0
2008-01	ACCEPTED	File:Aguri Suzuki 2008.jpg	CC BY 2.0
2008-01	ACCEPTED	File:Alex Wurz portrait.jpg	CC BY-SA 2.0
2008-01	ACCEPTED	File:F1 GP grid girls.jpg	CC BY 2.0
2008-01	ACCEPTED	File:F1 GP solo girls.jpg	CC BY 2.0
2008-01	ACCEPTED	File:Felipe Massa Melbourne.jpg	CC BY-SA 2.0
2008-01	ACCEPTED	File:Fernando Alonso, Melbourne 2008.jpg	CC BY-SA 2.0
2008-01	ACCEPTED	File:Giancarlo Fisichella 2008 2.jpg	CC BY 2.0
2008-01	ACCEPTED	File:Heikki Kovalainen portrait(cropped).jpg	CC BY-SA 2.0
2008-01	ACCEPTED	File:Jenson Button talk '06.jpg	CC BY-SA 2.0
2008-01	ACCEPTED	File:Kimi Räikkönen portrait.jpg	CC BY-SA 2.0
2008-02	ACCEPTED	File:2008 F1 Sepang.jpg	CC BY 2.0
2008-02	ACCEPTED	File:2008 Safety Medical Car.jpg	CC BY 2.0
2008-02	ACCEPTED	File:Adrian Sutil 2008 Malaysia.jpg	CC BY 2.0
2008-02	ACCEPTED	File:David Coulthard 2008 Malaysia.jpg	CC BY 2.0
2008-02	ACCEPTED	File:David Coulthard Malaysia '08.jpg	CC BY 2.0
2008-02	ACCEPTED	File:Davidson 2008 Malaysia.jpg	CC BY 2.0
2008-02	ACCEPTED	File:Davidson Sepang 2008.jpg	CC BY 2.0
2008-02	ACCEPTED	File:Felipe Massa 2008 Malaysia 2.jpg	CC BY 2.0
2008-02	ACCEPTED	File:Felipe Massa, Sepang 2008.jpg	CC BY 2.0
2008-02	ACCEPTED	File:Fernando Alonso 2008 Malaysia.jpg	CC BY 2.0
2008-02	ACCEPTED	File:Fisi and Kimi at Malaysia.jpg	CC BY 2.0
2008-02	ACCEPTED	File:Fisichella Malaysia 2008.jpg	CC BY 2.0
2008-03	ACCEPTED	File:Bahrain Track Grand Stand.jpg	CC BY 2.0
2008-03	ACCEPTED	File:First lap 2008 Bahrain.jpg	CC BY 2.0
2008-03	ACCEPTED	File:Heikki Kovalainen Bahrain '08.jpg	CC BY 2.0
2008-03	ACCEPTED	File:Raikkonen at Bah '08.jpg	CC BY 2.0
2008-04	ACCEPTED	File:David Coulthard 2008 Spain.jpg	CC BY 2.0
2008-04	ACCEPTED	File:Felipe Massa 2008 Spain.jpg	CC BY 2.0
2008-04	ACCEPTED	File:Fernando Alonso 2008 Spain.jpg	CC BY 2.0
2008-04	ACCEPTED	File:Ferrari Raikkonen 2008 Spanish GP.jpg	CC BY-SA 2.5
2008-04	ACCEPTED	File:Giancarlo Fisichella 2008 Spain.jpg	CC BY 2.0
2008-04	ACCEPTED	File:Heikki Kovalainen 2008 Spain.jpg	CC BY-SA 2.0
2008-04	ACCEPTED	File:Jarno Trulli 2008 Spain 2.jpg	CC BY 2.0
2008-04	ACCEPTED	File:Jarno Trulli 2008 Spain.jpg	CC BY-SA 2.0
2008-04	ACCEPTED	File:Jenson Button 2008 Spain.jpg	CC BY 2.0
2008-04	ACCEPTED	File:Kazuki Nakajima 2008 Spain.jpg	CC BY 2.0
2008-04	ACCEPTED	File:Kimi Raikkonen 2008 Spain 2.jpg	CC BY 2.0
2008-04	ACCEPTED	File:Kimi Raikkonen 2008 Spain.jpg	CC BY-SA 2.0
2008-05	ACCEPTED	File:Cake for rubens barrichello record 257 start istanbul 2008.jpg	CC BY-SA 3.0
2008-05	ACCEPTED	File:Felipe massa istanbul 2008.jpg	CC BY-SA 3.0
2008-05	ACCEPTED	File:Giancarlo Fisichella over Kazuki Nakajima istanbul 2008.jpg	CC BY-SA 3.0
2008-06	ACCEPTED	File:Button Monaco 2008.jpg	CC BY 2.0
2008-06	ACCEPTED	File:Felipe Massa 2008 Monaco.jpg	CC BY-SA 2.0
2008-06	ACCEPTED	File:Giancarlo Fisichella 2008 Monaco.jpg	CC BY-SA 2.0
2008-06	ACCEPTED	File:Hamilton Monaco 2008.jpg	CC BY 2.0
2008-06	ACCEPTED	File:Heikki Kovalainen 2008 Monaco-2.jpg	CC BY-SA 2.0
2008-06	ACCEPTED	File:Heikki Kovalainen 2008 Monaco.jpg	CC BY-SA 2.0
2008-06	ACCEPTED	File:Jenson Button 2008 Monaco.jpg	CC BY-SA 2.0
2008-06	ACCEPTED	File:Kazuki Nakajima 2008 Monaco.jpg	CC BY-SA 2.0
2008-06	ACCEPTED	File:Kazuki Nakajima Monaco 2008.jpg	CC BY 2.0
2008-06	ACCEPTED	File:Kazuki Nakajima.jpg	Public domain
2008-06	ACCEPTED	File:Kimi Raikkonen 2008 Monaco.jpg	CC BY-SA 2.0
2008-06	ACCEPTED	File:Lewis Hamilton 2008 Monaco.jpg	CC BY-SA 2.0
2008-07	ACCEPTED	File:2008 Canadian GP lap 1 turn 1.jpg	CC BY-SA 2.0
2008-07	ACCEPTED	File:2008 Canadian GP lap 1 turn 2.jpg	CC BY-SA 2.0
2008-07	ACCEPTED	File:Adrian Sutil 2008 Canada.jpg	CC BY-SA 2.0
2008-07	ACCEPTED	File:Alain Prost 2008 (cropped).jpg	CC BY-SA 2.0
2008-07	ACCEPTED	File:Alonso Chasing Coulthard (cropped).jpg	CC BY-SA 2.0
2008-07	ACCEPTED	File:Alonso at Canada 2008.jpg	CC BY-SA 2.0
2008-07	ACCEPTED	File:Barrichello + Vettel + Kovalainen Canada 2008.jpg	CC BY-SA 2.0
2008-07	ACCEPTED	File:Barrichello Canada 2008.jpg	CC BY-SA 2.0
2008-07	ACCEPTED	File:Bourdais Canada 2008.jpg	CC BY-SA 2.0
2008-07	ACCEPTED	File:Bud girl.jpg	CC BY-SA 2.0
2008-07	ACCEPTED	File:Bud girl2.jpg	CC BY-SA 2.0
2008-07	ACCEPTED	File:Budweiser girl 2 GP Canada 2008.jpg	CC BY-SA 2.0
2008-08	ACCEPTED	File:Adrian Sutil 2008 France.jpg	CC BY 2.0
2008-08	ACCEPTED	File:Button at 2008 France.jpg	CC BY 2.0
2008-08	ACCEPTED	File:Coulthard at 2008 France.jpg	CC BY 2.0
2008-08	ACCEPTED	File:David Coulthard 2008 France.jpg	CC BY 2.0
2008-08	ACCEPTED	File:Felipe Massa 2008 France.jpg	CC BY 2.0
2008-08	ACCEPTED	File:Fernando Alonso 2008 France.jpg	CC BY 2.0
2008-08	ACCEPTED	File:Giancarlo Fisichella 2008 France.jpg	CC BY 2.0
2008-08	ACCEPTED	File:Hamilton at 2008 France 2.jpg	CC BY 2.0
2008-08	ACCEPTED	File:Hamilton at 2008 France.jpg	CC BY 2.0
2008-08	ACCEPTED	File:Heikki Kovalainen 2008 France.jpg	CC BY 2.0
2008-08	ACCEPTED	File:Jarno Trulli 2008 France.jpg	CC BY 2.0
2008-08	ACCEPTED	File:Kazuki Nakajima 2008 France.jpg	CC BY 2.0
2008-09	ACCEPTED	File:Adrian Sutil 2008 Britain.jpg	CC BY-SA 2.0
2008-09	ACCEPTED	File:Alonso + Heidfeld 2008 Britain.jpg	CC BY 2.0
2008-09	ACCEPTED	File:Barrichello and Nakajima '08 British GP.jpg	CC BY 2.0
2008-09	ACCEPTED	File:British Grand Prix 2008 - geograph.org.uk - 942476.jpg	CC BY-SA 2.0
2008-09	ACCEPTED	File:Button Silverstone test 2008.jpg	CC BY 2.0
2008-09	ACCEPTED	File:Celebration (3017245300).jpg	CC BY-SA 2.0
2008-09	ACCEPTED	File:Celebration2 (3016415631).jpg	CC BY-SA 2.0
2008-09	ACCEPTED	File:Damon Hill crop.jpg	CC BY 2.0
2008-09	ACCEPTED	File:Damon Hill...from a distance Silverstone 2008.jpg	CC BY 2.0
2008-09	ACCEPTED	File:Damon Hill.jpg	CC BY 2.0
2008-09	ACCEPTED	File:Felipe Massa '08 British Grand Prix.jpg	CC BY 2.0
2008-09	ACCEPTED	File:Felipe Massa 2008 Britain FP1.jpg	CC BY 2.0
2008-10	ACCEPTED	File:Kimi Raikkonen 2008 Germany.jpg	CC BY-SA 2.0
2008-11	ACCEPTED	File:Felipe Massa out 2008 Hungarian GP.jpg	CC BY-SA 3.0
2008-11	ACCEPTED	File:McLaren MP4-23 in 2008 Hungarian Grand Prix.jpg	CC BY-SA 3.0
2008-12	ACCEPTED	File:Adrian Sutil 2008 Europe.jpg	CC BY 2.0
2008-12	ACCEPTED	File:Alonso Europe 2008.jpg	CC BY 2.0
2008-12	ACCEPTED	File:Barrichello Valencia 2008.jpg	CC BY 2.0
2008-12	ACCEPTED	File:Bourdais Europe 2008.jpg	CC BY 2.0
2008-12	ACCEPTED	File:Button Europe 2008 2.jpg	CC BY 2.0
2008-12	ACCEPTED	File:Button Europe 2008.jpg	CC BY 2.0
2008-12	ACCEPTED	File:David Coulthard 2008 Europe.jpg	CC BY 2.0
2008-12	ACCEPTED	File:David Coulthard, Red Bull - Formula 1 Grand Prix of Europe.jpg	CC BY 2.0
2008-12	ACCEPTED	File:Felipe Massa 2008 Europe 2.jpg	CC BY 2.0
2008-12	ACCEPTED	File:Felipe Massa 2008 Europe.jpg	CC BY 2.0
2008-12	ACCEPTED	File:Fernando Alonso 2008 Europe 2.jpg	CC BY 2.0
2008-12	ACCEPTED	File:Fernando Alonso 2008 Europe.jpg	CC BY 2.0
2008-13	ACCEPTED	File:Alonso Spa 2008.jpg	CC BY-SA 2.0
2008-13	ACCEPTED	File:Barrichello + Fisichella 2008 Belgium.jpg	CC BY-SA 2.0
2008-13	ACCEPTED	File:Bourdais into the back of Trulli.jpg	CC BY-SA 2.0
2008-13	ACCEPTED	File:Charlie Whiting race control.jpg	CC BY-SA 2.0
2008-13	ACCEPTED	File:David Coulthard 2008 Belgian GP 001.jpg	CC BY-SA 2.0
2008-13	ACCEPTED	File:F1 Medical Car 2008 Belgian GP 001.jpg	CC BY-SA 2.0
2008-13	ACCEPTED	File:F1 belgium 2008 friday practice webber off.jpg	CC BY-SA 3.0
2008-13	ACCEPTED	File:F1 belgium 2008 lap 41 hamilton and raikkonen off.jpg	CC BY-SA 3.0
2008-13	ACCEPTED	File:F2008 nosecone.jpg	CC BY-SA 2.0
2008-13	ACCEPTED	File:Felipe Massa 2008 Belgium 2.jpg	CC BY-SA 2.0
2008-13	ACCEPTED	File:Felipe Massa 2008 Belgium.jpg	CC BY-SA 2.0
2008-13	ACCEPTED	File:Fernando Alonso 2008 Belgium.jpg	CC BY-SA 2.0
2008-14	ACCEPTED	File:Alonso Italian GP 2008.jpg	CC BY 2.0
2008-14	ACCEPTED	File:Alonso Italy '08.jpg	CC BY-SA 2.0
2008-14	ACCEPTED	File:Bourdais Italian GP 2008 1.jpg	CC BY 2.0
2008-14	ACCEPTED	File:Bourdais Italian GP 2008.jpg	CC BY 2.0
2008-14	ACCEPTED	File:Button Monza 2008.jpg	CC BY 2.0
2008-14	ACCEPTED	File:Coulthard Italian GP 2008.jpg	CC BY 2.0
2008-14	ACCEPTED	File:Ferrari F2008 Monza 2008.jpg	CC BY 2.0
2008-14	ACCEPTED	File:Glock Italian GP 2008.jpg	CC BY 2.0
2008-14	ACCEPTED	File:Hamilton Monza 2008.jpg	CC BY 2.0
2008-14	ACCEPTED	File:Jarno Trulli Monza 2008.jpg	CC BY 2.0
2008-14	ACCEPTED	File:Kovalainen Italian GP 2008.jpg	CC BY 2.0
2008-14	ACCEPTED	File:Kubica Italy '08.jpg	CC BY-SA 2.0
2008-15	ACCEPTED	File:2008 Singapore Grand Prix Massa fuel.jpg	CC BY-SA 4.0
2008-15	ACCEPTED	File:2008 Singapore Grand Prix Renault Nelson Piquet Jr crash.jpg	CC BY 2.0
2008-15	ACCEPTED	File:2008 Singapore Grand Prix podium.jpg	CC BY-SA 4.0
2008-15	ACCEPTED	File:2008 Singapore Grand Prix pre-race.JPG	CC BY-SA 4.0
2008-15	ACCEPTED	File:Alonso 2008 Singapore GP.jpg	CC BY 2.0
2008-15	ACCEPTED	File:Chicane Kerbs Singapore GP.jpg	CC BY 2.0
2008-15	ACCEPTED	File:Coulthard and Hamilton - Singapore 2008.jpg	CC BY 2.0
2008-15	ACCEPTED	File:Digiflag at marina bay circuit turn 9.JPG	Public domain
2008-15	ACCEPTED	File:F1 Singapore last corner.jpg	CC BY 2.0
2008-15	ACCEPTED	File:Ferrari SingGP.JPG	Public domain
2008-15	ACCEPTED	File:Ferrari garage at marina bay street circuit 2008.JPG	Public domain
2008-15	ACCEPTED	File:Force india at parc ferme.JPG	Public domain
2008-16	ACCEPTED	File:Bernd Maylander 2008 Japan.jpg	CC BY-SA 3.0
2008-16	ACCEPTED	File:BridgeStone Gold (3054306091).jpg	CC BY 2.0
2008-16	ACCEPTED	File:BridgeStoneブース (3054304575).jpg	CC BY 2.0
2008-16	ACCEPTED	File:Bridgestone Make Cars Green tyres 2008 Japan 2.jpg	CC BY-SA 3.0
2008-16	ACCEPTED	File:Bridgestone Make Cars Green tyres 2008 Japan.jpg	CC BY-SA 3.0
2008-16	ACCEPTED	File:Fernando Alonso won 2008 Japanese GP.jpg	CC BY-SA 3.0
2008-16	ACCEPTED	File:Formation lap Japan 2008.jpg	CC BY 2.0
2008-16	ACCEPTED	File:Fuji 2008 P1 ALO1 (3054492017).jpg	CC BY 2.0
2008-16	ACCEPTED	File:Fuji 2008 P1 BAR1 (3054304005).jpg	CC BY 2.0
2008-16	ACCEPTED	File:Fuji 2008 P1 BOU1 (3055037402).jpg	CC BY 2.0
2008-16	ACCEPTED	File:Fuji 2008 P1 BOU2 (3054307307).jpg	CC BY 2.0
2008-16	ACCEPTED	File:Fuji 2008 P1 BUT1 (3054203929).jpg	CC BY 2.0
2008-17	ACCEPTED	File:2008 Chinese Grand Prix, Top 3 crop.jpg	CC BY-SA 2.0
2008-17	ACCEPTED	File:2008 Chinese Grand Prix, Top 3.jpg	CC BY-SA 2.0
2008-17	ACCEPTED	File:2008 Chinese Grand Prix.jpg	CC BY 2.0
2008-17	ACCEPTED	File:Adrian Sutil 2008 China.jpg	CC BY-SA 2.0
2008-17	ACCEPTED	File:Alonso Chinese GP 2008.jpg	CC BY-SA 2.0
2008-17	ACCEPTED	File:Alonso Renault Pitstop Chinese GP 2008.jpg	CC BY-SA 2.0
2008-17	ACCEPTED	File:Coulthard Chinese GP 2008.jpg	CC BY-SA 2.0
2008-17	ACCEPTED	File:David Coulthard - Toro Rosso (4204012255).jpg	CC BY-SA 2.0
2008-17	ACCEPTED	File:Felipe Massa - Ferrari (4204771006).jpg	CC BY-SA 2.0
2008-17	ACCEPTED	File:Felipe Massa 2008 China.jpg	CC BY-SA 2.0
2008-17	ACCEPTED	File:Fernando Alonso - Renault (4204014251).jpg	CC BY-SA 2.0
2008-17	ACCEPTED	File:Flavio Briatore Chinese GP 2008.jpg	CC BY-SA 2.0
2008-18	ACCEPTED	File:Felipe Massa 2008 Brazilian Grand Prix.jpg	CC BY-SA 2.0
2008-18	ACCEPTED	File:Force India Brazil 2008 post-race.jpg	CC BY-SA 2.0
2008-18	ACCEPTED	File:Hamilton Brazil 2008 celebrations (cropped).jpg	CC BY-SA 2.0
2008-18	ACCEPTED	File:Hamilton and Father Brazil 2008.jpg	CC BY-SA 2.0
2008-18	ACCEPTED	File:Kubica Brazil 2008 pits.jpg	CC BY-SA 2.0
2008-18	ACCEPTED	File:Massa Brazil 2008 Podium.jpg	CC BY-SA 2.0
2008-18	ACCEPTED	File:Massa Brazil 2008 mechanic's helmet.jpg	CC BY-SA 2.0
2008-18	ACCEPTED	File:Massa Brazil 2008.jpg	CC BY-SA 2.0
2008-18	ACCEPTED	File:Raikkonen Brazil 2008.jpg	CC BY-SA 2.0
2008-18	ACCEPTED	File:Trulli Brazil 2008.jpg	CC BY-SA 2.0
2009-01	ACCEPTED	File:Australia 09 practice pitlane.jpg	CC BY 2.0
2009-01	ACCEPTED	File:Bourdais 2009 Australian GP 1.jpg	CC BY 2.0
2009-01	ACCEPTED	File:Bourdais 2009 Australian GP 2.jpg	CC BY 2.0
2009-01	ACCEPTED	File:Brawn GP Drivers After Race.jpg	CC BY 2.0
2009-01	ACCEPTED	File:Brawn Garage.jpg	CC BY 2.0
2009-01	ACCEPTED	File:Button 2009 Australian GP 1.jpg	CC BY 2.0
2009-01	ACCEPTED	File:Button Australia 2009.jpg	CC BY 2.0
2009-01	ACCEPTED	File:Button Fisichella 2009 Australian GP.jpg	CC BY 2.0
2009-01	ACCEPTED	File:Fernando Alonso 2009 Australia.jpg	CC BY-SA 2.0
2009-01	ACCEPTED	File:First corner incident Australia 2009.jpg	CC BY-SA 2.0
2009-01	ACCEPTED	File:Giancarlo Fisichella 2009 Australia.jpg	CC BY-SA 2.0
2009-01	ACCEPTED	File:Glock 2009 Australian GP 1.jpg	CC BY 2.0
2009-02	ACCEPTED	File:2009 Malaysia Red Flag (cropped).jpg	CC BY 2.0
2009-02	ACCEPTED	File:2009 Malaysian Grand Prix disgruntled fans.jpg	Public domain
2009-02	ACCEPTED	File:2009 Malaysian Grand Prix last lap.jpg	Public domain
2009-02	ACCEPTED	File:2009 Malaysian Grand Prix start (cropped).jpg	CC BY 2.0
2009-02	ACCEPTED	File:2009 Malaysian Grand Prix.jpg	CC BY-SA 2.0
2009-02	ACCEPTED	File:Bourdais 2009 Malaysian GP 1.jpg	CC BY-SA 2.0
2009-02	ACCEPTED	File:Button 2009 Malaysian GP 1.jpg	CC BY-SA 2.0
2009-02	ACCEPTED	File:Départ.jpg	CC BY 2.0
2009-02	ACCEPTED	File:Fernando Alonso 2009 Malaysia.jpg	CC BY 2.0
2009-02	ACCEPTED	File:Fernando Alonso Autograph Malaysia 2009.jpg	CC BY 2.0
2009-02	ACCEPTED	File:Fin de course.jpg	CC BY 2.0
2009-02	ACCEPTED	File:Fisichella 2009 Malaysian GP 1.jpg	CC BY-SA 2.0
2009-03	ACCEPTED	File:2009 Formula 1 Grand Prix of China - Shanghai Circuit (3477893023).jpg	CC BY 2.0
2009-03	ACCEPTED	File:2009 Formula 1 Grand Prix of China - Shanghai Circuit (3477911045).jpg	CC BY 2.0
2009-03	ACCEPTED	File:2009 Formula 1 Grand Prix of China - Shanghai Circuit (3477944659).jpg	CC BY 2.0
2009-03	ACCEPTED	File:2009 Formula 1 Grand Prix of China - Shanghai Circuit (3478691366).jpg	CC BY 2.0
2009-03	ACCEPTED	File:2009 Formula 1 Grand Prix of China - Shanghai Circuit (3478708356).jpg	CC BY 2.0
2009-03	ACCEPTED	File:2009 Formula 1 Grand Prix of China - Shanghai Circuit (3478962531).jpg	CC BY 2.0
2009-03	ACCEPTED	File:2009 Formula 1 Grand Prix of China - Shanghai Circuit (3478971933).jpg	CC BY 2.0
2009-03	ACCEPTED	File:2009 Formula 1 Grand Prix of China - Shanghai Circuit (3478979829).jpg	CC BY 2.0
2009-03	ACCEPTED	File:2009 Formula 1 Grand Prix of China - Shanghai Circuit (3478992309).jpg	CC BY 2.0
2009-03	ACCEPTED	File:2009 Formula 1 Grand Prix of China - Shanghai Circuit (3479006339).jpg	CC BY 2.0
2009-03	ACCEPTED	File:2009 Formula 1 Grand Prix of China - Shanghai Circuit (3479010857).jpg	CC BY 2.0
2009-03	ACCEPTED	File:2009 Formula 1 Grand Prix of China - Shanghai Circuit (3479015935).jpg	CC BY 2.0
2009-04	ACCEPTED	File:Force India and Red Bull Racing (3479405863).jpg	CC BY-SA 2.0
2009-04	ACCEPTED	File:Jenson Button 2009 Bahrain.jpg	CC BY-SA 2.0
2009-04	ACCEPTED	File:Renault bahrein 2009.jpg	CC BY-SA 2.0
2009-05	ACCEPTED	File:2009 Spanish GP first corner.jpg	CC BY 2.0
2009-05	ACCEPTED	File:2009 Spanish Grand Prix - Alonso & Raquel 20.jpg	CC BY 2.0
2009-05	ACCEPTED	File:2009 Spanish Grand Prix - Alonso 01.jpg	CC BY 2.0
2009-05	ACCEPTED	File:2009 Spanish Grand Prix - Alonso 02.jpg	CC BY 2.0
2009-05	ACCEPTED	File:Alonso & Raquel cropped.jpg	CC BY 2.0
2009-05	ACCEPTED	File:Alonso 2009 Spain.jpg	CC BY 2.0
2009-05	ACCEPTED	File:Alonso Spain 2009.jpg	CC BY 2.0
2009-05	ACCEPTED	File:Alonso.Spain.09.jpg	CC BY 2.0
2009-05	ACCEPTED	File:BMW Sauber F1 GP.jpg	CC BY-SA 4.0
2009-05	ACCEPTED	File:BMW Sauber Spain 2009.jpg	CC BY 2.0
2009-05	ACCEPTED	File:BMW.Sauber.2.Spain.09.jpg	CC BY 2.0
2009-05	ACCEPTED	File:BMW.Sauber.3.Spain.09.jpg	CC BY-SA 2.0
2009-06	ACCEPTED	File:Barrichello 2009 Monaco GP 1.jpg	CC BY-SA 2.0
2009-06	ACCEPTED	File:Barrichello 2009 Monaco GP 2.jpg	CC BY 2.0
2009-06	ACCEPTED	File:Circuito de monaco F-1-2009 (2).JPG	CC BY-SA 3.0
2009-06	ACCEPTED	File:Circuito de monaco F-1-2009 (3).JPG	CC BY-SA 3.0
2009-06	ACCEPTED	File:Circuito de monaco F-1-2009 (4).JPG	CC BY-SA 3.0
2009-06	ACCEPTED	File:Circuito de monaco F-1-2009 (5).JPG	CC BY-SA 3.0
2009-06	ACCEPTED	File:Crowd in the Stands at Piscine (3713427209).jpg	CC BY 2.0
2009-06	ACCEPTED	File:Jarno Trulli 2009 Monaco 2.jpg	CC BY 2.0
2009-06	ACCEPTED	File:Jarno Trulli 2009 Monaco.jpg	CC BY 2.0
2009-06	ACCEPTED	File:Jenson Button 2009 Monaco.jpg	CC BY 2.0
2009-06	ACCEPTED	File:Kimi Raikkonen 2009 Monaco.jpg	CC BY 2.0
2009-06	ACCEPTED	File:Kovalainen 2009 Monaco Grand Prix.jpg	CC BY-SA 2.0
2009-07	ACCEPTED	File:2009 Turkish GP safety car.jpg	CC BY-SA 2.0
2009-07	ACCEPTED	File:Adrian Sutil 2009 Turkey 2.jpg	CC BY-SA 2.0
2009-07	ACCEPTED	File:Adrian Sutil 2009 Turkey.jpg	CC BY-SA 2.0
2009-07	ACCEPTED	File:Alonso + Hamilton 2009 Turkey.jpg	CC BY-SA 2.0
2009-07	ACCEPTED	File:Brawn BGP 001 front wings and motor hood.JPG	CC BY 3.0
2009-07	ACCEPTED	File:Buemi Turkey.jpg	CC BY-SA 2.0
2009-07	ACCEPTED	File:Felipe Massa 2009 Turkey 2.jpg	CC BY-SA 2.0
2009-07	ACCEPTED	File:Felipe Massa 2009 Turkey 3.jpg	CC BY-SA 2.0
2009-07	ACCEPTED	File:Felipe Massa 2009 Turkey 4.jpg	CC BY-SA 2.0
2009-07	ACCEPTED	File:Felipe Massa 2009 Turkey 5.jpg	CC BY-SA 2.0
2009-07	ACCEPTED	File:Felipe Massa 2009 Turkey 6.jpg	CC BY-SA 2.0
2009-07	ACCEPTED	File:Felipe Massa 2009 Turkey 7.jpg	CC BY-SA 2.0
2009-08	ACCEPTED	File:2009 British Grand Prix Renault.jpg	CC BY-SA 2.0
2009-08	ACCEPTED	File:Alonso Fisichella Heidfeld Kubica 2009 British GP.jpg	CC BY 2.0
2009-08	ACCEPTED	File:Alonso Sutil 2009 British GP.jpg	CC BY 2.0
2009-08	ACCEPTED	File:Anthony Hamilton 2009 Britain.jpg	CC BY 2.0
2009-08	ACCEPTED	File:Barrichello + Glock 2009 Britain.jpg	CC BY 2.0
2009-08	ACCEPTED	File:Barrichello 2009 British GP 1.jpg	CC BY-SA 2.0
2009-08	ACCEPTED	File:Barrichello 2009 British GP 2.jpg	CC BY 2.0
2009-08	ACCEPTED	File:Bourdais 2009 British GP 1.jpg	CC BY-SA 2.0
2009-08	ACCEPTED	File:Bourdais Buemi Hamilton Piquet 2009 British GP.jpg	CC BY 2.0
2009-08	ACCEPTED	File:Bourdais Buemi Kovalainen 2009 British GP.jpg	CC BY 2.0
2009-08	ACCEPTED	File:Bourdais Fisichella 2009 British GP.jpg	CC BY 2.0
2009-08	ACCEPTED	File:Bourdais Kovalainen 2009 British GP.jpg	CC BY 2.0
2009-09	ACCEPTED	File:Adrian Sutil 2009 Germany 2.jpg	CC BY-SA 2.0
2009-09	ACCEPTED	File:Adrian Sutil 2009 Germany.jpg	CC BY-SA 2.0
2009-09	ACCEPTED	File:Button Germany 2009.jpg	CC BY-SA 2.0
2009-09	ACCEPTED	File:Felipe Massa 2009 Germany 2.jpg	CC BY-SA 2.0
2009-09	ACCEPTED	File:Felipe Massa 2009 Germany 3.jpg	CC BY-SA 2.0
2009-09	ACCEPTED	File:Felipe Massa 2009 Germany.jpg	CC BY-SA 2.0
2009-09	ACCEPTED	File:Fernando Alonso 2009 Germany 2.jpg	CC BY-SA 2.0
2009-09	ACCEPTED	File:Fernando Alonso 2009 Germany.jpg	CC BY-SA 2.0
2009-09	ACCEPTED	File:Giancarlo Fisichella 2009 Germany.jpg	CC BY-SA 2.0
2009-09	ACCEPTED	File:Heidfeld Germany 2009.jpg	CC BY-SA 2.0
2009-09	ACCEPTED	File:Heikki Kovalainen 2009 Germany 2.jpg	CC BY-SA 2.0
2009-09	ACCEPTED	File:Heikki Kovalainen 2009 Germany 3.jpg	CC BY-SA 2.0
2009-10	ACCEPTED	File:Fernando Alonso on three wheels during 2009 Hungarian Grand Prix.jpg	Public domain
2009-10	ACCEPTED	File:Kimi Räikkönen 2009 Hungarian Grand Prix.jpg	Public domain
2009-10	ACCEPTED	File:Robert kubica 2009 hungary.JPG	Public domain
2009-11	ACCEPTED	File:Fernando Alonso 2009 Europe 2.jpg	CC BY-SA 2.0
2009-11	ACCEPTED	File:Fernando Alonso 2009 Europe 3.jpg	CC BY-SA 2.0
2009-11	ACCEPTED	File:Fernando Alonso 2009 Europe.jpg	CC BY-SA 2.0
2009-11	ACCEPTED	File:Heikki Kovalainen 2009 Europe.jpg	CC BY-SA 2.0
2009-11	ACCEPTED	File:Lewis Hamilton 2009 Europe.jpg	CC BY-SA 2.0
2009-11	ACCEPTED	File:Luca Badoer 2009 Europe.jpg	CC BY-SA 2.0
2009-11	ACCEPTED	File:Romain Grosjean 2009 Europe.jpg	CC BY-SA 2.0
2009-12	ACCEPTED	File:Fernando Alonso 2009 Belgium.jpg	CC BY 2.0
2009-12	ACCEPTED	File:Fisichella Belgium 2009 (cropped).jpg	CC BY 2.0
2009-12	ACCEPTED	File:Heikki Kovalainen 2009 Belgium 2.jpg	CC BY 2.0
2009-12	ACCEPTED	File:Heikki Kovalainen 2009 Belgium.jpg	CC BY 2.0
2009-12	ACCEPTED	File:Jarno Trulli 2009 Belgium.jpg	CC BY 2.0
2009-12	ACCEPTED	File:Jenson Button 2009 Belgium 2.jpg	CC BY 2.0
2009-12	ACCEPTED	File:Jenson Button 2009 Belgium 3.jpg	CC BY 2.0
2009-12	ACCEPTED	File:Jenson Button 2009 Belgium 4.jpg	CC BY 2.0
2009-12	ACCEPTED	File:Jenson Button 2009 Belgium.jpg	CC BY 2.0
2009-12	ACCEPTED	File:Kazuki Nakajima 2009 Belgium 2.jpg	CC BY 2.0
2009-12	ACCEPTED	File:Kazuki Nakajima 2009 Belgium.jpg	CC BY 2.0
2009-12	ACCEPTED	File:Kimi Raikkonen 2009 Belgium 2.jpg	CC BY 2.0
2009-13	ACCEPTED	File:2009 09 12 monza quali IMG 1525.jpg	CC BY-SA 2.0
2009-13	ACCEPTED	File:Adrian Sutil 2009 Italy 2.jpg	CC BY-SA 2.0
2009-13	ACCEPTED	File:Adrian Sutil 2009 Italy.jpg	CC BY-SA 2.0
2009-13	ACCEPTED	File:Fernando Alonso 2009 Italy 2.jpg	CC BY-SA 2.0
2009-13	ACCEPTED	File:Fernando Alonso 2009 Italy.jpg	CC BY-SA 2.0
2009-13	ACCEPTED	File:Fisichella Monza 2009.jpg	CC BY 2.0
2009-13	ACCEPTED	File:Giancarlo Fisichella 2009 Italy 2.jpg	CC BY-SA 2.0
2009-13	ACCEPTED	File:Giancarlo Fisichella 2009 Italy.jpg	CC BY-SA 2.0
2009-13	ACCEPTED	File:Heikki Kovalainen 2009 Italy.jpg	CC BY-SA 2.0
2009-13	ACCEPTED	File:Jaime Alguersuari 2009 Italy.jpg	CC BY-SA 2.0
2009-13	ACCEPTED	File:Jenson Button 2009 Italy 2.jpg	CC BY-SA 2.0
2009-13	ACCEPTED	File:Jenson Button 2009 Italy 3.jpg	CC BY-SA 2.0
2009-14	ACCEPTED	File:Adrian Sutil 2009 Singapore 2.jpg	CC BY-SA 2.0
2009-14	ACCEPTED	File:Adrian Sutil 2009 Singapore.jpg	CC BY 2.0
2009-14	ACCEPTED	File:Alonso-Singapore.jpg	CC BY-SA 2.0
2009-14	ACCEPTED	File:Examing fire extinguishers in Singapore in 2009.jpg	CC BY 2.0
2009-14	ACCEPTED	File:F1 Rocks Singapore.jpg	CC BY-SA 2.0
2009-14	ACCEPTED	File:Fernando Alonso 2009 Singapore 2.jpg	CC BY 2.0
2009-14	ACCEPTED	File:Fernando Alonso 2009 Singapore.jpg	CC BY 2.0
2009-14	ACCEPTED	File:Giancarlo Fisichella 2009 Singapore 2.jpg	CC BY 2.0
2009-14	ACCEPTED	File:Giancarlo Fisichella 2009 Singapore 3.jpg	CC BY 2.0
2009-14	ACCEPTED	File:Giancarlo Fisichella 2009 Singapore 4.jpg	CC BY 2.0
2009-14	ACCEPTED	File:Giancarlo Fisichella 2009 Singapore 5.jpg	CC BY 2.0
2009-14	ACCEPTED	File:Giancarlo Fisichella 2009 Singapore 6.jpg	CC BY 2.0
2009-15	ACCEPTED	File:2009 Japanese GP - Giancarlo Fisichella (Scuderia Ferrari).jpg	CC BY 2.0
2009-15	ACCEPTED	File:2009 Japanese GP - Räikkönen's Ferrari F60.jpg	CC BY 2.0
2009-15	ACCEPTED	File:2009 Japanese GP - Scuderia Ferrari box (1).jpg	CC BY 2.0
2009-15	ACCEPTED	File:2009 Japanese GP - Scuderia Ferrari box (2).jpg	CC BY 2.0
2009-15	ACCEPTED	File:2009 Japanese GP - Scuderia Ferrari's fuel pump.jpg	CC BY 2.0
2009-15	ACCEPTED	File:2009 Japanese GP - Shell V-Power barrels.jpg	CC BY 2.0
2009-15	ACCEPTED	File:2009 Japanese GP opening lap.jpg	CC BY-SA 3.0
2009-15	ACCEPTED	File:4th-grid (4000638432).jpg	CC BY 2.0
2009-15	ACCEPTED	File:Adrian Sutil 2009 Japan 1st Free Practice.jpg	CC BY-SA 3.0
2009-15	ACCEPTED	File:After-53Laps (3999871133).jpg	CC BY 2.0
2009-15	ACCEPTED	File:Button GP Japan 2009 (1).jpg	CC BY 2.0
2009-15	ACCEPTED	File:Button GP Japan 2009 (2).jpg	CC BY 2.0
2009-16	ACCEPTED	File:Interlagos -big.jpg	CC BY-SA 3.0
2009-17	ACCEPTED	File:David Coulthard 2009.jpg	CC BY-SA 3.0
2009-17	ACCEPTED	File:Jenson Button (Brawn BGP 001) on Sunday at 2009 Abu Dhabi Grand Prix.jpg	CC BY-SA 3.0
2009-17	ACCEPTED	File:Kamui Kobayashi (Toyota TF109) on Sunday at 2009 Abu Dhabi Grand Prix.jpg	CC BY-SA 3.0
2009-17	ACCEPTED	File:Kamui Kobayashi (Toyota TF109) on Sunday at 2009 Abu Dhabi Grand Prix2.jpg	CC BY-SA 3.0
2009-17	ACCEPTED	File:Nico Rosberg 2009.jpg	CC BY-SA 3.0
2009-17	ACCEPTED	File:Sebastian Vettel (Red Bull RB5) on Saturday at 2009 Abu Dhabi Grand Prix.jpg	CC BY-SA 3.0
2009-17	ACCEPTED	File:Sebastian Vettel (Red Bull RB5) on Saturday at 2009 Abu Dhabi Grand Prix2.jpg	CC BY-SA 3.0
2010-01	ACCEPTED	File:2010 Bahrain Grand Prix gallery.jpg	CC BY 2.0
2010-01	ACCEPTED	File:Alonso Bahrain 2010 (cropped).jpg	CC BY 2.0
2010-01	ACCEPTED	File:Bahrain Grandstands 2010.jpg	CC BY 2.0
2010-01	ACCEPTED	File:Bahrain International Circuit back straight.jpg	CC BY 2.0
2010-01	ACCEPTED	File:Barrichello Bahrain 2010.jpg	CC BY 2.0
2010-01	ACCEPTED	File:Bruno Senna 2010 Bahrain (cropped).jpg	CC BY 2.0
2010-01	ACCEPTED	File:Bruno Senna 2010 Bahrain 2.jpg	CC BY 2.0
2010-01	ACCEPTED	File:Damon Hill Williams FW18 2010 Bahrain.jpg	CC BY 2.0
2010-01	ACCEPTED	File:Di Grassi Bahrain 2010.jpg	CC BY 2.0
2010-01	ACCEPTED	File:Driver Parade 2010 Bahrain.jpg	CC BY 2.0
2010-01	ACCEPTED	File:Felipe Massa 2010 Bahrain.jpg	CC BY 2.0
2010-01	ACCEPTED	File:Felipe Massa Bahrain 2010 (cropped).jpg	CC BY 2.0
2010-02	ACCEPTED	File:Albert Park F1 2010 01 (4482149095).jpg	CC BY 2.0
2010-02	ACCEPTED	File:Albert Park F1 2010 01 (4482798914).jpg	CC BY 2.0
2010-02	ACCEPTED	File:Albert Park F1 2010 02 (4482149297).jpg	CC BY 2.0
2010-02	ACCEPTED	File:Albert Park F1 2010 03 (4482152197).jpg	CC BY 2.0
2010-02	ACCEPTED	File:Albert Park F1 2010 04 (4482802038).jpg	CC BY 2.0
2010-02	ACCEPTED	File:Albert Park F1 2010 06 (4482801572).jpg	CC BY 2.0
2010-02	ACCEPTED	File:Albert Park F1 2010 07 (4482151093).jpg	CC BY 2.0
2010-02	ACCEPTED	File:Albert Park F1 2010 08 (4482150701).jpg	CC BY 2.0
2010-02	ACCEPTED	File:Albert Park F1 2010 09 (4482800356).jpg	CC BY 2.0
2010-02	ACCEPTED	File:Albert Park F1 2010 10 (4482799900).jpg	CC BY 2.0
2010-02	ACCEPTED	File:Albert Park main Grandstand 2010.jpg	CC BY 2.0
2010-02	ACCEPTED	File:Alguersuari Australia 2010 (cropped).jpg	CC BY 2.0
2010-03	ACCEPTED	File:2010 F1 Safety Car Mercedes SLS AMG (cropped).jpg	CC BY-SA 2.0
2010-03	ACCEPTED	File:2010 Malaysian GP opening lap.jpg	CC BY-SA 3.0
2010-03	ACCEPTED	File:Adrian Sutil 2010 Malaysia 2nd Free Practice.jpg	CC BY-SA 3.0
2010-03	ACCEPTED	File:Adrian Sutil 2010 Malaysia 3rd Qualify.jpg	CC BY-SA 3.0
2010-03	ACCEPTED	File:Adrian Sutil and Lewis Hamilton 2010 Malaysia.jpg	CC BY-SA 3.0
2010-03	ACCEPTED	File:Alguersuari Malaysian qualy 2010 (cropped).jpg	CC BY 2.0
2010-03	ACCEPTED	File:Alonso Malaysian qualy 2010 (cropped).jpg	CC BY 2.0
2010-03	ACCEPTED	File:Andy Soucek 2010 Malaysia.jpg	CC BY-SA 3.0
2010-03	ACCEPTED	File:Barrichello Malaysian GP 2010 (cropped).jpg	CC BY 2.0
2010-03	ACCEPTED	File:Bernd Maylander and Mercedes-Benz SLS Safety Car 2010 Malaysia.jpg	CC BY-SA 3.0
2010-03	ACCEPTED	File:Bruno Senna 2010 Malaysia 2nd Free Practice.jpg	CC BY-SA 3.0
2010-03	ACCEPTED	File:Bruno Senna 2010 Malaysia 3rd Free Practice.jpg	CC BY-SA 3.0
2010-04	ACCEPTED	File:2010 Chinese GP queuing Ferrari (cropped).jpg	CC BY 2.0
2010-04	ACCEPTED	File:2010 Chinese GP starting grid.jpg	CC BY 2.0
2010-04	ACCEPTED	File:Alguersuari China qualy 2010 (cropped).jpg	CC BY-SA 2.0
2010-04	ACCEPTED	File:Alguersuari Petrov China GP 2010 (cropped).jpg	CC BY-SA 2.0
2010-04	ACCEPTED	File:Alonso China qualy 2010 (cropped).jpg	CC BY-SA 2.0
2010-04	ACCEPTED	File:Alonso Chinese GP qualy 2010 (cropped).jpg	CC BY 2.0
2010-04	ACCEPTED	File:Buemi Chinese GP qualy 2010 (cropped).jpg	CC BY 2.0
2010-04	ACCEPTED	File:China GP 2010 1st corner.jpg	CC BY-SA 2.0
2010-04	ACCEPTED	File:China GP 2010 start.jpg	CC BY-SA 2.0
2010-04	ACCEPTED	File:De la Rosa China qualy 2010 (cropped).jpg	CC BY-SA 2.0
2010-04	ACCEPTED	File:Felipe Massa 2010 China.jpg	CC BY-SA 2.0
2010-04	ACCEPTED	File:Felipe Massa on Ferrari STR5 - 2010 Chinese Grand Prix (4691957926).jpg	CC BY-SA 2.0
2010-05	ACCEPTED	File:Buemi (4675407949).jpg	CC BY-SA 2.0
2010-05	ACCEPTED	File:Buemi (4675409859).jpg	CC BY-SA 2.0
2010-05	ACCEPTED	File:Buemi spain 2010.JPG	CC BY 3.0
2010-05	ACCEPTED	File:Carlos Sainz JR. (4675410559).jpg	CC BY-SA 2.0
2010-05	ACCEPTED	File:DSC 7363 (4676050214).jpg	CC BY-SA 2.0
2010-05	ACCEPTED	File:DSC 7429 (4676051232).jpg	CC BY-SA 2.0
2010-05	ACCEPTED	File:DSC 7430 (4675429503).jpg	CC BY-SA 2.0
2010-05	ACCEPTED	File:DSC 7432 (4675431023).jpg	CC BY-SA 2.0
2010-05	ACCEPTED	File:Felipe Massa (4675433211).jpg	CC BY-SA 2.0
2010-05	ACCEPTED	File:Felipe Massa (4676055274).jpg	CC BY-SA 2.0
2010-05	ACCEPTED	File:Felipe Massa 2010 Spain.jpg	CC BY 2.0
2010-05	ACCEPTED	File:Fernando Alonso (4675436363).jpg	CC BY-SA 2.0
2010-06	ACCEPTED	File:Philippe Streiff and marshals at Monaco GP 2010.jpg	CC BY 3.0
2010-08	ACCEPTED	File:2010 Canadian GP opening lap (cropped).jpg	CC BY-SA 2.0
2010-08	ACCEPTED	File:2010 Canadian GP race start.jpg	CC BY-SA 2.0
2010-08	ACCEPTED	File:2010 Canadian Grand Prix Race - Massa and Liuzzi collide on lap 1, turn 2 (4698002837).jpg	CC BY-SA 2.0
2010-08	ACCEPTED	File:Adrian Sutil 2010 Canada.jpg	CC BY-SA 2.0
2010-08	ACCEPTED	File:Adrian Sutil Canada 2010.jpg	CC BY-SA 2.0
2010-08	ACCEPTED	File:Adrian Sutil Qualifying for the Canadian Grand Prix (4735680175).jpg	CC BY 2.0
2010-08	ACCEPTED	File:Adrian Sutil's Force India (4735719045).jpg	CC BY 2.0
2010-08	ACCEPTED	File:Adrian Sutil's Force India (4735720585).jpg	CC BY 2.0
2010-08	ACCEPTED	File:Alguersuari Canada 2010 (cropped).jpg	CC BY 2.0
2010-08	ACCEPTED	File:Alguersuari and Vettel at the Canadian Grand Prix (4736332324).jpg	CC BY 2.0
2010-08	ACCEPTED	File:Alonso Canadian GP 2010 (cropped).jpg	CC BY-SA 2.0
2010-08	ACCEPTED	File:Alonso and Hamilton Exiting the Pits at the Canadian Grand Prix (4736324086).jpg	CC BY 2.0
2010-09	ACCEPTED	File:2010 Jaime Alguersuari European GP.jpg	CC BY 2.0
2010-09	ACCEPTED	File:Adrian Sutil 2010 Europe.jpg	CC BY 2.0
2010-09	ACCEPTED	File:Adrian sutil Grand prix de valencia-2010 (2).JPG	CC BY-SA 3.0
2010-09	ACCEPTED	File:Alonso y massa en valencia-2010.JPG	CC BY-SA 3.0
2010-09	ACCEPTED	File:Fernando Alonso 2010 Europe.jpg	CC BY 2.0
2010-09	ACCEPTED	File:Ferrari - panoramio.jpg	CC BY-SA 3.0
2010-09	ACCEPTED	File:Grand prix de valencia-2010 (4).JPG	CC BY-SA 3.0
2010-09	ACCEPTED	File:Grand prix de valencia-2010 (6).JPG	CC BY-SA 3.0
2010-09	ACCEPTED	File:Jaime Alguersuari 2010 Europe.jpg	CC BY 2.0
2010-09	ACCEPTED	File:Lewis Hamilton 2010 Europe.jpg	CC BY 2.0
2010-09	ACCEPTED	File:Lewis hamilton Grand prix de valencia-2010 (5).JPG	CC BY-SA 3.0
2010-09	ACCEPTED	File:Lotus 500 GP 01.jpg	CC BY-SA 4.0
2010-10	ACCEPTED	File:2010 British GP start.jpg	CC BY 2.0
2010-10	ACCEPTED	File:Button British GP 2010.jpg	CC BY 2.0
2010-10	ACCEPTED	File:Exit of Copse during 2010 British Grand Prix.JPG	CC BY-SA 3.0
2010-10	ACCEPTED	File:Fernando Alonso at Silverstone 2010.JPG	CC BY-SA 3.0
2010-10	ACCEPTED	File:Hydration Station at the British Grand Prix (4796465630).jpg	CC BY 2.0
2010-10	ACCEPTED	File:Jenson Button 2010 Britain.jpg	CC BY 2.0
2010-10	ACCEPTED	File:Jenson Button at the 2010 British Grand Prix (5083057785).jpg	CC BY 2.0
2010-10	ACCEPTED	File:Lewis Hamilton 2010 Britain.jpg	CC BY 2.0
2010-10	ACCEPTED	File:Lewis Hamilton at the 2010 British Grand Prix(5083057421).jpg	CC BY 2.0
2010-10	ACCEPTED	File:Lewis Hamilton à Silverstone en 2010.jpg	CC BY-SA 2.0
2010-10	ACCEPTED	File:Mark Webber 2010 Britain.jpg	CC BY 2.0
2010-10	ACCEPTED	File:Mark Webber at the 2010 British Grand Prix (5083058131).jpg	CC BY 2.0
2010-11	ACCEPTED	File:Alonso hockenheim 2010.jpg	CC BY 2.0
2010-11	ACCEPTED	File:Fairuz Fauzy 2010 Germany.jpg	CC BY-SA 2.0
2010-11	ACCEPTED	File:Felipe Massa Hockenheim 2010 (cropped).jpg	CC BY 2.0
2010-11	ACCEPTED	File:Fernando Alonso German GP 2010.jpg	CC BY-SA 2.0
2010-11	ACCEPTED	File:Jenson Button Hockenheim 2010 (cropped).jpg	CC BY 2.0
2010-11	ACCEPTED	File:Kamui Kobayashi Hockenheim 2010.jpg	CC BY-SA 2.0
2010-11	ACCEPTED	File:Lewis hamilton hockenheim 2010.jpg	CC BY 2.0
2010-11	ACCEPTED	File:Michael Schumacher Hockenheim 2010.jpg	CC BY 2.0
2010-11	ACCEPTED	File:Nico Hulkenberg à Hockenheim en 2010.jpg	CC BY-SA 2.0
2010-11	ACCEPTED	File:Pedro de la Rosa Hockenheim 2010.jpg	CC BY-SA 2.0
2010-11	ACCEPTED	File:Sakon Yamamoto 2010 Germany (cropped).jpg	CC BY-SA 2.0
2010-11	ACCEPTED	File:Schumacher hockenheim 2010.jpg	CC BY-SA 2.0
2010-12	ACCEPTED	File:Alonso vettel hungarian gp 2010.jpg	CC BY 3.0
2010-12	ACCEPTED	File:Alonso webber 2010 hungarian gp.jpg	CC BY 3.0
2010-12	ACCEPTED	File:Jenson Button Hungary 2010.jpg	CC BY-SA 2.0
2010-13	ACCEPTED	File:Bus stop to Kemel (4956806379).jpg	CC BY-SA 2.0
2010-13	ACCEPTED	File:Circuit De Spa Francorchamps (4948936124).jpg	CC BY-SA 2.0
2010-13	ACCEPTED	File:Clouds over Spa-Francorchamps (4956818367).jpg	CC BY-SA 2.0
2010-13	ACCEPTED	File:Clouds over Spa-Francorchamps (4957413506).jpg	CC BY-SA 2.0
2010-13	ACCEPTED	File:Clouds over Spa-Francorchamps (4957418384).jpg	CC BY-SA 2.0
2010-13	ACCEPTED	File:De La Rosa Belgium 2010.jpg	CC BY-SA 2.0
2010-13	ACCEPTED	File:Di Grassi Belgium 2010 (cropped).jpg	CC BY 2.0
2010-13	ACCEPTED	File:Dry Line (4949030400).jpg	CC BY-SA 2.0
2010-13	ACCEPTED	File:Eau Rouge McLaren (4948374927).jpg	CC BY-SA 2.0
2010-13	ACCEPTED	File:Eau Rouge Williams (4948963460).jpg	CC BY-SA 2.0
2010-13	ACCEPTED	File:Fanatics (4948969872).jpg	CC BY-SA 2.0
2010-13	ACCEPTED	File:Felipe Massa (4948409977).jpg	CC BY-SA 2.0
2010-14	ACCEPTED	File:2010 Italian GP - Scuderia Ferrari box (1).jpg	CC BY 2.0
2010-14	ACCEPTED	File:2010 Italian GP - Scuderia Ferrari box (2).jpg	CC BY 2.0
2010-14	ACCEPTED	File:2010 Italian GP - Scuderia Ferrari paddock (1).jpg	CC BY 2.0
2010-14	ACCEPTED	File:2010 Italian GP - Scuderia Ferrari paddock (2).jpg	CC BY 2.0
2010-14	ACCEPTED	File:Felipe Massa 2010 Italy (cropped).jpg	CC BY 2.0
2010-14	ACCEPTED	File:Felipe Massa 2010 Italy 2(cropped).jpg	CC BY 2.0
2010-14	ACCEPTED	File:Felipe Massa Italy 2010.jpg	CC BY 2.0
2010-14	ACCEPTED	File:Formel 1 2010 Monza Bruno Senna nach Ausfall.jpg	CC BY-SA 4.0
2010-14	ACCEPTED	File:Heikki Kovalainen 2010 Italy (Cropped).jpg	CC BY 2.0
2010-14	ACCEPTED	File:Italian GP starting grid (Alonso and Button).jpg	CC BY 2.0
2010-14	ACCEPTED	File:Italian GP starting grid.jpg	CC BY 2.0
2010-14	ACCEPTED	File:Massas Monza 2010 (cropped).jpg	CC BY 2.0
2010-15	ACCEPTED	File:Felipe Massa 2010 Singapore.jpg	CC BY 2.0
2010-15	ACCEPTED	File:Felipe Massa at the press conference.jpg	CC BY-SA 2.0
2010-15	ACCEPTED	File:Fernando Alonso at Puma Store - Singapore GP 2010.jpg	CC BY 2.0
2010-15	ACCEPTED	File:Jérôme d'Ambrosio, Singapore, free practise 1.jpg	CC BY 2.0
2010-15	ACCEPTED	File:Mark Webber - Red Bull RB6 - 2010 Singapore Grand Prix, race.jpg	CC BY 2.0
2010-15	ACCEPTED	File:Red Bull team on the pit lane wall - 2010 Singapore Grand Prix.jpeg	CC BY 2.0
2010-15	ACCEPTED	File:Robert Kubica 2010 Singapore.jpg	CC BY 2.0
2010-15	ACCEPTED	File:Rubens Barrichello pitboard, Singtel 2010 Singapore Grand Prix, first practice.JPG	CC BY-SA 3.0
2010-15	ACCEPTED	File:Turn 5, Marina Bay Street Circuit, first practice for 2010 Singapore Grand Prix.JPG	CC BY-SA 3.0
2010-15	ACCEPTED	File:Vitaly Petrov in garage, second practice, 2010 Singapore Grand Prix.jpg	CC BY-SA 3.0
2010-16	ACCEPTED	File:2010 Japanese GP opening lap.jpg	CC BY-SA 3.0
2010-16	ACCEPTED	File:Bruno Senna demonstrating Lotus 97T 2010 Japan.jpg	CC BY-SA 3.0
2010-16	ACCEPTED	File:Bruno senna 2010 japanese GP.jpg	CC BY 2.0
2010-16	ACCEPTED	File:Charlie Whiting 2010 Japan.jpg	CC BY-SA 3.0
2010-16	ACCEPTED	File:Fernando Alonso 2010 Japan 3rd qualify.jpg	CC BY-SA 3.0
2010-16	ACCEPTED	File:Fernando Alonso Japan GP 2010.jpg	CC BY 2.0
2010-16	ACCEPTED	File:Force India VJM03 F-duct slot on rear wing 2010 Japan-focus.jpg	CC BY-SA 3.0
2010-16	ACCEPTED	File:Force India VJM03 F-duct slot on rear wing 2010 Japan.jpg	CC BY-SA 3.0
2010-16	ACCEPTED	File:Force India VJM03 engine cover 2010 Japan.jpg	CC BY-SA 3.0
2010-16	ACCEPTED	File:Grand Prix Square 2010 Japan.jpg	CC BY-SA 3.0
2010-16	ACCEPTED	File:Hispania f1 2010 boxes 1.jpg	CC BY 2.0
2010-16	ACCEPTED	File:Hispania f1 2010 pit wall.jpg	CC BY 2.0
2010-17	ACCEPTED	File:2010 Korean Grand Prix Podium.jpeg	CC BY 2.0
2010-17	ACCEPTED	File:Di Grassi - 2010 Korean Grand Prix.jpg	CC BY 2.0
2010-17	ACCEPTED	File:Force India Corée 2010.jpg	CC BY 2.0
2010-17	ACCEPTED	File:GP de corée 2010.jpg	CC BY-SA 2.0
2010-17	ACCEPTED	File:Glock & Di Grassi - 2010 Korean Grand Prix cropped.jpg	CC BY 2.0
2010-17	ACCEPTED	File:Glock & Di Grassi - 2010 Korean Grand Prix.jpg	CC BY 2.0
2010-17	ACCEPTED	File:Grille de départ Corée 2010.jpg	CC BY-SA 2.0
2010-17	ACCEPTED	File:Hamilton Corée 2010.jpg	CC BY-SA 2.0
2010-17	ACCEPTED	File:Heikki Kovalainen - Korea 2010.jpg	CC BY 2.0
2010-17	ACCEPTED	File:Mark Webber - Red Bull Pits - 2010 Korean Grand Prix.jpeg	CC BY 2.0
2010-17	ACCEPTED	File:Mark Webber - Red Bull RB6 - 2010 Korean Grand Prix.jpeg	CC BY 2.0
2010-17	ACCEPTED	File:Mark Webber, 2010 Korean Grand Prix.jpg	CC BY 2.0
2010-19	ACCEPTED	File:Abu dabi by night (crop).jpg	CC BY 2.0
2010-19	ACCEPTED	File:Alonso abu dabi 2010.jpg	CC BY 2.0
2010-19	ACCEPTED	File:Ferrari F1 - Fernando Alonso (5178411980).jpg	CC BY 2.0
2010-19	ACCEPTED	File:Hamilton abu dabi 2010.jpg	CC BY 2.0
2010-19	ACCEPTED	File:RedBull Racing - Sebastian Vettel (5177791003).jpg	CC BY 2.0
2010-19	ACCEPTED	File:RedBull Racing - Sebastian Vettel (5178414496).jpg	CC BY 2.0
2010-19	ACCEPTED	File:RedBull Racing - Sebastian Vettel (5178430292).jpg	CC BY 2.0
2010-19	ACCEPTED	File:Schumacher abu dabi 2010.jpg	CC BY 2.0
2010-19	ACCEPTED	File:Toro Rosso - Jaime Alguersauri (5177782489).jpg	CC BY 2.0
2010-19	ACCEPTED	File:Toro Rosso - Sebastian Buemi (5177775117).jpg	CC BY 2.0
2010-19	ACCEPTED	File:Vettel abu dabi 2010.jpg	CC BY 2.0
2010-19	ACCEPTED	File:Webber abou dabi 2010.jpg	CC BY 2.0
2011-01	ACCEPTED	File:2011 Australian GP HRT.jpg	CC BY 2.0
2011-01	ACCEPTED	File:2011 Australian GP Lotus.jpg	CC BY 2.0
2011-01	ACCEPTED	File:2011 Australian GP McLaren.jpg	CC BY 2.0
2011-01	ACCEPTED	File:2011 Australian GP Virgin HRT 2.jpg	CC BY 2.0
2011-01	ACCEPTED	File:2011 Australian GP Virgin HRT.jpg	CC BY 2.0
2011-01	ACCEPTED	File:2011 Australian GP Williams crop.jpg	CC BY 2.0
2011-01	ACCEPTED	File:2011 Australian GP Williams.jpg	CC BY 2.0
2011-01	ACCEPTED	File:2011 Australian GP pit lane.jpg	CC BY 2.0
2011-01	ACCEPTED	File:2011 Australian Grand Prix - Felipe Massa 1.jpg	CC BY 2.0
2011-01	ACCEPTED	File:Aus F1 GP Weekend 2011 80 (5566882537).jpg	CC BY 2.0
2011-01	ACCEPTED	File:Aus F1 GP Weekend 2011 81 (5567465922).jpg	CC BY 2.0
2011-01	ACCEPTED	File:Aus F1 GP Weekend 2011 84 (5567467140).jpg	CC BY 2.0
2011-02	ACCEPTED	File:2011 Malaysian GP - Alonso.jpg	CC BY 2.0
2011-02	ACCEPTED	File:2011 Malaysian GP - Ferrari.jpg	CC BY 2.0
2011-02	ACCEPTED	File:2011 Malaysian GP - Force India.jpg	CC BY 2.0
2011-02	ACCEPTED	File:2011 Malaysian GP - Lotus.jpg	CC BY 2.0
2011-02	ACCEPTED	File:2011 Malaysian GP - Medic.jpg	CC BY 2.0
2011-02	ACCEPTED	File:2011 Malaysian GP - Vettel.jpg	CC BY 2.0
2011-02	ACCEPTED	File:2011 Malaysian GP opening lap.jpg	CC BY-SA 3.0
2011-02	ACCEPTED	File:2011-Coulthard-KualaLumpur.jpg	CC BY 2.0
2011-02	ACCEPTED	File:Adrian Sutil 2011 Malaysia FP1.jpg	CC BY-SA 3.0
2011-02	ACCEPTED	File:Adrian Sutil 2011 Malaysia FP2.jpg	CC BY-SA 3.0
2011-02	ACCEPTED	File:Adrian Sutil 2011 Malaysia FP3.jpg	CC BY-SA 3.0
2011-02	ACCEPTED	File:All the cars at the 2011 Malaysian Grand Prix.jpg	CC BY 2.0
2011-05	ACCEPTED	File:2011 Spanish GP - Ferrari illegal wing.jpg	CC BY 2.0
2011-05	ACCEPTED	File:2011 Spanish GP Friday 01.jpg	CC BY 2.0
2011-05	ACCEPTED	File:2011 Spanish GP Friday 02.jpg	CC BY 2.0
2011-05	ACCEPTED	File:2011 Spanish GP Friday 03.jpg	CC BY 2.0
2011-05	ACCEPTED	File:2011 Spanish GP Friday 04.jpg	CC BY 2.0
2011-05	ACCEPTED	File:2011 Spanish GP Friday 05.jpg	CC BY 2.0
2011-05	ACCEPTED	File:2011 Spanish GP Friday 06.jpg	CC BY 2.0
2011-05	ACCEPTED	File:2011 Spanish GP Friday 07.jpg	CC BY 2.0
2011-05	ACCEPTED	File:2011 Spanish GP Friday 08.jpg	CC BY 2.0
2011-05	ACCEPTED	File:2011 Spanish GP Friday 09.jpg	CC BY 2.0
2011-05	ACCEPTED	File:2011 Spanish GP Friday 10.jpg	CC BY 2.0
2011-05	ACCEPTED	File:2011 Spanish GP Friday 11.jpg	CC BY 2.0
2011-06	ACCEPTED	File:2011 Monaco GP 01.jpg	CC BY 2.0
2011-06	ACCEPTED	File:2011 Monaco GP Bernie.jpg	CC BY 2.0
2011-06	ACCEPTED	File:2011 Monaco GP Button (cropped).jpg	CC BY 2.0
2011-06	ACCEPTED	File:2011 Monaco GP Button 2.jpg	CC BY 2.0
2011-06	ACCEPTED	File:2011 Monaco GP Hamilton.jpg	CC BY 2.0
2011-06	ACCEPTED	File:2011 Monaco GP Lewis Heikki Nick.jpg	CC BY 2.0
2011-06	ACCEPTED	File:2011 Monaco GP Lewis Heikki.jpg	CC BY 2.0
2011-06	ACCEPTED	File:2011 Monaco GP Marussia.jpg	CC BY 2.0
2011-06	ACCEPTED	File:2011 Monaco GP McLaren.jpg	CC BY 2.0
2011-06	ACCEPTED	File:2011 Monaco GP Red Bull.jpg	CC BY 2.0
2011-06	ACCEPTED	File:2011 Monaco GP Sebastien (cropped).jpg	CC BY 2.0
2011-06	ACCEPTED	File:2011 Monaco GP Timing Monitor.jpg	CC BY 2.0
2011-07	ACCEPTED	File:2011 Canadian GP - Force India.jpg	CC BY-SA 2.0
2011-07	ACCEPTED	File:2011 Canadian GP - Hamilton retire.jpg	CC BY-SA 2.0
2011-07	ACCEPTED	File:2011 Canadian GP - Hamilton-Webber.jpg	CC BY-SA 2.0
2011-07	ACCEPTED	File:2011 Canadian GP - Hamilton.jpg	CC BY-SA 2.0
2011-07	ACCEPTED	File:2011 Canadian GP - Kobayashi-Heidfeld crash.jpg	CC BY-SA 2.0
2011-07	ACCEPTED	File:2011 Canadian GP - Maldonado.jpg	CC BY-SA 2.0
2011-07	ACCEPTED	File:2011 Canadian GP - Race stop.jpg	CC BY-SA 2.0
2011-07	ACCEPTED	File:2011 Canadian GP - Rosberg.jpg	CC BY-SA 2.0
2011-07	ACCEPTED	File:2011 Canadian GP - Start.jpg	CC BY-SA 2.0
2011-07	ACCEPTED	File:2011 Canadian GP - Water.jpg	CC BY-SA 2.0
2011-07	ACCEPTED	File:2011 Canadian GP - Webber-Schumacher.jpg	CC BY-SA 2.0
2011-07	ACCEPTED	File:2011 Canadian GP - Winner (cropped).jpg	CC BY-SA 2.0
2011-08	ACCEPTED	File:Fernando Alonso Europe GP 2011.jpg	CC BY-SA 2.0
2011-08	ACCEPTED	File:GP Europa 2011 - panoramio.jpg	CC BY-SA 3.0
2011-08	ACCEPTED	File:Karthikeyan Valencia European GP 2011.jpg	CC BY-SA 2.0
2011-08	ACCEPTED	File:Lewis Hamilton - Media Interview (European GP 2011).jpg	CC BY 2.0
2011-08	ACCEPTED	File:Valencia Street Circuit clue169.jpg	CC BY 2.0
2011-09	ACCEPTED	File:2011 British GP - Button retire.jpg	CC BY 2.0
2011-09	ACCEPTED	File:2011 British GP - Cars 2.jpg	CC BY 2.0
2011-09	ACCEPTED	File:2011 British GP - Glock Marussia.jpg	CC BY 2.0
2011-09	ACCEPTED	File:2011 British GP - Lotus garage.jpg	CC BY 2.0
2011-09	ACCEPTED	File:2011 British GP - Marussia Cars 2.jpg	CC BY 2.0
2011-09	ACCEPTED	File:2011 British GP Button 1.jpg	CC BY 2.0
2011-09	ACCEPTED	File:Alonso at pit-lane 2011 British GP.jpg	CC BY 2.0
2011-09	ACCEPTED	File:Button's MP4-26 back to the garage at Silverstone 2011.jpg	CC BY 2.0
2011-09	ACCEPTED	File:Hamilton 2011 British GP.jpg	CC BY 2.0
2011-09	ACCEPTED	File:Heidfeld silverstone 2011.jpg	CC BY 2.0
2011-09	ACCEPTED	File:Jackie Stewart & Paul di Resta - 2011 British Grand Prix.jpg	CC BY 2.0
2011-09	ACCEPTED	File:Jackie Stewart 2011 British Grand Prix.jpg	CC BY 2.0
2011-10	ACCEPTED	File:Lotus et toro rosso nurburgring.jpg	CC BY 2.0
2011-10	ACCEPTED	File:Nurburgring mercedes.jpg	CC BY 2.0
2011-10	ACCEPTED	File:Virgin et HRT nurburgring 2011.jpg	CC BY 2.0
2011-11	ACCEPTED	File:2011 Hungarian GP - Lotus.jpg	CC BY 2.0
2011-11	ACCEPTED	File:Formula 1 Hungarian Grand Prix (10).JPG	CC BY-SA 4.0
2011-11	ACCEPTED	File:Formula 1 Hungarian Grand Prix (11).jpg	CC BY-SA 4.0
2011-11	ACCEPTED	File:Formula 1 Hungarian Grand Prix (12)(cropped).JPG	CC BY-SA 3.0
2011-11	ACCEPTED	File:Formula 1 Hungarian Grand Prix (8).JPG	CC BY-SA 4.0
2011-11	ACCEPTED	File:Formula 1 Hungarian Grand Prix (9).JPG	CC BY-SA 4.0
2011-11	ACCEPTED	File:Formula 1 Hungarian Grand Prix 2011 (1).JPG	CC BY-SA 4.0
2011-11	ACCEPTED	File:Formula 1 Hungarian Grand Prix 2011 (13).JPG	CC BY-SA 4.0
2011-11	ACCEPTED	File:Formula 1 Hungarian Grand Prix 2011 (14).JPG	CC BY-SA 4.0
2011-11	ACCEPTED	File:Formula 1 Hungarian Grand Prix 2011 (15).JPG	CC BY-SA 4.0
2011-11	ACCEPTED	File:Formula 1 Hungarian Grand Prix 2011 (16).JPG	CC BY-SA 4.0
2011-11	ACCEPTED	File:Formula 1 Hungarian Grand Prix 2011 (17).JPG	CC BY-SA 4.0
2011-12	ACCEPTED	File:2011 Belgian GP Senna crash (17890720639).jpg	CC BY 2.0
2011-12	ACCEPTED	File:2011 Belgian GP Toro Rosso flow-viz (17456424823).jpg	CC BY 2.0
2011-12	ACCEPTED	File:Bruno Senna 2011.jpg	CC BY-SA 3.0
2011-12	ACCEPTED	File:Bruno Senna Belgique 2011.jpg	CC BY-SA 3.0
2011-12	ACCEPTED	File:Bus Stop and La Source from Bruxelles.JPG	CC BY-SA 3.0
2011-12	ACCEPTED	File:Force India VJM04 Adrian Sutil (17889051428).jpg	CC BY 2.0
2011-12	ACCEPTED	File:Force India VJM04 Adrian Sutil (18077892401).jpg	CC BY 2.0
2011-12	ACCEPTED	File:Force India VJM04 Paul di Resta (17454374724).jpg	CC BY 2.0
2011-12	ACCEPTED	File:Formel 1 Spa 2011 Unfall Adrian Sutil.jpg	CC BY-SA 4.0
2011-12	ACCEPTED	File:HRT F 111 (19168019362).jpg	CC BY 2.0
2011-12	ACCEPTED	File:HRT F 111 Daniel Ricciardo (17456427903).jpg	CC BY 2.0
2011-12	ACCEPTED	File:Jaime Alguersuari Toro Rosso STR6 (17890713999).jpg	CC BY 2.0
2011-13	ACCEPTED	File:2011 Italian GP - Barrichello.jpg	CC BY-SA 2.0
2011-13	ACCEPTED	File:2011 Italian GP - Bruno Senna.jpg	CC BY-SA 2.0
2011-13	ACCEPTED	File:2011 Italian GP - Buemi.jpg	CC BY-SA 2.0
2011-13	ACCEPTED	File:2011 Italian GP - Mercedes & 2 McLaren.jpg	CC BY-SA 2.0
2011-13	ACCEPTED	File:2011 Italian GP - Vettel.jpg	CC BY-SA 2.0
2011-13	ACCEPTED	File:A Sutil 2 Monza 2011.jpg	CC BY-SA 3.0
2011-13	ACCEPTED	File:A Sutil Monza 2011.jpg	CC BY-SA 3.0
2011-13	ACCEPTED	File:Adrian Sutil & Rubens Barrichello (6148490686).jpg	CC BY-SA 2.0
2011-13	ACCEPTED	File:Adrian Sutil (6147865201).jpg	CC BY-SA 2.0
2011-13	ACCEPTED	File:Adrian Sutil (6195673873).jpg	CC BY-SA 2.0
2011-13	ACCEPTED	File:Adrian Sutil (6195714739).jpg	CC BY-SA 2.0
2011-13	ACCEPTED	File:Adrian Sutil.jpg	CC BY-SA 2.0
2011-14	ACCEPTED	File:2011 Singapore GP - Felipe Massa.jpg	CC BY 2.0
2011-14	ACCEPTED	File:2011 Singapore GP - Force India.jpg	CC BY 2.0
2011-14	ACCEPTED	File:2011 Singapore GP - HRT.jpg	CC BY 2.0
2011-14	ACCEPTED	File:2011 Singapore GP - Jenson Button.jpg	CC BY 2.0
2011-14	ACCEPTED	File:2011 Singapore GP - Toro Rosso.jpg	CC BY 2.0
2011-14	ACCEPTED	File:2011 Singapore GP - Vettel.jpg	CC BY 2.0
2011-14	ACCEPTED	File:After the start Alonzo and Button (6183207190).jpg	CC BY-SA 2.0
2011-14	ACCEPTED	File:Alonzo -3 (6183207164).jpg	CC BY-SA 2.0
2011-14	ACCEPTED	File:Angie Vu Ha Dj Singapore Grand Prix 2011.jpg	CC BY-SA 3.0
2011-14	ACCEPTED	File:Button -2 (6183207170).jpg	CC BY-SA 2.0
2011-14	ACCEPTED	File:Caterman (6177440403).jpg	CC BY-SA 2.0
2011-14	ACCEPTED	File:Ferrari Alonzo (6177440425).jpg	CC BY-SA 2.0
2011-15	ACCEPTED	File:2011 Japanese GP opening lap.jpg	CC BY-SA 3.0
2011-15	ACCEPTED	File:Bruno Senna 2011 Japan FP1.jpg	CC BY-SA 3.0
2011-15	ACCEPTED	File:D Ricciardo Suzuka 2011.jpg	CC BY 2.0
2011-15	ACCEPTED	File:Daniel Ricciardo 2011 Japan FP1.jpg	CC BY-SA 3.0
2011-15	ACCEPTED	File:Fernando Alonso Japan GP 2011.jpg	CC BY 2.0
2011-15	ACCEPTED	File:Ferrari, Felipe Massa (IMG 8565) (7026619869).jpg	CC BY-SA 2.0
2011-15	ACCEPTED	File:Force India, Paul Di Resta (IMG 7292) (6882552714).jpg	CC BY-SA 2.0
2011-15	ACCEPTED	File:Jarno Trulli- Lotus T128 Japan 2011.jpg	CC BY 2.0
2011-15	ACCEPTED	File:Jenson Button 2011 Japan FP1.jpg	CC BY-SA 3.0
2011-15	ACCEPTED	File:Jenson Button 2011 Japan Race.jpg	CC BY-SA 3.0
2011-15	ACCEPTED	File:Jenson Button 2011 Japanese GP helmet Suzuka RacingTheater.jpg	CC BY-SA 3.0
2011-15	ACCEPTED	File:Jenson Button 2011 Japanese GP helmet top Suzuka RacingTheater.jpg	CC BY-SA 3.0
2011-16	ACCEPTED	File:2011F1코리아그랑프리오프닝세리머니 001.jpg	CC BY 2.0
2011-16	ACCEPTED	File:2011F1코리아그랑프리오프닝세리머니 005.jpg	CC BY 2.0
2011-16	ACCEPTED	File:2011F1코리아그랑프리오프닝세리머니 011 - 8933863356.jpg	CC BY 2.0
2011-16	ACCEPTED	File:F1 Grand Prix in Korea (CHNS) (5910820017).jpg	CC BY-SA 2.0
2011-16	ACCEPTED	File:F1 Grand Prix in Korea (CHNS) (5910820745).jpg	CC BY-SA 2.0
2011-16	ACCEPTED	File:F1 Grand Prix in Korea (ENG) (5910822853).jpg	CC BY-SA 2.0
2011-16	ACCEPTED	File:F1 Grand Prix in Korea (JPNS) (5910821829).jpg	CC BY-SA 2.0
2011-16	ACCEPTED	File:Lee Hwa-Sun in 2011.jpg	CC BY 2.0
2011-16	ACCEPTED	File:Lewis Hamilton 2011 Korean Grand Prix 001.jpg	CC BY 3.0
2011-16	ACCEPTED	File:Team Lotus 2011 Korean GP.jpg	CC BY 2.0
2011-17	ACCEPTED	File:Alonso Buddh 2011.jpg	CC BY 2.0
2011-17	ACCEPTED	File:Force india Buddh.jpg	CC BY 2.0
2011-17	ACCEPTED	File:Pitlane Walks - 2011 Indian Grand Prix.jpg	CC BY 2.0
2011-17	ACCEPTED	File:Podium winners of 2011 Indian Grand Prix.jpg	CC BY-SA 3.0
2011-18	ACCEPTED	File:A6-EHJ A340 Etihad (6058318507).jpg	CC BY 2.0
2011-18	ACCEPTED	File:Felipe Massa Football (cropped).JPG	CC BY 3.0
2011-18	ACCEPTED	File:Fernando Alonoso.JPG	CC BY-SA 3.0
2011-18	ACCEPTED	File:Fernando Alonso2011Abu DhabiGP.JPG	CC BY-SA 3.0
2011-18	ACCEPTED	File:Lewis Hamilton2011.JPG	CC BY-SA 3.0
2011-18	ACCEPTED	File:Rosberg Abu Dhabi2011GP.jpg	CC BY-SA 3.0
2011-19	ACCEPTED	File:2011 Brazil GP - Barrichello.jpg	CC BY 2.0
2011-19	ACCEPTED	File:2011 Brazil GP - Drivers parade.jpg	CC BY 2.0
2011-19	ACCEPTED	File:2011 Brazil GP - Hamilton and Vettel.jpg	CC BY 2.0
2011-19	ACCEPTED	File:2011 Brazil GP - Lotus pitstop.jpg	CC BY 2.0
2011-19	ACCEPTED	File:2011 Brazil GP - Massa.jpg	CC BY 2.0
2011-19	ACCEPTED	File:Box McLaren.jpg	CC BY-SA 3.0
2011-19	ACCEPTED	File:Desfile de pilotos (6418421339).jpg	CC BY 2.0
2011-19	ACCEPTED	File:Fernando Alonso (6418433503).jpg	CC BY 2.0
2011-19	ACCEPTED	File:Go Senna! (6418426539).jpg	CC BY 2.0
2011-19	ACCEPTED	File:Interlagos 2011 Ferrari no box treino sábado.jpg	CC BY-SA 3.0
2011-19	ACCEPTED	File:Interlagos 2011 box.jpg	CC BY-SA 3.0
2011-19	ACCEPTED	File:Interlagos 2011 laranjinha.jpg	CC BY-SA 3.0
2012-01	ACCEPTED	File:2012 Australian Grand Prix 01.jpg	CC BY 2.0
2012-01	ACCEPTED	File:2012 Australian Grand Prix 02.jpg	CC BY 2.0
2012-01	ACCEPTED	File:2012 Australian Grand Prix 03.jpg	CC BY 2.0
2012-01	ACCEPTED	File:2012 Australian Grand Prix 04.jpg	CC BY 2.0
2012-01	ACCEPTED	File:2012 Australian Grand Prix 05.jpg	CC BY 2.0
2012-01	ACCEPTED	File:2012 Australian Grand Prix 06.jpg	CC BY 2.0
2012-01	ACCEPTED	File:2012 Australian Grand Prix 07.jpg	CC BY 2.0
2012-01	ACCEPTED	File:2012 Australian Grand Prix 08.jpg	CC BY 2.0
2012-01	ACCEPTED	File:2012 Australian Grand Prix 09.jpg	CC BY 2.0
2012-01	ACCEPTED	File:2012 Australian Grand Prix 10.jpg	CC BY 2.0
2012-01	ACCEPTED	File:2012 Australian Grand Prix 11.jpg	CC BY 2.0
2012-01	ACCEPTED	File:2012 Australian Grand Prix 12.jpg	CC BY 2.0
2012-02	ACCEPTED	File:2012 Malaysian GP opening lap.jpg	CC BY-SA 3.0
2012-02	ACCEPTED	File:Alonso meet Indonesian F1 fans.jpg	CC BY-SA 3.0
2012-02	ACCEPTED	File:Bruno Senna 2012 Malaysia FP2.jpg	CC BY-SA 3.0
2012-02	ACCEPTED	File:Bruno Senna 2012 Malaysia Qualify.jpg	CC BY-SA 3.0
2012-02	ACCEPTED	File:Charles Pic 2012 Malaysia FP1.jpg	CC BY-SA 3.0
2012-02	ACCEPTED	File:Charles Pic 2012 Malaysia FP2.jpg	CC BY-SA 3.0
2012-02	ACCEPTED	File:Charles Pic 2012 Malaysia Qualify.jpg	CC BY-SA 3.0
2012-02	ACCEPTED	File:Charles Pic Malaysia 2012.jpg	CC BY-SA 3.0
2012-02	ACCEPTED	File:Charles Pic meet Indonesia F1 fan.jpg	CC BY-SA 3.0
2012-02	ACCEPTED	File:Daniel Ricciardo 2012 Malaysia FP1.jpg	CC BY-SA 3.0
2012-02	ACCEPTED	File:Daniel Ricciardo 2012 Malaysia FP2 1.jpg	CC BY-SA 3.0
2012-02	ACCEPTED	File:Daniel Ricciardo 2012 Malaysia FP2 2.jpg	CC BY-SA 3.0
2012-03	ACCEPTED	File:2012 Chinese Grand Prix (7392068376).jpg	CC BY 2.0
2012-03	ACCEPTED	File:2012 Chinese Grand Prix (7392283904).jpg	CC BY 2.0
2012-03	ACCEPTED	File:2012 Chinese Grand Prix (7392331258).jpg	CC BY 2.0
2012-03	ACCEPTED	File:Alonso (7392228642).jpg	CC BY 2.0
2012-03	ACCEPTED	File:Alonso (7392242526).jpg	CC BY 2.0
2012-03	ACCEPTED	File:Button (7392257922).jpg	CC BY 2.0
2012-03	ACCEPTED	File:Button (7392274558).jpg	CC BY 2.0
2012-03	ACCEPTED	File:Grosjean (7392307148).jpg	CC BY 2.0
2012-03	ACCEPTED	File:HRT (7392108070).jpg	CC BY 2.0
2012-03	ACCEPTED	File:Hamilton Pit (7392063958).jpg	CC BY 2.0
2012-03	ACCEPTED	File:Hamilton vettel china 2012 cropped.jpg	CC BY 2.0
2012-03	ACCEPTED	File:Hülkenberg massa hamilton china 2012.jpg	CC BY 2.0
2012-04	ACCEPTED	File:2012 Bahrain Grand Prix 2.jpg	CC BY 2.0
2012-04	ACCEPTED	File:2012 Bahrain Grand Prix start 2.jpg	CC BY 2.0
2012-04	ACCEPTED	File:Bernie Ecclestone 2012 Bahrain (cropped).jpg	CC BY 2.0
2012-04	ACCEPTED	File:Fernando Alonso 2012 Bahrain.jpg	CC BY 2.0
2012-04	ACCEPTED	File:Fernando Alonso Bahrain.jpg	CC BY 2.0
2012-04	ACCEPTED	File:Jenson Button bahrain 2012.jpg	CC BY 2.0
2012-04	ACCEPTED	File:Lewis Hamilton Bahrain.jpg	CC BY 2.0
2012-04	ACCEPTED	File:Mark Webber 2012 Bahrain.jpg	CC BY 2.0
2012-04	ACCEPTED	File:Marussia duo 2012 Bahrain.jpg	CC BY 2.0
2012-04	ACCEPTED	File:Micheal Schumacher Bahrain 2012.jpg	CC BY 2.0
2012-04	ACCEPTED	File:Micheal Schumacher di Bahrain 2012.jpg	CC BY 2.0
2012-04	ACCEPTED	File:Paul di Resta 2012 Bahrain.jpg	CC BY 2.0
2012-06	ACCEPTED	File:2012 Monaco GP.JPG	CC BY-SA 3.0
2012-06	ACCEPTED	File:F1 Monaco PL.JPG	CC BY 3.0
2012-06	ACCEPTED	File:F1 Monaco PL7.JPG	CC BY 3.0
2012-06	ACCEPTED	File:Jenson Button at 2012 Monaco Grand Prix.JPG	CC BY-SA 3.0
2012-06	ACCEPTED	File:Michael Schumacher pole lap monaco 2012.JPG	CC BY-SA 3.0
2012-06	ACCEPTED	File:Pastor Maldonado Monaco 2012 Crash.JPG	CC BY-SA 3.0
2012-06	ACCEPTED	File:Rapax Team PL.JPG	CC BY 3.0
2012-07	ACCEPTED	File:012 Canadian GP - Romain Grosjean Lotus E20 02.jpg	CC BY-SA 2.0
2012-07	ACCEPTED	File:012 Canadian Grand Prix Fernando Alonso Ferrari F2012-03.jpg	CC BY-SA 2.0
2012-07	ACCEPTED	File:2012 Canadian GP - Heikki Kovalainen Caterham 01.jpg	CC BY-SA 2.0
2012-07	ACCEPTED	File:2012 Canadian GP - Jenson Button MP4-27 01.jpg	CC BY-SA 2.0
2012-07	ACCEPTED	File:2012 Canadian GP - Kimi Raikkonen Lotus E20 01.jpg	CC BY-SA 2.0
2012-07	ACCEPTED	File:2012 Canadian GP - Kimi Raikkonen Lotus E20 02.jpg	CC BY-SA 2.0
2012-07	ACCEPTED	File:2012 Canadian GP - Kimi Raikkonen Lotus E20 03.jpg	CC BY-SA 2.0
2012-07	ACCEPTED	File:2012 Canadian GP - Lewis Hamilton MP4-27 01.jpg	CC BY-SA 2.0
2012-07	ACCEPTED	File:2012 Canadian GP - Lewis Hamilton MP4-27 02.jpg	CC BY-SA 2.0
2012-07	ACCEPTED	File:2012 Canadian GP - Nico Rosberg Mercedes 01.jpg	CC BY-SA 2.0
2012-07	ACCEPTED	File:2012 Canadian GP - Nico Rosberg Mercedes 02.jpg	CC BY-SA 2.0
2012-07	ACCEPTED	File:2012 Canadian GP - Romain Grosjean Lotus E20 01.jpg	CC BY-SA 2.0
2012-09	ACCEPTED	File:2012 British GP - Kovalainen.jpg	CC BY-SA 2.0
2012-09	ACCEPTED	File:2012 British GP - Lotus.jpg	CC BY 2.0
2012-09	ACCEPTED	File:2012 British GP - Massa.jpg	CC BY 2.0
2012-09	ACCEPTED	File:2012 British GP - Raikkonen.jpg	CC BY 2.0
2012-09	ACCEPTED	File:2012 British GP - Schumacher.jpg	CC BY-SA 2.0
2012-09	ACCEPTED	File:2012 British GP - Vettel (rotate).jpg	CC BY-SA 2.0
2012-09	ACCEPTED	File:2012 British GP - Vettel.jpg	CC BY-SA 2.0
2012-09	ACCEPTED	File:BBC F1 Team - 2012 British GP Aftermath.jpg	CC BY 2.0
2012-09	ACCEPTED	File:Di Resta British GP 2012.jpg	CC BY 2.0
2012-09	ACCEPTED	File:Fernando Alonso - Inggris 2012.jpg	CC BY 2.0
2012-09	ACCEPTED	File:Fernando Alonso British GP 2012.jpg	CC BY 2.0
2012-09	ACCEPTED	File:Heikki Kovalainen - British 2012.jpg	CC BY 2.0
2012-10	ACCEPTED	File:2012 German GP - 3 Leaders.jpg	CC BY 2.0
2012-10	ACCEPTED	File:2012 German GP - Alonso.jpg	CC BY 2.0
2012-10	ACCEPTED	File:2012 German GP - Caterham ToroRosso.jpg	CC BY 2.0
2012-10	ACCEPTED	File:2012 German GP - HRT RedBull.jpg	CC BY 2.0
2012-10	ACCEPTED	File:2012 German GP - Kimi.jpg	CC BY 2.0
2012-10	ACCEPTED	File:2012 German GP - Lewis.jpg	CC BY 2.0
2012-10	ACCEPTED	File:2012 German GP - Vettel.jpg	CC BY 2.0
2012-10	ACCEPTED	File:2012 German Grand Prix Fernando Alonso.jpg	CC BY-SA 3.0
2012-10	ACCEPTED	File:Corner 6 Hairpin Hockenheim (7631791596).jpg	CC BY 2.0
2012-10	ACCEPTED	File:Corner 6 Hairpin Hockenheim (7631793370).jpg	CC BY 2.0
2012-10	ACCEPTED	File:Fernando Alonso German GP 2012.jpg	CC BY-SA 2.0
2012-10	ACCEPTED	File:Ferrari & Mercedes at Parque Fermé (7631813508).jpg	CC BY 2.0
2012-12	ACCEPTED	File:Caterham box 2012 Belgian GP.jpg	CC BY 2.0
2012-13	ACCEPTED	File:2012 Italian GP - Alonso cameraman 2.jpg	CC BY 2.0
2012-13	ACCEPTED	File:2012 Italian GP - Alonso cameraman 3.jpg	CC BY 2.0
2012-13	ACCEPTED	File:2012 Italian GP - Alonso cameraman.jpg	CC BY 2.0
2012-13	ACCEPTED	File:2012 Italian GP - Alonso on pit.jpg	CC BY 2.0
2012-13	ACCEPTED	File:2012 Italian GP - Alonso pit.jpg	CC BY 2.0
2012-13	ACCEPTED	File:2012 Italian GP - Alonso-Vettel.jpg	CC BY 2.0
2012-13	ACCEPTED	File:2012 Italian GP - Button car.jpg	CC BY 2.0
2012-13	ACCEPTED	File:2012 Italian GP - Carabinieri.jpg	CC BY 2.0
2012-13	ACCEPTED	File:2012 Italian GP - Champagne.jpg	CC BY 2.0
2012-13	ACCEPTED	File:2012 Italian GP - Damon Hill.jpg	CC BY 2.0
2012-13	ACCEPTED	File:2012 Italian GP - F1 fans.jpg	CC BY 2.0
2012-13	ACCEPTED	File:2012 Italian GP - F1 girls.jpg	CC BY 2.0
2012-14	ACCEPTED	File:1 singapore f1 night race 2012 city skyline.jpg	CC BY-SA 4.0
2012-14	ACCEPTED	File:2012 Singapore GP - Alonso 2.jpg	CC BY-SA 2.0
2012-14	ACCEPTED	File:2012 Singapore GP - Alonso.jpg	CC BY-SA 2.0
2012-14	ACCEPTED	File:2012 Singapore GP - Bruno.jpg	CC BY-SA 2.0
2012-14	ACCEPTED	File:2012 Singapore GP - Caterham.jpg	CC BY 2.0
2012-14	ACCEPTED	File:2012 Singapore GP - Ferrari.jpg	CC BY 2.0
2012-14	ACCEPTED	File:2012 Singapore GP - Grosjean.jpg	CC BY-SA 2.0
2012-14	ACCEPTED	File:2012 Singapore GP - HRT.jpg	CC BY 2.0
2012-14	ACCEPTED	File:2012 Singapore GP - Hamilton.jpg	CC BY-SA 2.0
2012-14	ACCEPTED	File:2012 Singapore GP - Lotus.jpg	CC BY 2.0
2012-14	ACCEPTED	File:2012 Singapore GP - Maldonado.jpg	CC BY 2.0
2012-14	ACCEPTED	File:2012 Singapore GP - Marussia.jpg	CC BY-SA 2.0
2012-15	ACCEPTED	File:2012 Formula 1 Japanese Grand Prix! Suzuka! (8070674230).jpg	CC BY 2.0
2012-15	ACCEPTED	File:2012 Formula 1 Japanese Grand Prix! Suzuka! (8070675026).jpg	CC BY 2.0
2012-15	ACCEPTED	File:2012 Formula 1 Japanese Grand Prix! Suzuka! (8070675236).jpg	CC BY 2.0
2012-15	ACCEPTED	File:2012 Formula 1 Japanese Grand Prix! Suzuka! (8070680101).jpg	CC BY 2.0
2012-15	ACCEPTED	File:2012 Formula 1 Japanese Grand Prix! Suzuka! (8070680561).jpg	CC BY 2.0
2012-15	ACCEPTED	File:2012 Formula 1 Japanese Grand Prix! Suzuka! (8070680797).jpg	CC BY 2.0
2012-15	ACCEPTED	File:2012 Formula 1 Japanese Grand Prix! Suzuka! (8070681535).jpg	CC BY 2.0
2012-15	ACCEPTED	File:2012 Japan GP - Alonso car.jpg	CC BY 2.0
2012-15	ACCEPTED	File:2012 Japan GP - Fernando Alonso.jpg	CC BY 2.0
2012-15	ACCEPTED	File:2012 Japan GP - Glock-Kovalainen.jpg	CC BY 2.0
2012-15	ACCEPTED	File:2012 Japan GP - Jenson Button.jpg	CC BY 2.0
2012-15	ACCEPTED	File:2012 Japan GP - Lewis Hamilton.jpg	CC BY 2.0
2012-16	ACCEPTED	File:2012 CATERHAM RENAULT AT THE YEONGAM GRAND PRIX SOUTH KOREA OCT (8214051582).jpg	CC BY-SA 2.0
2012-16	ACCEPTED	File:2012 FERRARI FERNANDO ALONSON NO5 AT THE YEONGAM GRAND PRIX SOUTH KOREA OCT (8212955835).jpg	CC BY-SA 2.0
2012-16	ACCEPTED	File:2012 Korean GP Lotus Ferrari.jpg	CC BY 2.0
2012-16	ACCEPTED	File:2012 MARUSSIA AT THE YEONGAM GRAND PRIX SOUTH KOREA OCT 2012 (8213003525).jpg	CC BY-SA 2.0
2012-16	ACCEPTED	File:2012 MCLAREN AT THE YEONGAM GRAND PRIX SOUTH KOREA OCT (8214048622).jpg	CC BY-SA 2.0
2012-16	ACCEPTED	File:2012 RED BULL AT THE YEONGAM GRAND PRIX SOUTH KOREA OCT (8213005547).jpg	CC BY-SA 2.0
2012-16	ACCEPTED	File:2012 YEONGAM GRAND PRIX SOUTH KOREA OCT (8214094550).jpg	CC BY-SA 2.0
2012-16	ACCEPTED	File:RENAULT LOTUS AT THE YEONGAM GRAND PRIX SOUTH KOREA OCT 2012 (8212961167).jpg	CC BY-SA 2.0
2012-16	ACCEPTED	File:YEONGAM FORMULA ONE GRAND PRIX SOUTH KOREA OCT 2012 (8214143748).jpg	CC BY-SA 2.0
2012-16	ACCEPTED	File:YEONGAM KOREAN GRAND PRIX OCT 2012 (8169536114).jpg	CC BY-SA 2.0
2012-17	ACCEPTED	File:Rundentabelle GP Indien 2012.jpg	CC BY-SA 3.0
2012-18	ACCEPTED	File:2012 Abu Dhabi GP Winner.jpg	CC BY 2.0
2012-18	ACCEPTED	File:A6-EHJ A340-600 Etihad F1 (6896908315).jpg	CC BY-SA 2.0
2012-18	ACCEPTED	File:Rundentabelle ABU2012.jpg	CC BY-SA 3.0
2012-19	ACCEPTED	File:2012 USA GP circuit panorama.jpg	CC BY 2.0
2012-19	ACCEPTED	File:Collective Soul, Circuit of the Americas Tower Amphitheater, Austin, TX USA, November, 17 2012.jpg	CC BY-SA 3.0
2012-19	ACCEPTED	File:Crowds at Circuit of the Americas.jpg	CC BY-SA 3.0
2012-19	ACCEPTED	File:F1-usgp-2012-crowds-austin-texas.jpg	CC BY-SA 3.0
2012-19	ACCEPTED	File:Fernando Alonso USA GP 2012.jpg	CC BY 2.0
2012-19	ACCEPTED	File:Jenson Button 2012 USA.jpg	CC BY 2.0
2012-19	ACCEPTED	File:Tower at Circuit of the Americas.jpg	CC BY-SA 3.0
2012-19	ACCEPTED	File:US Grand Prix 2012 (8227888953).jpg	CC BY 2.0
2012-19	ACCEPTED	File:US Grand Prix 2012 (8228959988).jpg	CC BY 2.0
2012-19	ACCEPTED	File:United States Grand Prix - Friday Practice (8191171263).jpg	CC BY-SA 2.0
2012-19	ACCEPTED	File:United States Grand Prix - Friday Practice (8191171451).jpg	CC BY-SA 2.0
2012-19	ACCEPTED	File:United States Grand Prix - Friday Practice (8191171647).jpg	CC BY-SA 2.0
2012-20	ACCEPTED	File:Alonso 2012 brazil.jpg	CC BY-SA 2.0
2012-20	ACCEPTED	File:Hamilton 2012 brazil retire.jpg	CC BY-SA 2.0
2012-20	ACCEPTED	File:Mark Webber (19224059).jpeg	CC BY 3.0
2012-20	ACCEPTED	File:Start 2012 brazil GP.jpg	CC BY-SA 2.0
2013-01	ACCEPTED	File:2013 Australian GP - McLaren FP.jpg	CC BY-SA 2.0
2013-01	ACCEPTED	File:2013 Australian GP - Toro Rosso 2.jpg	CC BY-SA 2.0
2013-01	ACCEPTED	File:2013 Australian GP - Toro Rosso FP.jpg	CC BY-SA 2.0
2013-01	ACCEPTED	File:2013AusF1GPQ.jpg	CC BY-SA 4.0
2013-01	ACCEPTED	File:Giedo van der Garde 2013 Australia.jpg	CC BY 2.0
2013-01	ACCEPTED	File:JB17.jpg	CC BY-SA 4.0
2013-02	ACCEPTED	File:Adrian Sutil 2013 Malaysia FP1.jpg	CC BY-SA 3.0
2013-02	ACCEPTED	File:Adrian Sutil 2013 Malaysia FP2.jpg	CC BY-SA 3.0
2013-02	ACCEPTED	File:Charles Pic 2013 Malaysia FP1.jpg	CC BY-SA 3.0
2013-02	ACCEPTED	File:Charles Pic 2013 Malaysia FP2.jpg	CC BY-SA 3.0
2013-02	ACCEPTED	File:Daniel Ricciardo 2013 Malaysia FP2 1.jpg	CC BY-SA 3.0
2013-02	ACCEPTED	File:Daniel Ricciardo 2013 Malaysia FP2 2.jpg	CC BY-SA 3.0
2013-02	ACCEPTED	File:Esteban Gutierrez 2013 Malaysia FP1.jpg	CC BY-SA 3.0
2013-02	ACCEPTED	File:Esteban Gutierrez 2013 Malaysia FP2.jpg	CC BY-SA 3.0
2013-02	ACCEPTED	File:Felipe Massa 2013 Malaysia FP2 1.jpg	CC BY-SA 3.0
2013-02	ACCEPTED	File:Felipe Massa 2013 Malaysia FP2 2.jpg	CC BY-SA 3.0
2013-02	ACCEPTED	File:Fernando Alonso 2013 Malaysia FP1.jpg	CC BY-SA 3.0
2013-02	ACCEPTED	File:Fernando Alonso 2013 Malaysia FP2.jpg	CC BY-SA 3.0
2013-03	ACCEPTED	File:" 13 - Italian F1 Open-wheel car - Ferrari - monoposto - Alonso su Ferrari F138.jpg	CC BY-SA 2.0
2013-03	ACCEPTED	File:2013 Formula 1 Chinese Grand Prix (8651356783).jpg	CC BY-SA 2.0
2013-03	ACCEPTED	File:2013 Formula 1 Chinese Grand Prix (8651381771).jpg	CC BY-SA 2.0
2013-03	ACCEPTED	File:2013 Formula 1 Chinese Grand Prix DSC0676 (8753611696).jpg	CC BY-SA 2.0
2013-03	ACCEPTED	File:2013 Formula 1 Chinese Grand Prix DSC0848 (8651292897).jpg	CC BY-SA 2.0
2013-03	ACCEPTED	File:2013 Formula 1 Chinese Grand Prix DSC8059 (8753609450).jpg	CC BY-SA 2.0
2013-03	ACCEPTED	File:2013 Formula 1 Chinese Grand Prix DSC8520 (8752477503).jpg	CC BY-SA 2.0
2013-03	ACCEPTED	File:2013 Formula 1 Chinese Grand Prix DSC8858 (8752473679).jpg	CC BY-SA 2.0
2013-03	ACCEPTED	File:A three-Wheel Red Bull, tragedy weekend for Webber (8651319343).jpg	CC BY-SA 2.0
2013-03	ACCEPTED	File:A three-Wheel Red Bull, tragedy weekend for Webber (8651327641).jpg	CC BY-SA 2.0
2013-03	ACCEPTED	File:A three-Wheel Red Bull, tragedy weekend for Webber (8652413900).jpg	CC BY-SA 2.0
2013-03	ACCEPTED	File:A three-Wheel Red Bull, tragedy weekend for Webber (8652423746).jpg	CC BY-SA 2.0
2013-04	ACCEPTED	File:Alexander Rossi 2013-04-17 001.jpg	Public domain
2013-04	ACCEPTED	File:Alexander Rossi 2013-04-17 002.jpg	Public domain
2013-04	ACCEPTED	File:Alexander Rossi 2013-04-17 003.jpg	Public domain
2013-04	ACCEPTED	File:Alexander Rossi 2013-04-17 004.jpg	Public domain
2013-04	ACCEPTED	File:Anti-F1 protester (2).JPG	CC BY-SA 3.0
2013-04	ACCEPTED	File:Anti-F1 protester.JPG	CC BY-SA 3.0
2013-05	ACCEPTED	File:Circuito de montmelo desde grada A.jpg	CC BY-SA 3.0
2013-06	ACCEPTED	File:2013 Monaco Grand Prix - Sunday (15272209777).jpg	CC BY-SA 2.0
2013-06	ACCEPTED	File:2013 Monaco Grand Prix - Sunday (15272256597).jpg	CC BY-SA 2.0
2013-06	ACCEPTED	File:2013 Monaco Grand Prix - Sunday.jpg	CC BY-SA 2.0
2013-06	ACCEPTED	File:2013 Monaco Grand Prix - Thursday (15272047859).jpg	CC BY-SA 2.0
2013-06	ACCEPTED	File:2013 Monaco Grand Prix - Thursday (15458839005).jpg	CC BY-SA 2.0
2013-06	ACCEPTED	File:DSC02526 (14240559992).jpg	CC BY 2.0
2013-06	ACCEPTED	File:DSC02634 (14219643116).jpg	CC BY 2.0
2013-06	ACCEPTED	File:DSC02644 (14240565822).jpg	CC BY 2.0
2013-06	ACCEPTED	File:DSC02674 (14056155849).jpg	CC BY 2.0
2013-06	ACCEPTED	File:DSC02675 (14242496694).jpg	CC BY 2.0
2013-06	ACCEPTED	File:DSC02708 (14240571172).jpg	CC BY 2.0
2013-06	ACCEPTED	File:DSC02725 (14240577052).jpg	CC BY 2.0
2013-07	ACCEPTED	File:Alonso pit.jpg	CC BY 2.0
2013-07	ACCEPTED	File:Racing cars day on Notre-Dame Island - panoramio.jpg	CC BY 3.0
2013-07	ACCEPTED	File:Racing cars of Formula One Canada - panoramio.jpg	CC BY 3.0
2013-08	ACCEPTED	File:11 Hulkenburg (9186419990).jpg	CC BY 2.0
2013-08	ACCEPTED	File:12 Gutierrez (9184186803).jpg	CC BY 2.0
2013-08	ACCEPTED	File:14 Di Resta (9184174995).jpg	CC BY 2.0
2013-08	ACCEPTED	File:15 Sutil (9186390642).jpg	CC BY 2.0
2013-08	ACCEPTED	File:16 Maldonado (9186376054).jpg	CC BY 2.0
2013-08	ACCEPTED	File:16 Maldonado Wet (9186385580).jpg	CC BY 2.0
2013-08	ACCEPTED	File:17 Bottas (9184134359).jpg	CC BY 2.0
2013-08	ACCEPTED	File:17 Bottas (9186363448).jpg	CC BY 2.0
2013-08	ACCEPTED	File:18 Vergne (9184122275).jpg	CC BY 2.0
2013-08	ACCEPTED	File:19 Ricciardo (9184116779).jpg	CC BY 2.0
2013-08	ACCEPTED	File:19 Ricciardo (9186325638).jpg	CC BY 2.0
2013-08	ACCEPTED	File:20 Pic (9186315546).jpg	CC BY 2.0
2013-09	ACCEPTED	File:Bianchi 2013 German GP.jpg	CC BY-SA 2.0
2013-09	ACCEPTED	File:Sauber F1 Nürburgring 2013 Nico Hülkenberg-crop.jpg	CC BY-SA 3.0
2013-09	ACCEPTED	File:Sauber F1 Nürburgring 2013 Nico Hülkenberg.jpg	CC BY-SA 3.0
2013-11	ACCEPTED	File:Circuit de Spa-Francorchamps (1).jpg	CC BY-SA 2.0
2013-11	ACCEPTED	File:Circuit de Spa-Francorchamps (2).jpg	CC BY-SA 2.0
2013-11	ACCEPTED	File:F1 2013 Belgian Grand Prix - Alonso at Q1.jpg	CC BY-SA 3.0
2013-11	ACCEPTED	File:F1 2013 Belgian Grand Prix - Hülkenberg.jpg	CC BY-SA 3.0
2013-11	ACCEPTED	File:F1 2013 Belgian Grand Prix - Sebastian Vettel.jpg	CC BY-SA 3.0
2013-11	ACCEPTED	File:F1 2013 Belgian Grand Prix - Start.jpg	CC BY-SA 3.0
2013-11	ACCEPTED	File:F1 2013 Belgian Grand Prix - Vettel wins.jpg	CC BY-SA 3.0
2013-11	ACCEPTED	File:F1 2013 Belgian Grand Prix - Webber at second Practice Session.jpg	CC BY-SA 3.0
2013-11	ACCEPTED	File:FIA F1 Belgium 2013 Nr. 1 Vettel.jpg	CC BY-SA 4.0
2013-11	ACCEPTED	File:FIA F1 Belgium 2013 Nr. 10 Hamilton.jpg	CC BY-SA 4.0
2013-11	ACCEPTED	File:FIA F1 Belgium 2013 Nr. 12 Gutierrez.jpg	CC BY-SA 4.0
2013-11	ACCEPTED	File:FIA F1 Belgium 2013 Nr. 14 Di Resta.jpg	CC BY-SA 4.0
2013-12	ACCEPTED	File:2013 Italian GP - Button.jpg	CC BY 2.0
2013-12	ACCEPTED	File:2013 Italian GP - Kimi.jpg	CC BY 2.0
2013-12	ACCEPTED	File:2013 Italian GP - Maldonado.jpg	CC BY 2.0
2013-12	ACCEPTED	File:2013 Italian GP - Massa.jpg	CC BY 2.0
2013-12	ACCEPTED	File:2013 Italian GP - Vettel.jpg	CC BY 2.0
2013-12	ACCEPTED	File:2013 Italian GP - Webber-Hulkenberg.jpg	CC BY 2.0
2013-12	ACCEPTED	File:Heikki Kovalainen F.P. Monza 2013.jpg	CC BY 3.0
2013-12	ACCEPTED	File:Prove F.1 - 84° Gran Premio d'Italia 2013 - Monza - 06-09-2013 (9699606519).jpg	CC BY-SA 2.0
2013-12	ACCEPTED	File:Prove F.1 - 84° Gran Premio d'Italia 2013 - Monza - 06-09-2013 (9699611789).jpg	CC BY-SA 2.0
2013-12	ACCEPTED	File:Prove F.1 - 84° Gran Premio d'Italia 2013 - Monza - 06-09-2013 (9699616113).jpg	CC BY-SA 2.0
2013-12	ACCEPTED	File:Prove F.1 - 84° Gran Premio d'Italia 2013 - Monza - 06-09-2013 (9699620183).jpg	CC BY-SA 2.0
2013-12	ACCEPTED	File:Prove F.1 - 84° Gran Premio d'Italia 2013 - Monza - 06-09-2013 (9699624319).jpg	CC BY-SA 2.0
2013-13	ACCEPTED	File:Formula One Grand Prix Singapore 2013 - Ferrari 1.jpg	CC BY-SA 4.0
2013-13	ACCEPTED	File:Formula One Grand Prix Singapore 2013 - Ferrari 2.jpg	CC BY-SA 4.0
2013-13	ACCEPTED	File:Formula One Grand Prix Singapore 2013 - Ferrari 3.jpg	CC BY-SA 4.0
2013-13	ACCEPTED	File:Formula One Grand Prix Singapore 2013 - Force India 2.jpg	CC BY-SA 4.0
2013-13	ACCEPTED	File:Formula One Grand Prix Singapore 2013 - Force India.jpg	CC BY-SA 4.0
2013-13	ACCEPTED	File:Formula One Grand Prix Singapore 2013 - Mercedes 1.jpg	CC BY-SA 4.0
2013-13	ACCEPTED	File:Formula One Grand Prix Singapore 2013 - Mercedes 2.jpg	CC BY-SA 4.0
2013-13	ACCEPTED	File:Formula One Grand Prix Singapore 2013 - Sauber Ferrari 2.jpg	CC BY-SA 4.0
2013-13	ACCEPTED	File:Formula One Grand Prix Singapore 2013 - Sauber Ferrari 3.jpg	CC BY-SA 4.0
2013-13	ACCEPTED	File:Formula One Grand Prix Singapore 2013 - Sauber Ferrari.jpg	CC BY-SA 4.0
2013-13	ACCEPTED	File:Formula One Grand Prix Singapore 2013 - Sebastian Vettel in Red Bull Renault 1.jpg	CC BY-SA 4.0
2013-13	ACCEPTED	File:Formula One Grand Prix Singapore 2013 - Sebastian Vettel on screen.jpg	CC BY-SA 4.0
2013-15	ACCEPTED	File:2013 Japanese Grand Prix IMG 6141 (17592013540).jpg	CC BY 2.0
2013-15	ACCEPTED	File:2013 Japanese Grand Prix IMG 6146 (17592012130).jpg	CC BY 2.0
2013-15	ACCEPTED	File:2013 Japanese Grand Prix IMG 6147 (17779994101).jpg	CC BY 2.0
2013-15	ACCEPTED	File:2013 Japanese Grand Prix IMG 6150 (17779920681).jpg	CC BY 2.0
2013-15	ACCEPTED	File:2013 Japanese Grand Prix IMG 6161 (17591752478).jpg	CC BY 2.0
2013-15	ACCEPTED	File:2013 Japanese Grand Prix IMG 6165 (17779918181).jpg	CC BY 2.0
2013-15	ACCEPTED	File:2013 Japanese Grand Prix IMG 6166 (17753238666).jpg	CC BY 2.0
2013-15	ACCEPTED	File:2013 Japanese Grand Prix IMG 6174 (17593283949).jpg	CC BY 2.0
2013-15	ACCEPTED	File:2013 Japanese Grand Prix IMG 6175 (17753168266).jpg	CC BY 2.0
2013-15	ACCEPTED	File:2013 Japanese Grand Prix IMG 6176 (17776839622).jpg	CC BY 2.0
2013-15	ACCEPTED	File:2013 Japanese Grand Prix IMG 6188 (17157050614).jpg	CC BY 2.0
2013-15	ACCEPTED	File:2013 Japanese Grand Prix IMG 6190 (17779521405).jpg	CC BY 2.0
2013-16	ACCEPTED	File:Indian Grand Prix 2013 (Ank Kumar, Infosys Limited) 01.jpg	CC BY-SA 4.0
2013-16	ACCEPTED	File:Indian Grand Prix 2013 (Ank Kumar, Infosys Limited) 02.jpg	CC BY-SA 4.0
2013-16	ACCEPTED	File:Indian Grand Prix 2013 (Ank Kumar, Infosys Limited) 03.jpg	CC BY-SA 4.0
2013-16	ACCEPTED	File:Indian Grand Prix 2013 (Ank Kumar, Infosys Limited) 04.jpg	CC BY-SA 4.0
2013-16	ACCEPTED	File:Indian Grand Prix 2013 (Ank Kumar, Infosys Limited) 05.jpg	CC BY-SA 4.0
2013-16	ACCEPTED	File:Indian Grand Prix 2013 (Ank Kumar, Infosys Limited) 06.jpg	CC BY-SA 4.0
2013-16	ACCEPTED	File:Indian Grand Prix 2013 (Ank Kumar, Infosys Limited) 07.jpg	CC BY-SA 4.0
2013-16	ACCEPTED	File:Indian Grand Prix 2013 (Ank Kumar, Infosys Limited) 08.jpg	CC BY-SA 4.0
2013-16	ACCEPTED	File:Indian Grand Prix 2013 (Ank Kumar, Infosys Limited) 09.jpg	CC BY-SA 4.0
2013-16	ACCEPTED	File:Indian Grand Prix 2013 (Ank Kumar, Infosys Limited) 10.jpg	CC BY-SA 4.0
2013-16	ACCEPTED	File:Indian Grand Prix 2013 (Ank Kumar, Infosys Limited) 11.jpg	CC BY-SA 4.0
2013-16	ACCEPTED	File:Indian Grand Prix 2013 (Ank Kumar, Infosys Limited) 12.jpg	CC BY-SA 4.0
2013-17	ACCEPTED	File:Jules Bianchi's helmet.jpg	CC BY 2.0
2013-18	ACCEPTED	File:Alexander Rossi 2013 US GP FOTA Forum 001.jpg	CC BY-SA 2.0
2013-18	ACCEPTED	File:Alonzo Ferrari (11121836485).jpg	CC BY-SA 2.0
2013-18	ACCEPTED	File:Copa Tower (11121910464).jpg	CC BY-SA 2.0
2013-18	ACCEPTED	File:Fanfest-1 (10881367434).jpg	CC BY-SA 2.0
2013-18	ACCEPTED	File:Fanfest-10 (10881326906).jpg	CC BY-SA 2.0
2013-18	ACCEPTED	File:Fanfest-11 (10881300625).jpg	CC BY-SA 2.0
2013-18	ACCEPTED	File:Fanfest-12 (10881459864).jpg	CC BY-SA 2.0
2013-18	ACCEPTED	File:Fanfest-13 (10881466564).jpg	CC BY-SA 2.0
2013-18	ACCEPTED	File:Fanfest-2 (10881376764).jpg	CC BY-SA 2.0
2013-18	ACCEPTED	File:Fanfest-3 (10881233405).jpg	CC BY-SA 2.0
2013-18	ACCEPTED	File:Fanfest-4 (10881391594).jpg	CC BY-SA 2.0
2013-18	ACCEPTED	File:Fanfest-5 (10881562043).jpg	CC BY-SA 2.0
2013-19	ACCEPTED	File:Akyra nos Boxes da Paddock de Interlagos Sao Paulo.jpg	CC BY-SA 3.0
2013-19	ACCEPTED	File:Allianz VIP Lounge (11075772615).jpg	CC BY 2.0
2013-19	ACCEPTED	File:Allianz VIP Lounge (11075796685).jpg	CC BY 2.0
2013-19	ACCEPTED	File:Allianz VIP Lounge (11075852214).jpg	CC BY 2.0
2013-19	ACCEPTED	File:Allianz VIP Lounge (11075884194).jpg	CC BY 2.0
2013-19	ACCEPTED	File:Allianz VIP Lounge (11075914556).jpg	CC BY 2.0
2013-19	ACCEPTED	File:Allianz VIP Lounge (11075925333).jpg	CC BY 2.0
2013-19	ACCEPTED	File:Allianz VIP Lounge (11075940844).jpg	CC BY 2.0
2013-19	ACCEPTED	File:Allianz VIP Lounge (11075976913).jpg	CC BY 2.0
2013-19	ACCEPTED	File:Allianz VIP Lounge (11076023833).jpg	CC BY 2.0
2013-19	ACCEPTED	File:Allianz VIP Lounge (11076046923).jpg	CC BY 2.0
2013-19	ACCEPTED	File:Allianz VIP Lounge (11076056835).jpg	CC BY 2.0
2014-01	ACCEPTED	File:2014 Australian F1 Grand Prix (13124789705).jpg	CC BY 2.0
2014-01	ACCEPTED	File:2014 Australian F1 Grand Prix (13124844725).jpg	CC BY 2.0
2014-01	ACCEPTED	File:2014 Australian F1 Grand Prix (13124861805).jpg	CC BY 2.0
2014-01	ACCEPTED	File:2014 Australian F1 Grand Prix (13124869675).jpg	CC BY 2.0
2014-01	ACCEPTED	File:2014 Australian F1 Grand Prix (13124882685).jpg	CC BY 2.0
2014-01	ACCEPTED	File:2014 Australian F1 Grand Prix (13124890045).jpg	CC BY 2.0
2014-01	ACCEPTED	File:2014 Australian F1 Grand Prix (13124892365).jpg	CC BY 2.0
2014-01	ACCEPTED	File:2014 Australian F1 Grand Prix (13124897485).jpg	CC BY 2.0
2014-01	ACCEPTED	File:2014 Australian F1 Grand Prix (13124899313).jpg	CC BY 2.0
2014-01	ACCEPTED	File:2014 Australian F1 Grand Prix (13124908433).jpg	CC BY 2.0
2014-01	ACCEPTED	File:2014 Australian F1 Grand Prix (13124915535).jpg	CC BY 2.0
2014-01	ACCEPTED	File:2014 Australian F1 Grand Prix (13124923125).jpg	CC BY 2.0
2014-02	ACCEPTED	File:Daniel Ricciardo (66685775).jpeg	CC BY-SA 3.0
2014-03	ACCEPTED	File:2014 Formula 1 Gulf Air Bahrain Grand Prix (13712428375).jpg	CC BY-SA 2.0
2014-03	ACCEPTED	File:2014 Formula 1 Gulf Air Bahrain Grand Prix (13712429605).jpg	CC BY-SA 2.0
2014-03	ACCEPTED	File:2014 Formula 1 Gulf Air Bahrain Grand Prix (13712431653).jpg	CC BY-SA 2.0
2014-03	ACCEPTED	File:2014 Formula 1 Gulf Air Bahrain Grand Prix (13712441203).jpg	CC BY-SA 2.0
2014-03	ACCEPTED	File:2014 Formula 1 Gulf Air Bahrain Grand Prix (13712456535).jpg	CC BY-SA 2.0
2014-03	ACCEPTED	File:2014 Formula 1 Gulf Air Bahrain Grand Prix (13712457785).jpg	CC BY-SA 2.0
2014-03	ACCEPTED	File:2014 Formula 1 Gulf Air Bahrain Grand Prix (13712461235).jpg	CC BY-SA 2.0
2014-03	ACCEPTED	File:2014 Formula 1 Gulf Air Bahrain Grand Prix (13712464823).jpg	CC BY-SA 2.0
2014-03	ACCEPTED	File:2014 Formula 1 Gulf Air Bahrain Grand Prix (13712464975).jpg	CC BY-SA 2.0
2014-03	ACCEPTED	File:2014 Formula 1 Gulf Air Bahrain Grand Prix (13712467293).jpg	CC BY-SA 2.0
2014-03	ACCEPTED	File:2014 Formula 1 Gulf Air Bahrain Grand Prix (13712467335).jpg	CC BY-SA 2.0
2014-03	ACCEPTED	File:2014 Formula 1 Gulf Air Bahrain Grand Prix (13712468263).jpg	CC BY-SA 2.0
2014-04	ACCEPTED	File:2014 Chinese Grand Prix - Drivers' Parade.jpg	CC BY 2.0
2014-04	ACCEPTED	File:2014 Chinese Grand Prix - Start of the race.jpg	CC BY 2.0
2014-04	ACCEPTED	File:2014 Chinese Grand Prix post-race podium - Lewis Hamilton, Nico Rosberg & Fernando Alonso.jpg	CC BY 2.0
2014-04	ACCEPTED	File:Daniel Ricciardo before the formation lap of the 2014 Chinese Grand Prix.jpg	CC BY 2.0
2014-04	ACCEPTED	File:Daniil Kvyat 2014 China FP1.jpg	CC BY-SA 2.0
2014-04	ACCEPTED	File:Daniil Kvyat 2014 China Race.jpg	CC BY-SA 2.0
2014-04	ACCEPTED	File:Felipe Massa 2014 China Race.jpg	CC BY-SA 2.0
2014-04	ACCEPTED	File:Ferrari F14 T Kimi Raikkonen 2014 F1 Chinese GP.jpg	CC BY-SA 2.0
2014-04	ACCEPTED	File:Formula One spectators at the 2014 Chinese Grand Prix.jpg	CC BY 2.0
2014-04	ACCEPTED	File:Kamui Kobayashi overtaking Jules Bianchi 2014 China.jpg	CC BY-SA 2.0
2014-04	ACCEPTED	File:Lewis Hamilton - 2014 Chinese Grand Prix start.jpg	CC BY 2.0
2014-04	ACCEPTED	File:Lewis Hamilton 2014 China Race.jpg	CC BY-SA 2.0
2014-05	ACCEPTED	File:Alonsospa.jpeg	CC BY-SA 3.0
2014-05	ACCEPTED	File:Daniel Ricciardo (14191204502).jpg	CC BY 2.0
2014-05	ACCEPTED	File:Gutiérrez Turn 1 Spanish GP 2014 (14170605056) (cropped).jpg	CC BY 2.0
2014-05	ACCEPTED	File:Lewis Hamilton (14007100330).jpg	CC BY 2.0
2014-05	ACCEPTED	File:Lewis Hamilton and Romain Grosjean (14007167797).jpg	CC BY 2.0
2014-05	ACCEPTED	File:Mercedes (14170602506).jpg	CC BY 2.0
2014-05	ACCEPTED	File:Sebastian Vettel (14213821433).jpg	CC BY 2.0
2014-05	ACCEPTED	File:Track walk (14007171787).jpg	CC BY 2.0
2014-05	ACCEPTED	File:Turn 1 Spanish GP 2014 (14170605056).jpg	CC BY 2.0
2014-05	ACCEPTED	File:Turn 1 Spanish GP 2014 (14193717305).jpg	CC BY 2.0
2014-06	ACCEPTED	File:Adrian Sutil - Sauber C33 - 2014 Monaco Grand Prix.jpg	CC BY-SA 3.0
2014-06	ACCEPTED	File:Alonso 2014 Monaco Grand Prix 2.jpg	CC BY-SA 3.0
2014-06	ACCEPTED	File:Alonso 2014 Monaco Grand Prix.jpg	CC BY-SA 3.0
2014-06	ACCEPTED	File:Claire Williams Monaco 2014.jpg	CC BY-SA 2.0
2014-06	ACCEPTED	File:Ericsson 2014 Monaco Grand Prix.jpg	CC BY-SA 3.0
2014-06	ACCEPTED	File:Magnussen 2014 Monaco Grand Prix.jpg	CC BY-SA 3.0
2014-06	ACCEPTED	File:Monaco GP 2014 preparing.JPG	CC BY-SA 3.0
2014-06	ACCEPTED	File:Monaco preparing for grand prix.JPG	CC BY-SA 3.0
2014-06	ACCEPTED	File:Rob Smedley & Felipe Massa, Monaco 2014, 01.jpg	CC BY 2.0
2014-06	ACCEPTED	File:Rob Smedley & Felipe Massa, Monaco 2014, 02.jpg	CC BY 2.0
2014-06	ACCEPTED	File:Rob Smedley & Felipe Massa, Monaco 2014, 03.jpg	CC BY 2.0
2014-06	ACCEPTED	File:Rob Smedley & Felipe Massa, Monaco 2014, 04.jpg	CC BY 2.0
2014-08	ACCEPTED	File:Fahrerlager GP Österreich 2014.jpg	CC BY-SA 4.0
2014-08	ACCEPTED	File:Tribüne zweite Gerade GP 2014.jpg	CC BY-SA 4.0
2014-09	ACCEPTED	File:3rd Place - Daniel Ricciardo (14918098746).jpg	CC BY 2.0
2014-09	ACCEPTED	File:A day at the races (14848224222).jpg	CC BY 2.0
2014-09	ACCEPTED	File:Becketts Grandstand Panorama (14607924855).jpg	CC BY 2.0
2014-09	ACCEPTED	File:Campers (14668902000).jpg	CC BY 2.0
2014-09	ACCEPTED	File:Close racing (14428372618).jpg	CC BY 2.0
2014-09	ACCEPTED	File:Daniil Kvyat 2014 British GP 001.jpg	CC BY 2.0
2014-09	ACCEPTED	File:Daniil Kvyat 2014 British GP 002 (cropped).jpg	CC BY 2.0
2014-09	ACCEPTED	File:Daniil Kvyat 2014 British GP 003.jpg	CC BY 2.0
2014-09	ACCEPTED	File:Daniil Kvyat 2014 British GP 004.jpg	CC BY 2.0
2014-09	ACCEPTED	File:Drivers' parade lap (14611734301).jpg	CC BY 2.0
2014-09	ACCEPTED	File:Drivers' parade lap (14611734761).jpg	CC BY 2.0
2014-09	ACCEPTED	File:End of an great weekend at the races (14754473389).jpg	CC BY 2.0
2014-10	ACCEPTED	File:20140717Hockenheim1.jpg	CC0
2014-10	ACCEPTED	File:German Grand Prix (14701360805).jpg	CC BY 2.0
2014-10	ACCEPTED	File:Hockenheim 2014 - Bottas leading Hamilton.JPG	CC BY-SA 4.0
2014-10	ACCEPTED	File:Hockenheim 2014 - Hamilton qualifying crash.JPG	CC BY-SA 4.0
2014-10	ACCEPTED	File:Kimi Raikkonen - Turn 1 of the Hockenheimring - 2014 German Grand Prix.jpg	CC BY 2.0
2014-10	ACCEPTED	File:Red Bull Racing (14705206455).jpg	CC BY 2.0
2014-12	ACCEPTED	File:Alexander Rossi (15001074595).jpg	CC BY 2.0
2014-13	ACCEPTED	File:Daniel at 2014 Italian Grand Prix (01).jpg	CC BY 2.0
2014-13	ACCEPTED	File:Daniel at 2014 Italian Grand Prix (02).jpg	CC BY 2.0
2014-13	ACCEPTED	File:Daniel at 2014 Italian Grand Prix (03) (cropped).jpg	CC BY 2.0
2014-13	ACCEPTED	File:Daniel at 2014 Italian Grand Prix (04).jpg	CC BY 2.0
2014-13	ACCEPTED	File:Daniel at 2014 Italian Grand Prix (05).jpg	CC BY 2.0
2014-13	ACCEPTED	File:Daniel at 2014 Italian Grand Prix (06).jpg	CC BY 2.0
2014-13	ACCEPTED	File:Daniel at 2014 Italian Grand Prix (07).jpg	CC BY 2.0
2014-13	ACCEPTED	File:Daniel at 2014 Italian Grand Prix (08).jpg	CC BY 2.0
2014-13	ACCEPTED	File:Daniel at 2014 Italian Grand Prix (09).jpg	CC BY 2.0
2014-13	ACCEPTED	File:Daniel at 2014 Italian Grand Prix (10).jpg	CC BY 2.0
2014-13	ACCEPTED	File:Felipe Massa podium - 2014 Italian Grand Prix (01).jpg	CC BY 2.0
2014-13	ACCEPTED	File:Felipe Massa podium - 2014 Italian Grand Prix (02).jpg	CC BY 2.0
2014-14	ACCEPTED	File:Adrian Sutil 2014 Singapore FP1.jpg	CC BY-SA 4.0
2014-14	ACCEPTED	File:Adrian Sutil 2014 Singapore FP2.jpg	CC BY-SA 4.0
2014-14	ACCEPTED	File:Caterham CT05 front nose 2014 Singapore.jpg	CC BY-SA 4.0
2014-14	ACCEPTED	File:Caterham pit box 2014 Singapore.jpg	CC BY-SA 4.0
2014-14	ACCEPTED	File:Daniel Ricciardo 2014 Singapore FP1.jpg	CC BY-SA 4.0
2014-14	ACCEPTED	File:Daniel Ricciardo 2014 Singapore FP2.jpg	CC BY-SA 4.0
2014-14	ACCEPTED	File:Daniil Kvyat 2014 Singapore FP1.jpg	CC BY-SA 4.0
2014-14	ACCEPTED	File:Daniil Kvyat 2014 Singapore FP2.jpg	CC BY-SA 4.0
2014-14	ACCEPTED	File:Esteban Gutierrez 2014 Singapore FP1.jpg	CC BY-SA 4.0
2014-14	ACCEPTED	File:Esteban Gutierrez 2014 Singapore FP2.jpg	CC BY-SA 4.0
2014-14	ACCEPTED	File:Felipe Massa 2014 Singapore FP1.jpg	CC BY-SA 4.0
2014-14	ACCEPTED	File:Felipe Massa 2014 Singapore FP2.jpg	CC BY-SA 4.0
2014-15	ACCEPTED	File:Caterham, No.10 Kamui Kobayashi (15523600467).jpg	CC BY-SA 2.0
2014-15	ACCEPTED	File:Caterham, No.10 Kamui Kobayashi (2) (15531214278).jpg	CC BY-SA 2.0
2014-15	ACCEPTED	File:Daniil Kvyat- Toro Rosso STR9.jpg	CC BY 2.0
2014-15	ACCEPTED	File:F1 2014 JAP Lewis Hamilton 4968.jpg	CC BY-SA 2.0
2014-15	ACCEPTED	File:Felipe Massa - 2014 Japanese Grand Prix - Free Practice 1.jpg	CC BY-SA 2.0
2014-15	ACCEPTED	File:Ferrari, No.14 Fernando Alonso (15716661525).jpg	CC BY-SA 2.0
2014-15	ACCEPTED	File:Force India, No.27 Nico Hulkenberg (15539385120).jpg	CC BY-SA 2.0
2014-15	ACCEPTED	File:Hamilton crash qualifying.jpg	CC BY 2.0
2014-15	ACCEPTED	File:Hülkenberg japan 2014 fp (cropped).jpg	CC BY 2.0
2014-15	ACCEPTED	File:Lotus, No.13 Pastor Maldonado (15414187967).jpg	CC BY-SA 2.0
2014-15	ACCEPTED	File:Lotus, No.8 Romain Grosjean (14979425074).jpg	CC BY-SA 2.0
2014-15	ACCEPTED	File:Marussia, No.4 Max Chilton (1) (15405697018).jpg	CC BY-SA 2.0
2014-16	ACCEPTED	File:Al'Khalifa Putin Ecclestone.jpeg	CC BY 4.0
2014-16	ACCEPTED	File:BolidF1Sochi.jpg	CC BY-SA 3.0
2014-16	ACCEPTED	File:F1 Grand Prix Russia 2014 start lane.jpg	CC BY 4.0
2014-16	ACCEPTED	File:GranPrixRussia2014 box.jpeg	CC BY 4.0
2014-16	ACCEPTED	File:GranPrixRussia2014 winners.jpeg	CC BY 4.0
2014-16	ACCEPTED	File:Hamilton and Putin.jpg	CC BY 4.0
2014-16	ACCEPTED	File:Kimi Raikkonen 46776.jpeg	CC BY 4.0
2014-16	ACCEPTED	File:Nico Rosberg Russian Grand Prix 2014.jpg	CC BY 4.0
2014-16	ACCEPTED	File:Vladimir Putin and Bernie Ecclestone 46776.jpeg	CC BY 4.0
2014-17	ACCEPTED	File:2014 Lotus F1 (15564958877).jpg	CC BY 2.0
2014-17	ACCEPTED	File:2014 McLaren Mercedes F1 MP4-29 (15565305960).jpg	CC BY 2.0
2014-17	ACCEPTED	File:2014 Mercedes AMG F1 Lewis Hamilton (15750115295).jpg	CC BY 2.0
2014-17	ACCEPTED	File:2014 Mercedes AMG F1 Nico Rosberg (15130172794).jpg	CC BY 2.0
2014-17	ACCEPTED	File:2014 Red Bull Racing F1 (15726416316).jpg	CC BY 2.0
2014-17	ACCEPTED	File:2014 Sauber F1 Crash (15564685768).jpg	CC BY 2.0
2014-17	ACCEPTED	File:2014 Scuderia Ferrari F1 (15564687478).jpg	CC BY 2.0
2014-17	ACCEPTED	File:2014 Scuderia Toro Rosso F1 (15751659492).jpg	CC BY 2.0
2014-17	ACCEPTED	File:2014 US Grand Prix Pole Sitter Nico Rosberg (15663127026).jpg	CC BY 2.0
2014-17	ACCEPTED	File:DaniilKyvatT2 (15706160201).jpg	CC BY 2.0
2014-17	ACCEPTED	File:End of Race (15131151983).jpg	CC BY 2.0
2014-17	ACCEPTED	File:F1 Photographer (15565733730).jpg	CC BY 2.0
2014-19	ACCEPTED	File:A6-EHJ (13013341733).jpg	CC BY-SA 2.0
2015-01	ACCEPTED	File:0D9A5637 (16265781044).jpg	CC BY 2.0
2015-01	ACCEPTED	File:Australia's champ (16265812294).jpg	CC BY 2.0
2015-01	ACCEPTED	File:DSC06956 (16843878185).jpg	CC BY 2.0
2015-01	ACCEPTED	File:DSC06958 (16656290798).jpg	CC BY 2.0
2015-01	ACCEPTED	File:Lewis Hamilton on Mercedes F1 W06 Hybrid 2015 Australian Grand Prix - Qualifying (16265819744).jpg	CC BY 2.0
2015-01	ACCEPTED	File:Nico Rosberg obtuvo el segundo lugar.jpg	CC BY-SA 4.0
2015-01	ACCEPTED	File:Paul-hembery-F1.jpg	CC BY-SA 4.0
2015-01	ACCEPTED	File:Qualifying (16887215521).jpg	CC BY 2.0
2015-01	ACCEPTED	File:Red Bull pits - 2015 Australian Grand Prix (16702016929).jpg	CC BY 2.0
2015-01	ACCEPTED	File:Sebastian Vettel on Ferrari SF15-T - 2015 Australian Grand Prix - Qualifying (16700799680).jpg	CC BY 2.0
2015-01	ACCEPTED	File:Valtteri Bottas on Williams FW37 - 2015 Australian Grand Prix - Qualifying (16888204765).jpg	CC BY 2.0
2015-01	ACCEPTED	File:Williams-Mercedes FW37 (2015) - Front wing (16700524518).jpg	CC BY 2.0
2015-02	ACCEPTED	File:2015 Malaysian GP opening lap.jpg	CC BY-SA 4.0
2015-02	ACCEPTED	File:Carlos Sainz Jr 2015 Malaysia FP1.jpg	CC BY-SA 4.0
2015-02	ACCEPTED	File:Carlos Sainz Jr 2015 Malaysia FP2 1.jpg	CC BY-SA 4.0
2015-02	ACCEPTED	File:Carlos Sainz Jr 2015 Malaysia FP2 2.jpg	CC BY-SA 4.0
2015-02	ACCEPTED	File:Carlos Sainz Jr 2015 Malaysia FP3 1.jpg	CC BY-SA 4.0
2015-02	ACCEPTED	File:Carlos Sainz Jr 2015 Malaysia FP3 2.jpg	CC BY-SA 4.0
2015-02	ACCEPTED	File:Daniel Ricciardo 2015 Malaysia FP3.jpg	CC BY-SA 4.0
2015-02	ACCEPTED	File:Daniel Ricciardo 2015 Malaysia.jpg	CC BY-SA 4.0
2015-02	ACCEPTED	File:Daniil Kvyat 2015 Malaysia FP2.jpg	CC BY-SA 4.0
2015-02	ACCEPTED	File:Daniil Kvyat 2015 Malaysia.jpg	CC BY-SA 4.0
2015-02	ACCEPTED	File:Felipe Massa 2015 Malaysia FP2 1.jpg	CC BY-SA 4.0
2015-02	ACCEPTED	File:Felipe Massa 2015 Malaysia FP2 2.jpg	CC BY-SA 4.0
2015-03	ACCEPTED	File:2015 Chinese Grand Prix Driver Parade.jpg	CC BY-SA 2.0
2015-03	ACCEPTED	File:Ericsson Maldonado China 2015.jpg	CC BY-SA 2.0
2015-03	ACCEPTED	File:Hamilton China 2015.jpg	CC BY-SA 2.0
2015-03	ACCEPTED	File:Kvyat stranded car china 2015.jpg	CC BY-SA 2.0
2015-03	ACCEPTED	File:Nasr China 2015.jpg	CC BY 2.0
2015-03	ACCEPTED	File:Ricciardo 2015 China pits.jpg	CC BY 2.0
2015-03	ACCEPTED	File:Vettel perez 2015 china.jpg	CC BY 2.0
2015-04	ACCEPTED	File:Felipe Massa Bahrain 2015 crop.jpg	Public domain
2015-04	ACCEPTED	File:Felipe Massa Bahrain 2015.jpg	Public domain
2015-04	ACCEPTED	File:Kimi Räikkönen Bahrain 2015 cropped.jpg	CC0
2015-04	ACCEPTED	File:Kimi Räikkönen Bahrain 2015.jpg	Public domain
2015-04	ACCEPTED	File:Pastor Maldonado Bahrain 2015.jpg	Public domain
2015-04	ACCEPTED	File:Rosberg Bahrain 2015.jpg	Public domain
2015-05	ACCEPTED	File:Alonso Spain 2015.jpg	CC BY-SA 2.0
2015-05	ACCEPTED	File:GP Formula 1-15 (16905022524).jpg	CC BY-SA 2.0
2015-05	ACCEPTED	File:GP Formula 1-19 (17527638435).jpg	CC BY-SA 2.0
2015-05	ACCEPTED	File:GP Formula 1-25 (17501300296).jpg	CC BY-SA 2.0
2015-05	ACCEPTED	File:Hamilton Spain 2015.jpg	CC BY-SA 2.0
2015-05	ACCEPTED	File:Start 2015 Spanish Grand Prix.jpg	CC BY-SA 2.0
2015-06	ACCEPTED	File:Lewis Hamilton (2015 Monaco GP Podium).jpg	CC BY-SA 4.0
2015-06	ACCEPTED	File:Monaco - person with camera.jpg	CC BY-SA 3.0
2015-06	ACCEPTED	File:Monaco 2015 podium.jpg	CC BY-SA 4.0
2015-06	ACCEPTED	File:Monaco May 20, 2015.jpg	CC BY-SA 3.0
2015-06	ACCEPTED	File:Monaco view.jpg	CC BY-SA 3.0
2015-06	ACCEPTED	File:Roberto Merhi, Monaco 2015.jpg	CC BY-SA 4.0
2015-06	ACCEPTED	File:Sebastian Vettel, Monaco 2015.jpg	CC BY-SA 4.0
2015-07	ACCEPTED	File:2015 Canadian GP opening lap.jpg	CC BY 2.0
2015-07	ACCEPTED	File:Circuit Gilles Villeneuve, Montréal, Canada (Unsplash).jpg	CC0
2015-07	ACCEPTED	File:Daniel Ricciardo 070615.jpg	CC BY-SA 4.0
2015-07	ACCEPTED	File:Daniel Ricciardo b.jpg	CC BY-SA 4.0
2015-07	ACCEPTED	File:Daniil Kvyat 070615.jpg	CC BY-SA 4.0
2015-07	ACCEPTED	File:Ericsson Canada 2015.jpg	CC BY-SA 2.0
2015-07	ACCEPTED	File:Ericsson leading Massa and Vettel.jpg	CC BY 2.0
2015-07	ACCEPTED	File:Felipe Nasr 070615 b.jpg	CC BY-SA 4.0
2015-07	ACCEPTED	File:Felipe Nasr.jpg	CC BY-SA 4.0
2015-07	ACCEPTED	File:Fernando Alonso 070615.jpg	CC BY-SA 4.0
2015-07	ACCEPTED	File:Fernando alonso 070615 b.jpg	CC BY-SA 4.0
2015-07	ACCEPTED	File:Formula One Grand Prix (40948563480).jpg	CC BY 2.0
2015-08	ACCEPTED	File:2015 Austrian Grand Prix (18466456294).jpg	CC BY 2.0
2015-08	ACCEPTED	File:2015 Austrian Grand Prix (18466904154).jpg	CC BY 2.0
2015-08	ACCEPTED	File:2015 Austrian Grand Prix (18467169854).jpg	CC BY 2.0
2015-08	ACCEPTED	File:2015 Austrian Grand Prix (18467254054).jpg	CC BY 2.0
2015-08	ACCEPTED	File:2015 Austrian Grand Prix (18468795743).jpg	CC BY 2.0
2015-08	ACCEPTED	File:2015 Austrian Grand Prix (18468928043).jpg	CC BY 2.0
2015-08	ACCEPTED	File:2015 Austrian Grand Prix (18468966433).jpg	CC BY 2.0
2015-08	ACCEPTED	File:2015 Austrian Grand Prix (18901784810).jpg	CC BY 2.0
2015-08	ACCEPTED	File:2015 Austrian Grand Prix (18901829288).jpg	CC BY 2.0
2015-08	ACCEPTED	File:2015 Austrian Grand Prix (18901850350).jpg	CC BY 2.0
2015-08	ACCEPTED	File:2015 Austrian Grand Prix (18901891238).jpg	CC BY 2.0
2015-08	ACCEPTED	File:2015 Austrian Grand Prix (18901936268).jpg	CC BY 2.0
2015-09	ACCEPTED	File:150704 F1 British Grand Prix Day Three-10 (19308444499).jpg	CC BY 2.0
2015-09	ACCEPTED	File:150704 F1 British Grand Prix Day Three-100 (19305950508).jpg	CC BY 2.0
2015-09	ACCEPTED	File:150704 F1 British Grand Prix Day Three-108 (19467430426).jpg	CC BY 2.0
2015-09	ACCEPTED	File:150704 F1 British Grand Prix Day Three-11 (18873904993).jpg	CC BY 2.0
2015-09	ACCEPTED	File:150704 F1 British Grand Prix Day Three-111 (19307348629).jpg	CC BY 2.0
2015-09	ACCEPTED	File:150704 F1 British Grand Prix Day Three-112 (18870945264).jpg	CC BY 2.0
2015-09	ACCEPTED	File:150704 F1 British Grand Prix Day Three-114 (19307293309).jpg	CC BY 2.0
2015-09	ACCEPTED	File:150704 F1 British Grand Prix Day Three-115 (19467323106).jpg	CC BY 2.0
2015-09	ACCEPTED	File:150704 F1 British Grand Prix Day Three-116 (19305790398).jpg	CC BY 2.0
2015-09	ACCEPTED	File:150704 F1 British Grand Prix Day Three-118 (18872695493).jpg	CC BY 2.0
2015-09	ACCEPTED	File:150704 F1 British Grand Prix Day Three-12 (18872027504).jpg	CC BY 2.0
2015-09	ACCEPTED	File:150704 F1 British Grand Prix Day Three-126 (19307188199).jpg	CC BY 2.0
2015-10	ACCEPTED	File:Fernando Alonso Qual Hungary 2015.jpg	CC BY-SA 2.0
2015-10	ACCEPTED	File:Hamilton Hungary 2015 Qual.jpg	CC BY-SA 2.0
2015-10	ACCEPTED	File:Hülkenberg Hungary 2015.jpg	CC BY-SA 2.0
2015-10	ACCEPTED	File:Ricciardo Bottas Hungary 2015.jpg	CC BY-SA 2.0
2015-10	ACCEPTED	File:Safety Car Hungary 2015.jpg	CC BY 2.0
2015-10	ACCEPTED	File:Vettel Hungary 2015 Qual.jpg	CC BY-SA 2.0
2015-10	ACCEPTED	File:Vettel Hungary 2015 qual1.jpg	CC BY-SA 2.0
2015-10	ACCEPTED	File:Vettel Hungary 2015 qual2.jpg	CC BY-SA 2.0
2015-10	ACCEPTED	File:Vettel Hungary 2015.jpg	CC BY 2.0
2015-11	ACCEPTED	File:Belgian GP (20228609714).jpg	CC BY 2.0
2015-11	ACCEPTED	File:Belgian GP - Force India & Sauber - Sergio Perez & Marcus Ericsson (20688123419).jpg	CC BY 2.0
2015-11	ACCEPTED	File:Belgian GP - Force India & Williams Martini Racing - Sergio Perez & Felipe Massa (20880424046).jpg	CC BY 2.0
2015-11	ACCEPTED	File:Belgian GP - Force India - Nico Hulkenberg (20879880925).jpg	CC BY 2.0
2015-11	ACCEPTED	File:Belgian GP - Force India - Sergio Perez (20718752768).jpg	CC BY 2.0
2015-11	ACCEPTED	File:Belgian GP - Infiniti Red Bull Racing - Daniel Ricciardo (20244193814).jpg	CC BY 2.0
2015-11	ACCEPTED	File:Belgian GP - Infiniti Red Bull Racing - Daniel Ricciardo (20252278294).jpg	CC BY 2.0
2015-11	ACCEPTED	File:Belgian GP - Infiniti Red Bull Racing - Daniel Ricciardo (20691891198).jpg	CC BY 2.0
2015-11	ACCEPTED	File:Belgian GP - Infiniti Red Bull Racing - Daniel Ricciardo (20718750478).jpg	CC BY 2.0
2015-11	ACCEPTED	File:Belgian GP - Infiniti Red Bull Racing - Daniel Ricciardo (20840505826).jpg	CC BY 2.0
2015-11	ACCEPTED	File:Belgian GP - Infiniti Red Bull Racing - Daniel Ricciardo (20853617616).jpg	CC BY 2.0
2015-11	ACCEPTED	File:Belgian GP - Infiniti Red Bull Racing - Daniil Kvyat (20257275294).jpg	CC BY 2.0
2015-12	ACCEPTED	File:2015 Italian Grand Prix (2).jpg	CC BY-SA 4.0
2015-12	ACCEPTED	File:2015 Italian Grand Prix (3).jpg	CC BY-SA 4.0
2015-12	ACCEPTED	File:2015 Italian Grand Prix.jpg	CC BY-SA 4.0
2015-12	ACCEPTED	File:Circuit of Monza (20837856753).jpg	CC BY 2.0
2015-12	ACCEPTED	File:Claire Williams 2015 Italian Grand Prix.jpg	CC BY 2.0
2015-12	ACCEPTED	File:Daniel Ricciardo (21262451349).jpg	CC BY 2.0
2015-12	ACCEPTED	File:Exit of the first chicane at Monza (21298158838).jpg	CC BY 2.0
2015-12	ACCEPTED	File:Felipe Massa burning rubber (21460154792).jpg	CC BY 2.0
2015-12	ACCEPTED	File:Free Practice 1 at Monza 2015 (20828880353).jpg	CC BY 2.0
2015-12	ACCEPTED	File:George Lucas interviews the winner (21292545078).jpg	CC BY 2.0
2015-12	ACCEPTED	File:Giant leaf blower cleaning the track (21290103850).jpg	CC BY 2.0
2015-12	ACCEPTED	File:Grand Prix Italy 2015, drivers parade (21467126802).jpg	CC BY 2.0
2015-13	ACCEPTED	File:2015 F1 Singapore Airlines Singapore Grand Prix (21607632831).jpg	CC BY 2.0
2015-13	ACCEPTED	File:Hamilton Singapore GP 2015.jpg	CC BY 2.0
2015-13	ACCEPTED	File:Maldonado Singapore 2015.jpg	CC BY-SA 2.0
2015-13	ACCEPTED	File:Ricciardo Singapore GP 2015.jpg	CC BY 2.0
2015-13	ACCEPTED	File:Rosberg Singapore GP 2015.jpg	CC BY-SA 2.0
2015-13	ACCEPTED	File:Rossi crash 2015 Singapore GP.jpg	CC BY 2.0
2015-13	ACCEPTED	File:Räikkönen Singapore GP 2015.jpg	CC BY 2.0
2015-13	ACCEPTED	File:SBS3655S on 14 (21146805381).jpg	CC BY-SA 2.0
2015-13	ACCEPTED	File:Sebastian Vettel 2015 Singapore GP.jpg	CC BY 2.0
2015-13	ACCEPTED	File:Vettel Singapore 2015 hand (cropped).jpg	CC BY-SA 2.0
2015-13	ACCEPTED	File:Vettel Singapore 2015 sparks.jpg	CC BY 2.0
2015-13	ACCEPTED	File:Vettel Singapore 2015.jpg	CC BY 2.0
2015-14	ACCEPTED	File:A Practice Session Starts! Are You Ready!?? (21371472524).jpg	CC BY-SA 2.0
2015-14	ACCEPTED	File:Alonso Japan 2015.jpg	CC BY 2.0
2015-14	ACCEPTED	File:Daniel Ricciardo Red Bull RB11 (21838043559).jpg	CC BY 2.0
2015-14	ACCEPTED	File:Daniil Kvyat Red Bull RB11 (22023183285).jpg	CC BY 2.0
2015-14	ACCEPTED	File:Felipe Nasr Sauber C34 (21836260599).jpg	CC BY 2.0
2015-14	ACCEPTED	File:Fernando Alonso (22024586332).jpg	CC BY 2.0
2015-14	ACCEPTED	File:Fernando Alonso McLaren MP4-30 (21403143333).jpg	CC BY 2.0
2015-14	ACCEPTED	File:Fernando Alonso McLaren MP4-30 (21836218178).jpg	CC BY 2.0
2015-14	ACCEPTED	File:Ferrari F187 (21835890929).jpg	CC BY 2.0
2015-14	ACCEPTED	File:Hamilton Japan 2015.jpg	CC BY 2.0
2015-14	ACCEPTED	File:Hülkenberg Japan 2015.jpg	CC BY 2.0
2015-14	ACCEPTED	File:Jenson Button McLaren MP4-30 (21400739804).jpg	CC BY 2.0
2015-15	ACCEPTED	File:Banner Grand-Prix-2015.jpeg	CC0
2015-15	ACCEPTED	File:Bottas Russia 2015.jpg	CC BY-SA 2.0
2015-15	ACCEPTED	File:Circuit Sochi-2015.jpg	CC0
2015-15	ACCEPTED	File:Driver's autograph session 2015 Formula 1 Russian Grand prix.jpg	CC BY-SA 4.0
2015-15	ACCEPTED	File:Lewis Hamilton at the 2015 F1 Russian Grand Prix.JPG	CC BY-SA 4.0
2015-15	ACCEPTED	File:Merhi Russia 2015.jpg	CC BY-SA 2.0
2015-15	ACCEPTED	File:Nasr Russia 2015.jpg	CC BY-SA 2.0
2015-15	ACCEPTED	File:Nico Rosberg at the 2015 F1 Russian Grand Prix.jpg	CC BY-SA 4.0
2015-15	ACCEPTED	File:Putin Russian GP 2015 01.jpg	CC BY 4.0
2015-15	ACCEPTED	File:Putin Russian GP 2015 02.jpg	CC BY 4.0
2015-15	ACCEPTED	File:Putin Russian GP 2015 03.jpg	CC BY 4.0
2015-15	ACCEPTED	File:Putin Russian GP 2015 04.jpg	CC BY 4.0
2015-16	ACCEPTED	File:Button US GP 2015.jpg	CC BY 2.0
2015-16	ACCEPTED	File:F1 USGP Austin 2015 (22489689280).jpg	CC BY 2.0
2015-16	ACCEPTED	File:F1 USGP Austin 2015 (22651628726).jpg	CC BY 2.0
2015-16	ACCEPTED	File:Rossi US GP 2015.jpg	CC BY 2.0
2015-16	ACCEPTED	File:USGP Austin (22476584965).jpg	CC BY 2.0
2015-16	ACCEPTED	File:USGP Austin 2015 (21907931064).jpg	CC BY 2.0
2015-16	ACCEPTED	File:USGP Austin 2015 (21907933564).jpg	CC BY 2.0
2015-16	ACCEPTED	File:USGP Austin 2015 (21907935784).jpg	CC BY 2.0
2015-16	ACCEPTED	File:USGP Austin 2015 (21909476373).jpg	CC BY 2.0
2015-16	ACCEPTED	File:USGP Austin 2015 (22342721120).jpg	CC BY 2.0
2015-16	ACCEPTED	File:USGP Austin 2015 (22342722450).jpg	CC BY 2.0
2015-16	ACCEPTED	File:USGP Austin 2015 (22342960868).jpg	CC BY 2.0
2015-17	ACCEPTED	File:- Mexican Grand Prix 10.JPG	CC BY-SA 4.0
2015-17	ACCEPTED	File:- Mexican Grand Prix 14.JPG	CC BY-SA 4.0
2015-17	ACCEPTED	File:- Mexican Grand Prix 20.JPG	CC BY-SA 4.0
2015-17	ACCEPTED	File:AHR Podium - Mexican Grand Prix 07.JPG	CC BY-SA 4.0
2015-17	ACCEPTED	File:Autódromo Hermanos Rodríguez Semaphore - Mexican Grand Prix 24.JPG	CC BY-SA 4.0
2015-17	ACCEPTED	File:Checo Pérez box - Mexican Grand Prix 31.JPG	CC BY-SA 4.0
2015-17	ACCEPTED	File:Checo Pérez box - Mexican Grand Prix 32.JPG	CC BY-SA 4.0
2015-17	ACCEPTED	File:DANIELAGUILAR- DAR 9292 (22399570060).jpg	CC BY 2.0
2015-17	ACCEPTED	File:DANIELAGUILAR- DAR 9294 (21964776774).jpg	CC BY 2.0
2015-17	ACCEPTED	File:DANIELAGUILAR- DAR 9334 (22598726951).jpg	CC BY 2.0
2015-17	ACCEPTED	File:Entrance to pitlane - Mexican Grand Prix 03.JPG	CC BY-SA 4.0
2015-17	ACCEPTED	File:F1-button-mexico-2015-corrida700.jpg	CC BY-SA 4.0
2015-18	ACCEPTED	File:Formula 1 (22429097234).jpg	CC BY 2.0
2015-18	ACCEPTED	File:Formula 1 (22429116584).jpg	CC BY 2.0
2015-18	ACCEPTED	File:Formula 1 (22429134974).jpg	CC BY 2.0
2015-18	ACCEPTED	File:Formula 1 (22429175474).jpg	CC BY 2.0
2015-18	ACCEPTED	File:Formula 1 (22430705673).jpg	CC BY 2.0
2015-18	ACCEPTED	File:Formula 1 (22430766493).jpg	CC BY 2.0
2015-18	ACCEPTED	File:Formula 1 (22633478608).jpg	CC BY 2.0
2015-18	ACCEPTED	File:Formula 1 (22633491338).jpg	CC BY 2.0
2015-18	ACCEPTED	File:Formula 1 (22633565827).jpg	CC BY 2.0
2015-18	ACCEPTED	File:Formula 1 (22633611187).jpg	CC BY 2.0
2015-18	ACCEPTED	File:Formula 1 (22659666299).jpg	CC BY 2.0
2015-18	ACCEPTED	File:Formula 1 (22659686459).jpg	CC BY 2.0
2015-19	ACCEPTED	File:2015 Abu Dhabi Grand Prix - Race start (22882439484).jpg	CC BY-SA 2.0
2015-19	ACCEPTED	File:Bottas Abu Dhabi 2015.jpg	CC BY-SA 2.0
2015-19	ACCEPTED	File:Firework Abu Dhabi Grand Prix 2015.jpg	CC BY 2.0
2015-19	ACCEPTED	File:Hülkenberg Abu Dhabi 2015.jpg	CC BY 2.0
2015-19	ACCEPTED	File:Kvyat Abu Dhabi 2015.jpg	CC BY 2.0
2015-19	ACCEPTED	File:Rosberg Abu Dhabi 2015.jpg	CC BY 2.0
2016-01	ACCEPTED	File:Hamilton 2016 Australia.jpg	CC BY-SA 2.0
2016-01	ACCEPTED	File:Ricciardo 2016 Australia.jpg	CC BY-SA 2.0
2016-01	ACCEPTED	File:Rosberg 2016 Australia.jpg	CC BY-SA 2.0
2016-01	ACCEPTED	File:Räikkönen 2016 Australia.jpg	CC BY-SA 2.0
2016-01	ACCEPTED	File:Sebastian Vettel 2016 Australia.jpg	CC BY-SA 2.0
2016-01	ACCEPTED	File:Vettel 2016 Australia.jpg	CC BY-SA 2.0
2016-02	ACCEPTED	File:Alfonso Celis Bahrain 2016.jpg	CC BY-SA 2.0
2016-02	ACCEPTED	File:Bahrain GP 2016 start 02.jpg	CC BY-SA 2.0
2016-02	ACCEPTED	File:Bottas Bahrain 2016.jpg	CC BY-SA 2.0
2016-02	ACCEPTED	File:Button Bahrain 2016.jpg	CC BY-SA 2.0
2016-02	ACCEPTED	File:Driver parade Bahrain GP 2016 01.jpg	CC BY-SA 2.0
2016-02	ACCEPTED	File:Driver parade Bahrain GP 2016 02.jpg	CC BY-SA 2.0
2016-02	ACCEPTED	File:Fireworks Bahrain GP 2016.jpg	CC BY-SA 2.0
2016-02	ACCEPTED	File:Grosjean Bahrain 2016.jpg	CC BY-SA 2.0
2016-02	ACCEPTED	File:Grosjean Massa Bahrain 2016.jpg	CC BY-SA 2.0
2016-02	ACCEPTED	File:Gutierrez Bahrain 2016 1.jpg	CC BY-SA 2.0
2016-02	ACCEPTED	File:Gutierrez Bahrain 2016 Lockup.jpg	CC BY-SA 2.0
2016-02	ACCEPTED	File:Hamilton Bahrain 2016 lockup.jpg	CC BY-SA 2.0
2016-03	ACCEPTED	File:2016 Formula 1 Chinese Grand Prix (25935220533).jpg	CC BY-SA 2.0
2016-03	ACCEPTED	File:2016 Formula 1 Chinese Grand Prix (25967384824).jpg	CC BY-SA 2.0
2016-03	ACCEPTED	File:2016 Formula 1 Chinese Grand Prix (25987341703).jpg	CC BY-SA 2.0
2016-03	ACCEPTED	File:2016 Formula 1 Chinese Grand Prix (26064493593) (cropped).jpg	CC BY-SA 2.0
2016-03	ACCEPTED	File:2016 Formula 1 Chinese Grand Prix (26165156313).jpg	CC BY-SA 2.0
2016-03	ACCEPTED	File:2016 Formula 1 Chinese Grand Prix (26366105010).jpg	CC BY-SA 2.0
2016-03	ACCEPTED	File:2016 Formula 1 Chinese Grand Prix (26394261881).jpg	CC BY-SA 2.0
2016-03	ACCEPTED	File:2016 Formula 1 Chinese Grand Prix (26404195902).jpg	CC BY-SA 2.0
2016-03	ACCEPTED	File:2016 Formula 1 Chinese Grand Prix (26431435840).jpg	CC BY-SA 2.0
2016-03	ACCEPTED	File:2016 Formula 1 Chinese Grand Prix (26452831201).jpg	CC BY-SA 2.0
2016-03	ACCEPTED	File:2016 Formula 1 Chinese Grand Prix (26455853426).jpg	CC BY-SA 2.0
2016-03	ACCEPTED	File:2016 Formula 1 Chinese Grand Prix (26463280732).jpg	CC BY-SA 2.0
2016-04	ACCEPTED	File:2016 FORMULA 1 RUSSIAN GRAND PRIX (26284279873).jpg	CC BY-SA 2.0
2016-04	ACCEPTED	File:2016 FORMULA 1 RUSSIAN GRAND PRIX (26888705775).jpg	CC BY-SA 2.0
2016-04	ACCEPTED	File:Awarding winners Russian Grand Prix 2016.jpg	CC BY 4.0
2016-04	ACCEPTED	File:Back on the Grid 2016 Russian GP.jpg	CC BY-SA 2.0
2016-04	ACCEPTED	File:Grand-Prix-2016-Fanat.jpg	CC0
2016-04	ACCEPTED	File:Grand-Prix-2016-Helicopter.jpg	CC0
2016-04	ACCEPTED	File:Grand-Prix-2016-MGS+T1.jpg	CC0
2016-04	ACCEPTED	File:Grand-Prix-2016-MGS.jpg	CC0
2016-04	ACCEPTED	File:Grand-Prix-2016-Manor Motorsport.jpg	CC0
2016-04	ACCEPTED	File:Grand-Prix-2016-President+Pilots.jpg	CC0
2016-04	ACCEPTED	File:Grand-Prix-2016-Raikonen.jpg	CC0
2016-04	ACCEPTED	File:Grand-Prix-2016-Toro Rosso.jpg	CC0
2016-05	ACCEPTED	File:Hamilton Spain 2016.jpg	CC BY 2.0
2016-05	ACCEPTED	File:Kevin Magnussen 2016 Spanish Grand Prix (cropped).jpg	CC BY-SA 4.0
2016-05	ACCEPTED	File:Kvyat Spain 2016.jpg	CC BY 2.0
2016-05	ACCEPTED	File:Ricciardo Verstappen Vettel Spain 2016.jpg	CC BY 2.0
2016-05	ACCEPTED	File:Räikkönen Spain 2016.jpg	CC BY-SA 2.0
2016-05	ACCEPTED	File:Verstappen Spain 2016 1.jpg	CC BY 2.0
2016-05	ACCEPTED	File:Verstappen Spain 2016.jpg	CC BY-SA 2.0
2016-06	ACCEPTED	File:Alonso Monaco 2016.jpg	CC BY 2.0
2016-06	ACCEPTED	File:DSC 0098 (27946194215).jpg	CC BY 2.0
2016-06	ACCEPTED	File:DSC 0101 (27912192366).jpg	CC BY 2.0
2016-06	ACCEPTED	File:DSC 0105 (27333208203).jpg	CC BY 2.0
2016-06	ACCEPTED	File:Daniel Ricciardo Qualifying in Pole (27912138986).jpg	CC BY 2.0
2016-06	ACCEPTED	File:Daniel Ricciardo in the rain at Monaco (27333180403).jpg	CC BY 2.0
2016-06	ACCEPTED	File:Daniil Kvyat - 2016 Monaco GP.jpg	CC BY 2.0
2016-06	ACCEPTED	File:F1 pits and Monaco (27869023741).jpg	CC BY 2.0
2016-06	ACCEPTED	File:Felipe Massa, Williams (27869010931).jpg	CC BY 2.0
2016-06	ACCEPTED	File:Ferrari SF16-H - Sebastian Vettel - 2016 Monaco F1 GP.jpg	CC BY 2.0
2016-06	ACCEPTED	File:Gull on a Grandstand (27333800994).jpg	CC BY 2.0
2016-06	ACCEPTED	File:Hamilton - 2016 Monaco GP 01.jpg	CC BY 2.0
2016-08	ACCEPTED	File:Barriers in Baku for Formula 1 Grand Prox 2016.jpg	CC BY-SA 4.0
2016-08	ACCEPTED	File:Bottas Baku 2016.jpg	CC BY-SA 2.0
2016-08	ACCEPTED	File:Start backshot Baku 2016.jpg	CC BY-SA 2.0
2016-09	ACCEPTED	File:Formula One 2016 Austrian GP (01) (27832475220).jpg	CC BY 2.0
2016-09	ACCEPTED	File:Formula One 2016 Austrian GP (02) (27832454020).jpg	CC BY 2.0
2016-09	ACCEPTED	File:Formula One 2016 Austrian GP (03) (27498177124).jpg	CC BY 2.0
2016-09	ACCEPTED	File:Formula One 2016 Austrian GP (04) (28010377682).jpg	CC BY 2.0
2016-09	ACCEPTED	File:Formula One 2016 Austrian GP (05) (28010365232).jpg	CC BY 2.0
2016-09	ACCEPTED	File:Formula One 2016 Austrian GP (06) (27498117704).jpg	CC BY 2.0
2016-09	ACCEPTED	File:Formula One 2016 Austrian GP (07) (28078911306).jpg	CC BY 2.0
2016-09	ACCEPTED	File:Formula One 2016 Austrian GP (08) (27497745793).jpg	CC BY 2.0
2016-09	ACCEPTED	File:Formula One 2016 Austrian GP (09) (27497709023).jpg	CC BY 2.0
2016-09	ACCEPTED	File:Formula One 2016 Austrian GP (13) (27832205730).jpg	CC BY 2.0
2016-09	ACCEPTED	File:Formula One 2016 Austrian GP (14) (28035001371).jpg	CC BY 2.0
2016-09	ACCEPTED	File:Formula One 2016 Austrian GP (16) (28034949481).jpg	CC BY 2.0
2016-10	ACCEPTED	File:Carlos Sainz Jnr, Toro Rosso-Ferrari STR11, 2016 British Grand Prix, Silverstone, 9th July (28301625585).jpg	CC BY 2.0
2016-10	ACCEPTED	File:Charles Leclerc - Haas & Felipe Massa - Williams (32724536820).jpg	CC BY 2.0
2016-10	ACCEPTED	File:Charles Leclerc - Haas (33107122725).jpg	CC BY 2.0
2016-10	ACCEPTED	File:Daniil Kvyat 2016 British GP.jpg	CC BY 2.0
2016-10	ACCEPTED	File:Daniil Kvyat 2016 British Grand Prix.jpg	CC BY 2.0
2016-10	ACCEPTED	File:Esteban Gutiérrez - Haas (32291563823).jpg	CC BY 2.0
2016-10	ACCEPTED	File:F1 - Ferrari - Kimi Raikkonen (27965386864).jpg	CC BY 2.0
2016-10	ACCEPTED	File:F1 - Ferrari - Kimi Raikkonen (27965464334).jpg	CC BY 2.0
2016-10	ACCEPTED	File:F1 - Ferrari - Kimi Raikkonen (28549715616).jpg	CC BY 2.0
2016-10	ACCEPTED	File:F1 - Ferrari - Kimi Raikkonen (28549721016).jpg	CC BY 2.0
2016-10	ACCEPTED	File:F1 - Ferrari - Kimi Raikkonen (28582618415).jpg	CC BY 2.0
2016-10	ACCEPTED	File:F1 - Ferrari - Kimi Raikkonen (28582685185).jpg	CC BY 2.0
2016-11	ACCEPTED	File:F1 - panoramio - tuskestibor.jpg	CC BY 3.0
2016-11	ACCEPTED	File:F1 - panoramio.jpg	CC BY 3.0
2016-13	ACCEPTED	File:Podium Grand Prix automobile de Belgique 2016.jpg	CC BY-SA 4.0
2016-15	ACCEPTED	File:Kimi Raikkonen - Scuderia Ferrari SF16-H - 2016 Singapore Grand Prix FP2 (29498055360).jpg	CC BY 2.0
2016-15	ACCEPTED	File:Sebastian Vettel - Scuderia Ferrari SF16T - 2016 Singapore Grand Prix FP3 (29189728943).jpg	CC BY 2.0
2016-15	ACCEPTED	File:Valterri Bottas - Williams Martini Racing FW38 - 2016 Singapore Grand Prix FP2 (29498053850).jpg	CC BY 2.0
2016-16	ACCEPTED	File:2016 Malaysian GP (30090604875).jpg	CC BY 2.0
2016-16	ACCEPTED	File:2016 Malaysian GP opening lap 1.jpg	CC BY-SA 4.0
2016-16	ACCEPTED	File:2016 Malaysian GP opening lap 2.jpg	CC BY-SA 4.0
2016-16	ACCEPTED	File:2016 Malaysian GP opening lap 3.jpg	CC BY-SA 4.0
2016-16	ACCEPTED	File:Carlos Sainz - Scuderia Toro Rosso STR11 (29462641664).jpg	CC BY 2.0
2016-16	ACCEPTED	File:Carlos Sainz - Scuderia Toro Rosso STR11 (29976276382).jpg	CC BY 2.0
2016-16	ACCEPTED	File:Carlos Sainz Jr 2016 Malaysia FP2 1.jpg	CC BY-SA 4.0
2016-16	ACCEPTED	File:Carlos Sainz Jr 2016 Malaysia FP2 2.jpg	CC BY-SA 4.0
2016-16	ACCEPTED	File:Carlos Sainz Jr 2016 Malaysia FP3.jpg	CC BY-SA 4.0
2016-16	ACCEPTED	File:Daniel Ricciardo - Red Bull Racing RB12 (29462642174).jpg	CC BY 2.0
2016-16	ACCEPTED	File:Daniel Ricciardo 2016 Malaysia FP2.jpg	CC BY-SA 4.0
2016-16	ACCEPTED	File:Daniel Ricciardo 2016 Malaysia podium.jpg	CC BY-SA 4.0
2016-17	ACCEPTED	File:National anthem before race 2016 Japanese GP.jpg	CC BY 4.0
2016-17	ACCEPTED	File:Nico Rosberg 2016 Japanese GP podium.jpg	CC BY 4.0
2016-17	ACCEPTED	File:No.11 Sergio Perez (30159689584).jpg	CC BY-SA 2.0
2016-17	ACCEPTED	File:No.14 Fernando Alonso (30720433852).jpg	CC BY-SA 2.0
2016-17	ACCEPTED	File:No.19 Felipe Massa (30159686174).jpg	CC BY-SA 2.0
2016-17	ACCEPTED	File:No.22 Jenson Button (30910221072).jpg	CC BY-SA 2.0
2016-17	ACCEPTED	File:No.3 Daniel Ricciardo (30743177972).jpg	CC BY-SA 2.0
2016-17	ACCEPTED	File:No.55 Carlos Sainz Jr. (30260344233).jpg	CC BY-SA 2.0
2016-17	ACCEPTED	File:No.6 Nico Rosberg (30575919900).jpg	CC BY-SA 2.0
2016-17	ACCEPTED	File:No.77 Valtteri Bottas (30911337341).jpg	CC BY-SA 2.0
2016-17	ACCEPTED	File:No.8 Romain Grosjean (22846161618).jpg	CC BY-SA 2.0
2016-17	ACCEPTED	File:Podium 2016 Japanese GP.jpg	CC BY 4.0
2016-18	ACCEPTED	File:Action at the back (31757788725).jpg	CC BY 2.0
2016-18	ACCEPTED	File:Alonso and Massa; too close for comfort (30413011152).jpg	CC BY 2.0
2016-18	ACCEPTED	File:Alonso on Massa (31641674021).jpg	CC BY 2.0
2016-18	ACCEPTED	File:Battle of the Mexicans (30529451395).jpg	CC BY 2.0
2016-18	ACCEPTED	File:Broken Max (31385418850).jpg	CC BY 2.0
2016-18	ACCEPTED	File:Carlos Sainz Jr. (31641674531).jpg	CC BY 2.0
2016-18	ACCEPTED	File:Carlos Sainz suffers a puncture (30062967533).jpg	CC BY 2.0
2016-18	ACCEPTED	File:Checo Pérez (31641665231).jpg	CC BY 2.0
2016-18	ACCEPTED	File:Checo on Daniil (31610999252).jpg	CC BY 2.0
2016-18	ACCEPTED	File:Circuit of the Americas (30183010830).jpg	CC BY 2.0
2016-18	ACCEPTED	File:Circuit of the Americas, Austin, TX (30066328424).jpg	CC BY 2.0
2016-18	ACCEPTED	File:Daniel Ricciardo (31641674811).jpg	CC BY 2.0
2016-19	ACCEPTED	File:Formula 1 2016 -i---i- (30061621833).jpg	CC0
2016-19	ACCEPTED	File:Formula 1 2016 -i---i- (30061627393).jpg	CC0
2016-19	ACCEPTED	File:Formula 1 2016 -i---i- (30061630203).jpg	CC0
2016-19	ACCEPTED	File:Formula 1 2016 -i---i- (30061632633).jpg	CC0
2016-19	ACCEPTED	File:Formula 1 2016 -i---i- (30063699694).jpg	CC0
2016-19	ACCEPTED	File:Formula 1 2016 -i---i- (30063699864).jpg	CC0
2016-19	ACCEPTED	File:Formula 1 2016 -i---i- (30063701774).jpg	CC0
2016-19	ACCEPTED	File:Formula 1 2016 -i---i- (30063705504).jpg	CC0
2016-19	ACCEPTED	File:Formula 1 2016 -i---i- (30063705664).jpg	CC0
2016-19	ACCEPTED	File:Formula 1 2016 -i---i- (30063717774).jpg	CC0
2016-19	ACCEPTED	File:Formula 1 2016 -i---i- (30063758504).jpg	CC0
2016-19	ACCEPTED	File:Formula 1 2016 -i---i- (30063764044).jpg	CC0
2017-01	ACCEPTED	File:2017 Australian GP security team.jpg	CC BY-SA 4.0
2017-01	ACCEPTED	File:Crashed Ranault (35434286574).jpg	CC BY 2.0
2017-01	ACCEPTED	File:Daniel Ricciardo (36132603921).jpg	CC BY 2.0
2017-01	ACCEPTED	File:Daniil Kvyat (36099987972).jpg	CC BY 2.0
2017-01	ACCEPTED	File:Esteban Ocon (36132604391).jpg	CC BY 2.0
2017-01	ACCEPTED	File:Fernando Alonso (35461870753).jpg	CC BY 2.0
2017-01	ACCEPTED	File:Kevin Magnussen (36100548042).jpg	CC BY 2.0
2017-01	ACCEPTED	File:Kimi Räikkönen (36100553522).jpg	CC BY 2.0
2017-01	ACCEPTED	File:Kimi Räikkönen (36226100326).jpg	CC BY 2.0
2017-01	ACCEPTED	File:Lance Stroll (35434283504).jpg	CC BY 2.0
2017-01	ACCEPTED	File:Lewis Hamilton (35871613120).jpg	CC BY 2.0
2017-01	ACCEPTED	File:Lewis Hamilton (35871613510).jpg	CC BY 2.0
2017-02	ACCEPTED	File:2017 F1 Chinese Grand Prix (34078100001).jpg	CC BY-SA 2.0
2017-02	ACCEPTED	File:2017 Formula 1 Heineken Chinese Grand PrixDriver Track Parade (34160145685).jpg	CC BY-SA 2.0
2017-02	ACCEPTED	File:Daniel Ricciardo (33545213330).jpg	CC BY-SA 2.0
2017-02	ACCEPTED	File:Daniil Kvyat (34040072835).jpg	CC BY-SA 2.0
2017-02	ACCEPTED	File:Esteban Ocon Chinese GP 2017.jpg	CC BY-SA 2.0
2017-02	ACCEPTED	File:Everything is READY (33080751526).jpg	CC BY-SA 2.0
2017-02	ACCEPTED	File:Fans (33395041654).jpg	CC BY-SA 2.0
2017-02	ACCEPTED	File:Felipe Massa- baby (33968652551).jpg	CC BY-SA 2.0
2017-02	ACCEPTED	File:Fernando Alonso (33881882461).jpg	CC BY-SA 2.0
2017-02	ACCEPTED	File:Jolyon Palmer (33920948111).jpg	CC BY-SA 2.0
2017-02	ACCEPTED	File:Kevin Magnussen (33931751311).jpg	CC BY-SA 2.0
2017-02	ACCEPTED	File:Kimi Raikkonen (33159718004).jpg	CC BY-SA 2.0
2017-04	ACCEPTED	File:2017 Russian Grand Prix 1 (cropped).jpg	CC BY 4.0
2017-04	ACCEPTED	File:2017 Russian Grand Prix 2.jpg	CC BY 4.0
2017-04	ACCEPTED	File:2017 Russian Grand Prix 3.jpg	CC BY 4.0
2017-04	ACCEPTED	File:2017 Russian Grand Prix 4.jpg	CC BY 4.0
2017-04	ACCEPTED	File:2017 Russian Grand Prix 5.jpg	CC BY 4.0
2017-04	ACCEPTED	File:2017 Russian Grand Prix 6.jpg	CC BY 4.0
2017-04	ACCEPTED	File:2017 Russian Grand Prix 7.jpg	CC BY 4.0
2017-04	ACCEPTED	File:2017 Russian Grand Prix 8.jpg	CC BY 4.0
2017-04	ACCEPTED	File:RAI at 2017 Russian Grand Prix Podium (cropped).jpg	CC BY 4.0
2017-05	ACCEPTED	File:Moll del Dipòsit - Terrazza Martini.jpg	CC BY-SA 4.0
2017-06	ACCEPTED	File:Vettel2017monaco.jpg	CC BY-SA 4.0
2017-07	ACCEPTED	File:Alonso (26893026979).jpg	CC BY 2.0
2017-07	ACCEPTED	File:Bottas (26893033729).jpg	CC BY 2.0
2017-07	ACCEPTED	File:Bottas (38713241821).jpg	CC BY 2.0
2017-07	ACCEPTED	File:Circuit Gilles Villeneuve, Île de Notre Dame, Montreal (34523379263).jpg	CC BY 2.0
2017-07	ACCEPTED	File:Ericsson (37781781795) (cropped).jpg	CC BY 2.0
2017-07	ACCEPTED	File:F1 Paddock Access (24840806808).jpg	CC BY 2.0
2017-07	ACCEPTED	File:F1 Paddock Access (24840809858).jpg	CC BY 2.0
2017-07	ACCEPTED	File:F1 Paddock Access (24840814338).jpg	CC BY 2.0
2017-07	ACCEPTED	File:F1 Paddock Access (37825732915).jpg	CC BY 2.0
2017-07	ACCEPTED	File:F1 Paddock Access (37996072444).jpg	CC BY 2.0
2017-07	ACCEPTED	File:F1 Paddock Access (37996073124).jpg	CC BY 2.0
2017-07	ACCEPTED	File:F1 Paddock Access (37996073804).jpg	CC BY 2.0
2017-10	ACCEPTED	File:125A0164 (35096665534).jpg	CC BY-SA 2.0
2017-10	ACCEPTED	File:2017 British GP - Vettel's Ferrari SF70H with 'Shield' system (1) (edited).jpg	CC BY-SA 2.0
2017-10	ACCEPTED	File:2017 British GP - Vettel's Ferrari SF70H with 'Shield' system (1).jpg	CC BY-SA 2.0
2017-10	ACCEPTED	File:2017 British GP - Vettel's Ferrari SF70H with 'Shield' system (2) (edited).jpg	CC BY-SA 2.0
2017-10	ACCEPTED	File:2017 British GP - Vettel's Ferrari SF70H with 'Shield' system (2).jpg	CC BY-SA 2.0
2017-10	ACCEPTED	File:2017 British Grand Prix (35096424064).jpg	CC BY-SA 2.0
2017-10	ACCEPTED	File:2017 British Grand Prix (35096427354).jpg	CC BY-SA 2.0
2017-10	ACCEPTED	File:2017 British Grand Prix (35096432124).jpg	CC BY-SA 2.0
2017-10	ACCEPTED	File:2017 British Grand Prix (35096507774).jpg	CC BY-SA 2.0
2017-10	ACCEPTED	File:2017 British Grand Prix (35096509504).jpg	CC BY-SA 2.0
2017-10	ACCEPTED	File:2017 British Grand Prix (35096516394).jpg	CC BY-SA 2.0
2017-10	ACCEPTED	File:2017 British Grand Prix (35096517454).jpg	CC BY-SA 2.0
2017-12	ACCEPTED	File:2017 Spa-Francorchamps Lewis Hamilton.jpg	CC BY 4.0
2017-13	ACCEPTED	File:2017 Italian Grand Prix.jpg	CC BY-SA 4.0
2017-13	ACCEPTED	File:Crevaison Verstappen Monza 2017.jpg	CC BY-SA 4.0
2017-13	ACCEPTED	File:FP2-ホームストレートにて (36329260414).jpg	CC BY 2.0
2017-13	ACCEPTED	File:Hülkenberg Renault F1 Monza 2017.jpg	CC BY-SA 4.0
2017-13	ACCEPTED	File:Lance Stroll Monza 2017.jpg	CC BY-SA 4.0
2017-13	ACCEPTED	File:Magnussen Haas GP Monza 2017.jpg	CC BY-SA 4.0
2017-13	ACCEPTED	File:Monza 2017 1.jpg	CC BY-SA 4.0
2017-13	ACCEPTED	File:Monza 2017 2.jpg	CC BY-SA 4.0
2017-13	ACCEPTED	File:Vettel Ferrari Monza 2017.jpg	CC BY-SA 4.0
2017-13	ACCEPTED	File:でかいフェラーリ旗きた！ (36748404090).jpg	CC BY 2.0
2017-13	ACCEPTED	File:カメラ担いで煽る (36309908874).jpg	CC BY 2.0
2017-13	ACCEPTED	File:グラスタのジュールバナー (36309445674).jpg	CC BY 2.0
2017-15	ACCEPTED	File:Antonio Giovinazzi 2017 Malaysia FP1.jpg	CC BY-SA 4.0
2017-15	ACCEPTED	File:Bye Bye Malaysia 2017 Malaysia.jpg	CC BY-SA 4.0
2017-15	ACCEPTED	File:Carlos Sainz Jr 2017 Malaysia FP2 1.jpg	CC BY-SA 4.0
2017-15	ACCEPTED	File:Carlos Sainz Jr 2017 Malaysia FP2 2.jpg	CC BY-SA 4.0
2017-15	ACCEPTED	File:Charles Leclerc 2017 Malaysia FP1.jpg	CC BY-SA 4.0
2017-15	ACCEPTED	File:Daniel Ricciardo 2017 Malaysia FP1.jpg	CC BY-SA 4.0
2017-15	ACCEPTED	File:Daniel Ricciardo 2017 Malaysia podium.jpg	CC BY-SA 4.0
2017-15	ACCEPTED	File:Drain cover (turn 1) 2017 Malaysia.jpg	CC BY-SA 4.0
2017-15	ACCEPTED	File:Esteban Ocon 2017 Malaysia 1.jpg	CC BY-SA 4.0
2017-15	ACCEPTED	File:Esteban Ocon 2017 Malaysia 2.jpg	CC BY-SA 4.0
2017-15	ACCEPTED	File:Esteban Ocon 2017 Malaysia FP2 1.jpg	CC BY-SA 4.0
2017-15	ACCEPTED	File:Esteban Ocon 2017 Malaysia FP2 2.jpg	CC BY-SA 4.0
2017-16	ACCEPTED	File:No.14 Fernando Alonso (38742536231).jpg	CC BY-SA 2.0
2017-16	ACCEPTED	File:No.19 Felipe Massa (24890245098).jpg	CC BY-SA 2.0
2017-16	ACCEPTED	File:No.2 Stoffel Vandoorne (1) (24849120928).jpg	CC BY-SA 2.0
2017-16	ACCEPTED	File:No.2 Stoffel Vandoorne (2) (38004676984).jpg	CC BY-SA 2.0
2017-16	ACCEPTED	File:No.30 Jolyon Palmer (38666377506).jpg	CC BY-SA 2.0
2017-16	ACCEPTED	File:No.31 Esteban Ocon (24849118438).jpg	CC BY-SA 2.0
2017-16	ACCEPTED	File:No.33 Max Verstappen (38025574694).jpg	CC BY-SA 2.0
2017-16	ACCEPTED	File:No.44 Lewis Hamilton (38046877654).jpg	CC BY-SA 2.0
2017-16	ACCEPTED	File:No.5 Sebastian Vettel (23877858447).jpg	CC BY-SA 2.0
2017-16	ACCEPTED	File:No.9 Marcus Ericsson (38046874064) (2).jpg	CC BY-SA 2.0
2017-16	ACCEPTED	File:Safety Car in Heavy Rain (Mercedes AMG GT S) (37876671395).jpg	CC BY-SA 2.0
2017-16	ACCEPTED	File:The handprint reliefs of 2017 FIA Formula One World Championship JAPANESE GRAND PRIX SUZUKA drivers' in front of Kintetsu Shiroko station.jpg	CC BY-SA 4.0
2017-17	ACCEPTED	File:2017 United States Grand Prix - Nico Hülkenberg 01.jpg	CC BY-SA 2.0
2017-17	ACCEPTED	File:2017 United States Grand Prix - Nico Hülkenberg 02.jpg	CC BY-SA 2.0
2017-17	ACCEPTED	File:2017 United States Grand Prix Ferrucci (37949009352).jpg	CC BY-SA 2.0
2017-17	ACCEPTED	File:2017 United States Grand Prix Grosjean (24128153768).jpg	CC BY-SA 2.0
2017-17	ACCEPTED	File:2017 United States Grand Prix Grosjean 2 (24128153768).jpg	CC BY-SA 2.0
2017-17	ACCEPTED	File:2017 United States Grand Prix Magnussen (24128155318).jpg	CC BY-SA 2.0
2017-17	ACCEPTED	File:2017 United States Grand Prix Magnussen 2 (24128155318).jpg	CC BY-SA 2.0
2017-17	ACCEPTED	File:Brendon Hartley 2017 United States GP (37291086684).jpg	CC BY 2.0
2017-17	ACCEPTED	File:Brendon Hartley 2017 United States GP (37946711646).jpg	CC BY 2.0
2017-17	ACCEPTED	File:Brendon Hartley 2017 United States GP (37946721496).jpg	CC BY 2.0
2017-17	ACCEPTED	File:Brendon Hartley USA 2017.jpg	CC BY-SA 2.0
2017-17	ACCEPTED	File:Brendon Hartley and Daniil Kvyat (37949012362).jpg	CC BY-SA 2.0
2017-18	ACCEPTED	File:Carlos Sainz 2017 Mexican Grand Prix.jpg	CC0
2017-18	ACCEPTED	File:F1 2017 -i---i- (24222724938).jpg	CC0
2017-18	ACCEPTED	File:F1 2017 -i---i- (24222740338).jpg	CC0
2017-18	ACCEPTED	File:F1 2017 -i---i- (24222742628).jpg	CC0
2017-18	ACCEPTED	File:F1 2017 -i---i- (24222756028).jpg	CC0
2017-18	ACCEPTED	File:F1 2017 -i---i- (24222770768).jpg	CC0
2017-18	ACCEPTED	File:F1 2017 -i---i- (24222772438).jpg	CC0
2017-18	ACCEPTED	File:F1 2017 -i---i- (26299249589).jpg	CC0
2017-18	ACCEPTED	File:F1 2017 -i---i- (26299281099).jpg	CC0
2017-18	ACCEPTED	File:F1 2017 -i---i- (26299298269).jpg	CC0
2017-18	ACCEPTED	File:F1 2017 -i---i- (26299308519).jpg	CC0
2017-18	ACCEPTED	File:F1 2017 -i---i- (37365956314).jpg	CC0
2017-20	ACCEPTED	File:Felipe Massa Yas Marina Circuit 2017.jpg	CC BY-SA 4.0
2018-03	ACCEPTED	File:2018 Chinese Grand Prix FP1 Daniel Ricciardo (26708162217).jpg	CC BY-SA 2.0
2018-03	ACCEPTED	File:2018 Chinese Grand Prix FP1 Daniel Ricciardo (40846999714).jpg	CC BY-SA 2.0
2018-03	ACCEPTED	File:2018 Chinese Grand Prix FP1 Esteban Ocon (40643058095).jpg	CC BY-SA 2.0
2018-03	ACCEPTED	File:2018 Chinese Grand Prix FP1 Max Verstappen (40662264405).jpg	CC BY-SA 2.0
2018-03	ACCEPTED	File:2018 Chinese Grand Prix FP1 Max Verstappen (41562333912).jpg	CC BY-SA 2.0
2018-03	ACCEPTED	File:2018 Chinese Grand Prix FP1 Stoffel Vandoorne (41555017701).jpg	CC BY-SA 2.0
2018-03	ACCEPTED	File:2018 Chinese Grand Prix FP3 Charles Leclerc (39897914770) (cropped).jpg	CC BY-SA 2.0
2018-03	ACCEPTED	File:2018 Chinese Grand Prix FP3 Daniel Ricciardo.jpg	CC BY-SA 4.0
2018-03	ACCEPTED	File:2018 Chinese Grand Prix FP3 Fernando Alonso (40970600574) (cropped).jpg	CC BY-SA 2.0
2018-03	ACCEPTED	File:2018 Chinese Grand Prix FP3 Sebastian Vettel (40987411774).jpg	CC BY-SA 2.0
2018-03	ACCEPTED	File:2018 Chinese Grand Prix FP3 Stoffel Vandoorne (40866187714).jpg	CC BY-SA 2.0
2018-03	ACCEPTED	File:2018 Chinese Grand Prix FP3 Valtteri Bottas (39860983280).jpg	CC BY-SA 2.0
2018-04	ACCEPTED	File:Daniel Ricciardo 2018 Azerbaijan GP.jpg	CC BY-SA 4.0
2018-04	ACCEPTED	File:Fernando Alonso 2018 AzerbaijanGP.jpg	CC BY-SA 4.0
2018-04	ACCEPTED	File:Kevin Magnussen 2018 Azerbaijan GP.jpg	CC BY-SA 4.0
2018-04	ACCEPTED	File:Kimi Raikkonen 2018 Azerbaijan GP.jpg	CC BY-SA 4.0
2018-04	ACCEPTED	File:Lewis Hamilton 2018 Azerbaijan GP (cropped).jpg	CC BY-SA 4.0
2018-04	ACCEPTED	File:Pierre Gasly 2018 Azerbaijan GP.jpg	CC BY-SA 4.0
2018-04	ACCEPTED	File:Romain Grosjean Azerbaijan GP 2018.jpg	CC BY-SA 4.0
2018-04	ACCEPTED	File:Sebastian Vettel 2018 Azerbaijan GP.jpg	CC BY-SA 4.0
2018-05	ACCEPTED	File:2018 Spanish Grand Prix Alonso (1).jpg	CC BY 2.0
2018-05	ACCEPTED	File:2018 Spanish Grand Prix Alonso (10).jpg	CC BY 2.0
2018-05	ACCEPTED	File:2018 Spanish Grand Prix Alonso (11).jpg	CC BY 2.0
2018-05	ACCEPTED	File:2018 Spanish Grand Prix Alonso (12).jpg	CC BY-SA 2.5
2018-05	ACCEPTED	File:2018 Spanish Grand Prix Alonso (2).jpg	CC BY 2.0
2018-05	ACCEPTED	File:2018 Spanish Grand Prix Alonso (3).jpg	CC BY 2.0
2018-05	ACCEPTED	File:2018 Spanish Grand Prix Alonso (4).jpg	CC BY 2.0
2018-05	ACCEPTED	File:2018 Spanish Grand Prix Alonso (6).jpg	CC BY 2.0
2018-05	ACCEPTED	File:2018 Spanish Grand Prix Alonso (7).jpg	CC BY 2.0
2018-05	ACCEPTED	File:2018 Spanish Grand Prix Alonso (8).jpg	CC BY 2.0
2018-05	ACCEPTED	File:2018 Spanish Grand Prix Alonso (9).jpg	CC BY 2.0
2018-05	ACCEPTED	File:2018 Spanish Grand Prix Bottas (1).jpg	CC BY 2.0
2018-07	ACCEPTED	File:Canadian F1 Grand Prix (28039402307).jpg	CC BY 2.0
2018-07	ACCEPTED	File:Canadian F1 Grand Prix (28039403177).jpg	CC BY 2.0
2018-07	ACCEPTED	File:Canadian F1 Grand Prix (28039404127).jpg	CC BY 2.0
2018-07	ACCEPTED	File:Canadian F1 Grand Prix (28039404967).jpg	CC BY 2.0
2018-07	ACCEPTED	File:Canadian F1 Grand Prix (28039405727).jpg	CC BY 2.0
2018-07	ACCEPTED	File:Canadian F1 Grand Prix (28039406367).jpg	CC BY 2.0
2018-07	ACCEPTED	File:Canadian F1 Grand Prix (28039407107).jpg	CC BY 2.0
2018-07	ACCEPTED	File:Canadian F1 Grand Prix (28039407957).jpg	CC BY 2.0
2018-07	ACCEPTED	File:Canadian F1 Grand Prix (28039408867).jpg	CC BY 2.0
2018-07	ACCEPTED	File:Canadian F1 Grand Prix (42859595692).jpg	CC BY 2.0
2018-07	ACCEPTED	File:Canadian F1 Grand Prix (42908103151).jpg	CC BY 2.0
2018-07	ACCEPTED	File:Canadian F1 Grand Prix (42908103871).jpg	CC BY 2.0
2018-09	ACCEPTED	File:2018 Austrian Grand Prix Kubica (41304584440).jpg	CC BY 2.0
2018-09	ACCEPTED	File:2018 Austrian Grand Prix Sauber box (41304213280).jpg	CC BY 2.0
2018-09	ACCEPTED	File:2018 Austrian Grand Prix Vettel (41304377770).jpg	CC BY 2.0
2018-09	ACCEPTED	File:2018 Austrian Grand Prix circuit (41304090580).jpg	CC BY 2.0
2018-09	ACCEPTED	File:2018 Austrian Grand Prix main straight (43211916542).jpg	CC BY 2.0
2018-09	ACCEPTED	File:2018 Austrian Grand Prix podium (29388813658).jpg	CC BY 2.0
2018-09	ACCEPTED	File:2018 Austrian Grand Prix sculpture (29223882808).jpg	CC BY 2.0
2018-09	ACCEPTED	File:2018 Austrian Grand Prix start (29275475958).jpg	CC BY 2.0
2018-09	ACCEPTED	File:2018 Austrian Grand Prix turn 1 (43147259711).jpg	CC BY 2.0
2018-09	ACCEPTED	File:Austrian Grand Prix 2018 2nd place (42286395685).jpg	CC BY 2.0
2018-09	ACCEPTED	File:Austrian Grand Prix 2018, 3rd place (29319270638).jpg	CC BY 2.0
2018-09	ACCEPTED	File:Austrian Grand Prix 2018, winner (28321441927).jpg	CC BY 2.0
2018-10	ACCEPTED	File:2018 British Grand Prix (29870530658).jpg	CC BY 2.0
2018-10	ACCEPTED	File:2018 British Grand Prix (29870735588).jpg	CC BY 2.0
2018-10	ACCEPTED	File:2018 British Grand Prix (29870742248).jpg	CC BY 2.0
2018-10	ACCEPTED	File:2018 British Grand Prix (29870743498).jpg	CC BY 2.0
2018-10	ACCEPTED	File:2018 British Grand Prix (29870770798).jpg	CC BY 2.0
2018-10	ACCEPTED	File:2018 British Grand Prix (29870814818).jpg	CC BY 2.0
2018-10	ACCEPTED	File:2018 British Grand Prix (29870821048).jpg	CC BY 2.0
2018-10	ACCEPTED	File:2018 British Grand Prix (29870829668).jpg	CC BY 2.0
2018-10	ACCEPTED	File:2018 British Grand Prix (29870937808).jpg	CC BY 2.0
2018-10	ACCEPTED	File:2018 British Grand Prix (41932719230).jpg	CC BY 2.0
2018-10	ACCEPTED	File:2018 British Grand Prix (41932769460).jpg	CC BY 2.0
2018-10	ACCEPTED	File:2018 British Grand Prix (41932774510).jpg	CC BY 2.0
2018-13	ACCEPTED	File:Lando Norris - Belgium GP 2018 - FP1.jpg	CC BY-SA 4.0
2018-13	ACCEPTED	File:McLarenMCL33Belgium2018.jpg	CC BY-SA 4.0
2018-14	ACCEPTED	File:2018 Italian Grand Prix Bottas (43172674280).jpg	CC BY-SA 2.0
2018-14	ACCEPTED	File:2018 Italian Grand Prix Hamilton (44313902384) (cropped).jpg	CC BY-SA 2.0
2018-14	ACCEPTED	File:2018 Italian Grand Prix Hartley (44927757841).jpg	CC BY-SA 2.0
2018-14	ACCEPTED	File:2018 Italian Grand Prix Räikkönen 1 (44313888794).jpg	CC BY-SA 2.0
2018-14	ACCEPTED	File:2018 Italian Grand Prix Räikkönen 2 (44286000484).jpg	CC BY-SA 2.0
2018-14	ACCEPTED	File:2018 Italian Grand Prix Sainz (31054555388).jpg	CC BY-SA 2.0
2018-14	ACCEPTED	File:2018 Italian Grand Prix Vettel (31054556768).jpg	CC BY-SA 2.0
2018-14	ACCEPTED	File:2018 Italian Grand Prix after (31160648248).jpg	CC BY-SA 2.0
2018-14	ACCEPTED	File:Daniel Ricciardo - 2018 Italian Grand Prix FP2.jpg	CC BY-SA 4.0
2018-14	ACCEPTED	File:Hamilton, Raikkonen, Bottas Monza 2018 - race.jpg	CC BY-SA 4.0
2018-14	ACCEPTED	File:Lance Stroll and Sergio Pérez, 2018 Italian Grand Prix.jpg	CC BY-SA 4.0
2018-14	ACCEPTED	File:Lance Stroll, 2018 Italian Grand Prix FP1.jpg	CC BY-SA 4.0
2018-15	ACCEPTED	File:Scuderia Toro Rosso Spare Front Wings 2018 Singapore Grand Prix.jpg	CC BY-SA 4.0
2018-17	ACCEPTED	File:2018 Japanese Grand Prix Award Ceremony 1.jpg	CC BY 4.0
2018-17	ACCEPTED	File:2018 Japanese Grand Prix Award Ceremony 2.jpg	CC BY 4.0
2018-17	ACCEPTED	File:2018 Japanese Grand Prix Norris (31662861328).jpg	CC BY-SA 2.0
2018-17	ACCEPTED	File:2018 Japanese Grand Prix Ricciardo (31693391448).jpg	CC BY-SA 2.0
2018-17	ACCEPTED	File:2018 Japanese Grand Prix Sainz (30675106167).jpg	CC BY-SA 2.0
2018-17	ACCEPTED	File:Alessandro Nannini Benetton B189 2018 Japanese Grand Prix (45632550611).jpg	CC BY-SA 2.0
2018-17	ACCEPTED	File:Felipe Massa Ferrari 248 F1 2018 Japanese Grand Prix (43814922320).jpg	CC BY-SA 2.0
2018-17	ACCEPTED	File:Felipe Massa Ferrari F10 2018 Japanese Grand Prix (43814922660).jpg	CC BY-SA 2.0
2018-17	ACCEPTED	File:Gerhard Berger Ferrari F1 87 2018 Japanese Grand Prix (45632550111).jpg	CC BY-SA 2.0
2018-17	ACCEPTED	File:Lewis Hamilton - Suzuka 2018 FP2 (45565557652).jpg	CC BY-SA 2.0
2018-17	ACCEPTED	File:Mika Häkkinen McLaren MP4 13 2018 Japanese Grand Prix (43814922580) (cropped).jpg	CC BY-SA 2.0
2018-17	ACCEPTED	File:Philippe Streiff AGS JH23 2018 Japanese Grand Prix (43814923310).jpg	CC BY-SA 2.0
2018-18	ACCEPTED	File:2018 US Grand Prix at the Circuit of the Americas.jpg	CC BY-SA 4.0
2018-18	ACCEPTED	File:Fly-by F1 COTA 2018-1.jpg	CC0
2018-18	ACCEPTED	File:Fly-by F1 COTA 2018-2.jpg	CC0
2018-18	ACCEPTED	File:Max Verstappen 2018 US Grand Prix.jpg	CC BY-SA 4.0
2018-19	ACCEPTED	File:Tatiana Calderón primera latina en pilotear un Fórmula Uno 01 (cropped-1).jpg	CC BY 3.0
2018-19	ACCEPTED	File:Tatiana Calderón primera latina en pilotear un Fórmula Uno 01 (cropped-2).jpg	CC BY 3.0
2018-19	ACCEPTED	File:Tatiana Calderón primera latina en pilotear un Fórmula Uno 01.jpg	CC BY 3.0
2018-19	ACCEPTED	File:Tatiana Calderón primera latina en pilotear un Fórmula Uno 02.jpg	CC BY 3.0
2018-19	ACCEPTED	File:Tatiana Calderón primera latina en pilotear un Fórmula Uno 03.jpg	CC BY 3.0
2018-19	ACCEPTED	File:Tatiana Calderón primera latina en pilotear un Fórmula Uno 04.jpg	CC BY 3.0
2019-03	ACCEPTED	File:2019 Chinese Grand Prix Bottas (46683739015).jpg	CC BY-SA 2.0
2019-03	ACCEPTED	File:2019 Chinese Grand Prix Hamilton (47611075911).jpg	CC BY-SA 2.0
2019-03	ACCEPTED	File:2019 Chinese Grand Prix Leclerc (47583134682) (cropped).jpg	CC BY-SA 2.0
2019-03	ACCEPTED	File:2019 Chinese Grand Prix Mercedes team (47606621861).jpg	CC BY-SA 2.0
2019-03	ACCEPTED	File:2019 Chinese Grand Prix Verstappen (47628580321).jpg	CC BY-SA 4.0
2019-03	ACCEPTED	File:2019 Chinese Grand Prix Vettel (46702439085).jpg	CC BY-SA 2.0
2019-03	ACCEPTED	File:2019 Chinese Grand Prix podium (46896881704).jpg	CC BY-SA 2.0
2019-03	ACCEPTED	File:2019 Chinese Grand Prix, Champagne Time (47553430762).jpg	CC BY-SA 2.0
2019-03	ACCEPTED	File:2019 Chinese Grand Prix, F1 1000 (77326563).jpg	CC BY-SA 2.0
2019-03	ACCEPTED	File:Carlos Sainz, 2019 Chinese GP.jpg	CC BY-SA 4.0
2019-03	ACCEPTED	File:Charles Leclerc, 2019 Chinese GP.jpg	CC BY-SA 4.0
2019-03	ACCEPTED	File:Daniel Ricciardo, 2019 Chinese GP.jpg	CC BY-SA 4.0
2019-04	ACCEPTED	File:Ferrari F1 (51029943032).jpg	CC BY-SA 2.0
2019-04	ACCEPTED	File:Four Seasons Hotel Baku during 2019 Formula-1 Azerbaijan Grand Prix.jpg	CC BY 4.0
2019-04	ACCEPTED	File:Ilham Aliyev watched the opening ceremony of the 2019 Formula-1 Azerbaijan Grand Prix and final race 04.jpg	CC BY 4.0
2019-04	ACCEPTED	File:Ilham Aliyev watched the opening ceremony of the 2019 Formula-1 Azerbaijan Grand Prix and final race 05.jpg	CC BY 4.0
2019-04	ACCEPTED	File:Ilham Aliyev watched the opening ceremony of the 2019 Formula-1 Azerbaijan Grand Prix and final race 06.jpg	CC BY 4.0
2019-04	ACCEPTED	File:Ilham Aliyev watched the opening ceremony of the 2019 Formula-1 Azerbaijan Grand Prix and final race 21.jpg	CC BY 4.0
2019-04	ACCEPTED	File:Ilham Aliyev watched the opening ceremony of the 2019 Formula-1 Azerbaijan Grand Prix and final race 24.jpg	CC BY 4.0
2019-04	ACCEPTED	File:Ilham Aliyev watched the opening ceremony of the 2019 Formula-1 Azerbaijan Grand Prix and final race 25.jpg	CC BY 4.0
2019-04	ACCEPTED	File:Ilham Aliyev watched the opening ceremony of the 2019 Formula-1 Azerbaijan Grand Prix and final race 27.jpg	CC BY 4.0
2019-04	ACCEPTED	File:Ilham Aliyev watched the opening ceremony of the 2019 Formula-1 Azerbaijan Grand Prix and final race 28.jpg	CC BY 4.0
2019-04	ACCEPTED	File:Ilham Aliyev watched the opening ceremony of the 2019 Formula-1 Azerbaijan Grand Prix and final race 29.jpg	CC BY 4.0
2019-04	ACCEPTED	File:Ilham Aliyev watched the opening ceremony of the 2019 Formula-1 Azerbaijan Grand Prix and final race 30.jpg	CC BY 4.0
2019-06	ACCEPTED	File:Monaco IMG 0998.jpg	CC BY-SA 4.0
2019-06	ACCEPTED	File:Siegerpodest Monaco IMG 1196.jpg	CC BY-SA 4.0
2019-07	ACCEPTED	File:2019 Canadian Grand Prix Bottas (48089394381).jpg	CC BY 2.0
2019-07	ACCEPTED	File:2019 Canadian Grand Prix Bottas (48089492662).jpg	CC BY 2.0
2019-07	ACCEPTED	File:2019 Canadian Grand Prix Giovinazzi (48089395946).jpg	CC BY 2.0
2019-07	ACCEPTED	File:2019 Canadian Grand Prix Hamilton (48089447432).jpg	CC BY 2.0
2019-07	ACCEPTED	File:2019 Canadian Grand Prix Hülkenberg (48089430413).jpg	CC BY 2.0
2019-07	ACCEPTED	File:2019 Canadian Grand Prix Kvyat (48089397896).jpg	CC BY 2.0
2019-07	ACCEPTED	File:2019 Canadian Grand Prix Kvyat (48089431083).jpg	CC BY 2.0
2019-07	ACCEPTED	File:2019 Canadian Grand Prix Leclerc (48089395812).jpg	CC BY 2.0
2019-07	ACCEPTED	File:2019 Canadian Grand Prix Magnussen (48089395876).jpg	CC BY 2.0
2019-07	ACCEPTED	File:2019 Canadian Grand Prix Pérez (48089471677).jpg	CC BY 2.0
2019-07	ACCEPTED	File:2019 Canadian Grand Prix Räikkönen Bottas (48089432023) (cropped).jpg	CC BY 2.0
2019-07	ACCEPTED	File:2019 Canadian Grand Prix Verstappen (48089411068).jpg	CC BY 2.0
2019-09	ACCEPTED	File:F12019 Schloss Gabelhofen (01).jpg	CC BY-SA 4.0
2019-09	ACCEPTED	File:F12019 Schloss Gabelhofen (02).jpg	CC BY-SA 4.0
2019-09	ACCEPTED	File:F12019 Schloss Gabelhofen (03).jpg	CC BY-SA 4.0
2019-09	ACCEPTED	File:F12019 Schloss Gabelhofen (04).jpg	CC BY-SA 4.0
2019-09	ACCEPTED	File:F12019 Schloss Gabelhofen (05).jpg	CC BY-SA 4.0
2019-09	ACCEPTED	File:F12019 Schloss Gabelhofen (06).jpg	CC BY-SA 4.0
2019-09	ACCEPTED	File:F12019 Schloss Gabelhofen (07).jpg	CC BY-SA 4.0
2019-09	ACCEPTED	File:F12019 Schloss Gabelhofen (08).jpg	CC BY-SA 4.0
2019-09	ACCEPTED	File:F12019 Schloss Gabelhofen (09).jpg	CC BY-SA 4.0
2019-09	ACCEPTED	File:F12019 Schloss Gabelhofen (10).jpg	CC BY-SA 4.0
2019-09	ACCEPTED	File:F12019 Schloss Gabelhofen (11).jpg	CC BY-SA 4.0
2019-09	ACCEPTED	File:F12019 Schloss Gabelhofen (12).jpg	CC BY-SA 4.0
2019-11	ACCEPTED	File:Charles Leclerc aux essais libre à Hockenheim.jpg	CC BY-SA 4.0
2019-12	ACCEPTED	File:2019 Formula 1 Hungarian GP podium.jpg	CC BY-SA 4.0
2019-12	ACCEPTED	File:2019 James Vowles.jpg	CC BY-SA 4.0
2019-12	ACCEPTED	File:Alexander Albon during Hungarian Formula 1 GP.jpg	CC BY-SA 4.0
2019-12	ACCEPTED	File:Antonio Giovinazzi during Hungarian Formula 1 GP.jpg	CC BY-SA 4.0
2019-12	ACCEPTED	File:Carlos Sainz Jr. during Hungarian Formula 1 Grand Prix.jpg	CC BY-SA 4.0
2019-12	ACCEPTED	File:Charles Leclerc during Hungarian Formula 1 GP.jpg	CC BY-SA 4.0
2019-12	ACCEPTED	File:Daniel Ricciardo during Hungarian Formula 1 GP.jpg	CC BY-SA 4.0
2019-12	ACCEPTED	File:Daniil Kvyat during Hungarian Formula 1 GP.jpg	CC BY-SA 4.0
2019-12	ACCEPTED	File:Formula 1 Hungarian Grand Prix 2019 drivers' parade.jpg	CC BY-SA 4.0
2019-12	ACCEPTED	File:Formula 1 Medical Car Mercedes C63 S Estate.jpg	CC BY-SA 4.0
2019-12	ACCEPTED	File:Formula 1 Medical Car Mercedes GLE.jpg	CC BY-SA 4.0
2019-12	ACCEPTED	File:Formula 1 Safety Car Mercedes-AMG GT R.jpg	CC BY-SA 4.0
2019-14	ACCEPTED	File:"Follow You, Follow Me", Qualfying Part 3, 2019 Italian Grand Prix, Monza, 7th September.jpg	CC BY 2.0
2019-14	ACCEPTED	File:Alexander Albon at 2019 Italian Grand Prix (qualifying).jpg	CC BY-SA 4.0
2019-14	ACCEPTED	File:Carlos Sainz 2019 Italian Grand Prix FP2.jpg	CC BY-SA 4.0
2019-14	ACCEPTED	File:Charles Leclerc 2019 Italian Grand Prix.jpg	CC BY-SA 4.0
2019-14	ACCEPTED	File:Charles Leclerc and Lewis Hamilton 2019 Italian Grand Prix.jpg	CC BY-SA 4.0
2019-14	ACCEPTED	File:Charles Leclerc, Ferrari SF90 holds off Lewis Hamilton, Mercedes F1 W10, 2019 Italian Grand Prix, Monza, 8th September.jpg	CC BY 2.0
2019-14	ACCEPTED	File:Esteban Gutiérrez en el Gran Premio de Italia 2019.jpg	CC BY-SA 4.0
2019-14	ACCEPTED	File:Ferrari F1 2019.jpg	CC BY-SA 4.0
2019-14	ACCEPTED	File:Frecce Tricolori, Aermacchi MB-339 PAN, display before the 2019 Italian Grand Prix, Monza, 8th September.jpg	CC BY 2.0
2019-14	ACCEPTED	File:George Russel Italian Grand Prix 2019.jpg	CC BY-SA 4.0
2019-14	ACCEPTED	File:George Russell 2019 Italian Grand Prix FP2.jpg	CC BY-SA 4.0
2019-14	ACCEPTED	File:Hamilton Monza19.jpg	CC BY-SA 4.0
2019-15	ACCEPTED	File:F1 vettel 2019 pod (cropped).jpg	CC BY-SA 4.0
2019-17	ACCEPTED	File:2019 Japanese Grand Prix Alexander Albon (49028199573).jpg	CC BY-SA 2.0
2019-17	ACCEPTED	File:2019 Japanese Grand Prix Charles Leclerc (49054956397).jpg	CC BY-SA 2.0
2019-17	ACCEPTED	File:2019 Japanese Grand Prix Daniel Ricciardo (49028922797).jpg	CC BY-SA 2.0
2019-17	ACCEPTED	File:2019 Japanese Grand Prix Daniil Kvyat (49043825712).jpg	CC BY-SA 2.0
2019-17	ACCEPTED	File:2019 Japanese Grand Prix Daniil Kvyat.jpg	CC BY-SA 4.0
2019-17	ACCEPTED	File:2019 Japanese Grand Prix George Russell (49043109563).jpg	CC BY-SA 2.0
2019-17	ACCEPTED	File:2019 Japanese Grand Prix George Russell (49054745471).jpg	CC BY-SA 2.0
2019-17	ACCEPTED	File:2019 Japanese Grand Prix Kimi Räikkönen (49028710081).jpg	CC BY-SA 2.0
2019-17	ACCEPTED	File:2019 Japanese Grand Prix Lando Norris (49058926488).jpg	CC BY-SA 2.0
2019-17	ACCEPTED	File:2019 Japanese Grand Prix Lewis Hamilton (49059436436).jpg	CC BY-SA 2.0
2019-17	ACCEPTED	File:2019 Japanese Grand Prix Max Verstappen (49028922522).jpg	CC BY-SA 2.0
2019-17	ACCEPTED	File:2019 Japanese Grand Prix McLaren (49059435891).jpg	CC BY-SA 2.0
2019-18	ACCEPTED	File:Ferrari on its practice lap - México 2019 (49082165032).jpg	CC BY-SA 2.0
2019-20	ACCEPTED	File:Fórmula 1 – Grande Prêmio do Brasil de F1 2019 (49080039653).jpg	CC BY 2.0
2019-20	ACCEPTED	File:Fórmula 1 – Grande Prêmio do Brasil de F1 2019 (49080039668) (cropped)HannahSchmitz.jpg	CC BY 2.0
2019-20	ACCEPTED	File:Fórmula 1 – Grande Prêmio do Brasil de F1 2019 (49080039668).jpg	CC BY 2.0
2019-20	ACCEPTED	File:Fórmula 1 – Grande Prêmio do Brasil de F1 2019 (49080061616).jpg	CC BY 2.0
2019-20	ACCEPTED	File:Fórmula 1 – Grande Prêmio do Brasil de F1 2019 (49080061636).jpg	CC BY 2.0
2019-20	ACCEPTED	File:Fórmula 1 – Grande Prêmio do Brasil de F1 2019 (49080268437).jpg	CC BY 2.0
2019-20	ACCEPTED	File:Fórmula 1 – Grande Prêmio do Brasil de F1 2019 (49080565726).jpg	CC BY 2.0
2019-20	ACCEPTED	File:Fórmula 1 – Grande Prêmio do Brasil de F1 2019 (49080565731).jpg	CC BY 2.0
2019-20	ACCEPTED	File:Fórmula 1 – Grande Prêmio do Brasil de F1 2019 (49080565746) (cropped).jpg	CC BY 2.0
2019-20	ACCEPTED	File:Fórmula 1 – Grande Prêmio do Brasil de F1 2019 (49080768887) (cropped).jpg	CC BY 2.0
2019-20	ACCEPTED	File:Fórmula 1 – Grande Prêmio do Brasil de F1 2019 (49080768892) (cropped).jpg	CC BY 2.0
2019-20	ACCEPTED	File:Fórmula 1 – Grande Prêmio do Brasil de F1 2019 (49080768902).jpg	CC BY 2.0
2019-21	ACCEPTED	File:A6-BLV 21082019LHR (48630086812).jpg	CC BY-SA 2.0
2019-21	ACCEPTED	File:A6-BLV Etihad Airways B789 Formula 1 Livery FRA (47974978693).jpg	CC BY 2.0
2020-04	ACCEPTED	File:Lando Norris 2020 British Grand Prix helmet (2).jpg	CC BY 2.0
2020-04	ACCEPTED	File:Lando Norris 2020 British Grand Prix helmet.jpg	CC BY 2.0
2020-08	ACCEPTED	File:Italian F1 - Monza - Ank Kumar 07.jpg	CC BY-SA 4.0
2020-09	ACCEPTED	File:Alexander Albon 2020 Tuscan Grand Prix - race day.jpg	CC BY-SA 4.0
2020-09	ACCEPTED	File:Charles Leclerc 2020 Tuscan Grand Prix - race day.jpg	CC BY-SA 4.0
2020-09	ACCEPTED	File:Daniel Ricciardo 2020 Tuscan Grand Prix 2 (cropped).jpg	CC BY-SA 4.0
2020-09	ACCEPTED	File:Daniil Kvyat 2020 Tuscan Grand Prix - race day.jpg	CC BY-SA 4.0
2020-09	ACCEPTED	File:George Russell 2020 Tuscan Grand Prix - race day.jpg	CC BY-SA 4.0
2020-09	ACCEPTED	File:George Russell Mugello 2020, race day.jpg	CC BY-SA 4.0
2020-09	ACCEPTED	File:Lando Norris 2020 Tuscan Grand Prix - race day.jpg	CC BY-SA 4.0
2020-09	ACCEPTED	File:Lewis Hamilton 2020 Tuscan Grand Prix - race day (cropped).jpg	CC BY-SA 4.0
2020-09	ACCEPTED	File:Romain Grosjean2020 Tuscan Grand Prix - race day.jpg	CC BY-SA 4.0
2020-09	ACCEPTED	File:Sebastian Vettel 2020 Tuscan Grand Prix - race day (cropped).jpg	CC BY-SA 4.0
2020-09	ACCEPTED	File:Valtteri Bottas 2020 Tuscan Grand Prix - race day.jpg	CC BY-SA 4.0
2020-17	ACCEPTED	File:Freek live performance at Formula 1 Abu Dhabi 2020.jpg	CC BY-SA 4.0
2021-08	ACCEPTED	File:Formel12021-SchlossGabelhofen(01).jpg	CC BY-SA 4.0
2021-08	ACCEPTED	File:Formel12021-SchlossGabelhofen(02).jpg	CC BY-SA 4.0
2021-08	ACCEPTED	File:Formel12021-SchlossGabelhofen(04).jpg	CC BY-SA 4.0
2021-08	ACCEPTED	File:Formel12021-SchlossGabelhofen(05).jpg	CC BY-SA 4.0
2021-08	ACCEPTED	File:Formel12021-SchlossGabelhofen(06).jpg	CC BY-SA 4.0
2021-08	ACCEPTED	File:Formel12021-SchlossGabelhofen(07).jpg	CC BY-SA 4.0
2021-08	ACCEPTED	File:Formel12021-SchlossGabelhofen(08).jpg	CC BY-SA 4.0
2021-08	ACCEPTED	File:Formel12021-SchlossGabelhofen(09).jpg	CC BY-SA 4.0
2021-08	ACCEPTED	File:Formel12021-SchlossGabelhofen(10).jpg	CC BY-SA 4.0
2021-08	ACCEPTED	File:Formel12021-SchlossGabelhofen(11).jpg	CC BY-SA 4.0
2021-08	ACCEPTED	File:Formel12021-SchlossGabelhofen(12).jpg	CC BY-SA 4.0
2021-08	ACCEPTED	File:Formel12021-SchlossGabelhofen(13).jpg	CC BY-SA 4.0
2021-09	ACCEPTED	File:FIA F1 Austria 2021 Medical Car (Mercedes).jpg	CC BY-SA 4.0
2021-09	ACCEPTED	File:FIA F1 Austria 2021 Nr. 10 Gasly (back).jpg	CC BY-SA 4.0
2021-09	ACCEPTED	File:FIA F1 Austria 2021 Nr. 10 Gasly (corner).jpg	CC BY-SA 4.0
2021-09	ACCEPTED	File:FIA F1 Austria 2021 Nr. 10 Gasly (side).jpg	CC BY-SA 4.0
2021-09	ACCEPTED	File:FIA F1 Austria 2021 Nr. 10 Gasly.jpg	CC BY-SA 4.0
2021-09	ACCEPTED	File:FIA F1 Austria 2021 Nr. 11 Perez (back).jpg	CC BY-SA 4.0
2021-09	ACCEPTED	File:FIA F1 Austria 2021 Nr. 11 Perez (corner).jpg	CC BY-SA 4.0
2021-09	ACCEPTED	File:FIA F1 Austria 2021 Nr. 11 Perez (side).jpg	CC BY-SA 4.0
2021-09	ACCEPTED	File:FIA F1 Austria 2021 Nr. 11 Perez.jpg	CC BY-SA 4.0
2021-09	ACCEPTED	File:FIA F1 Austria 2021 Nr. 14 Alonso (back).jpg	CC BY-SA 4.0
2021-09	ACCEPTED	File:FIA F1 Austria 2021 Nr. 14 Alonso (corner).jpg	CC BY-SA 4.0
2021-09	ACCEPTED	File:FIA F1 Austria 2021 Nr. 14 Alonso (side).jpg	CC BY-SA 4.0
2021-10	ACCEPTED	File:2021 British Grand Prix (51348535907) (cropped).jpg	CC BY 2.0
2021-10	ACCEPTED	File:2021 British Grand Prix (51348536677).jpg	CC BY 2.0
2021-10	ACCEPTED	File:2021 British Grand Prix (51348537432).jpg	CC BY 2.0
2021-10	ACCEPTED	File:2021 British Grand Prix (51348538082).jpg	CC BY 2.0
2021-10	ACCEPTED	File:2021 British Grand Prix (51348538237).jpg	CC BY 2.0
2021-10	ACCEPTED	File:2021 British Grand Prix (51348538437).jpg	CC BY 2.0
2021-10	ACCEPTED	File:2021 British Grand Prix (51348539532).jpg	CC BY 2.0
2021-10	ACCEPTED	File:2021 British Grand Prix (51348540062).jpg	CC BY 2.0
2021-10	ACCEPTED	File:2021 British Grand Prix (51348540487).jpg	CC BY 2.0
2021-10	ACCEPTED	File:2021 British Grand Prix (51348549082).jpg	CC BY 2.0
2021-10	ACCEPTED	File:2021 British Grand Prix (51348549372).jpg	CC BY 2.0
2021-10	ACCEPTED	File:2021 British Grand Prix (51348550187).jpg	CC BY 2.0
2021-15	ACCEPTED	File:Starting grid on 2021 Russian Grand Prix 01.jpg	CC BY-SA 4.0
2021-15	ACCEPTED	File:Starting grid on 2021 Russian Grand Prix 02.jpg	CC BY-SA 4.0
2021-15	ACCEPTED	File:Starting grid on 2021 Russian Grand Prix 03.jpg	CC BY-SA 4.0
2021-15	ACCEPTED	File:Starting grid on 2021 Russian Grand Prix 04.jpg	CC BY-SA 4.0
2021-15	ACCEPTED	File:Starting grid on 2021 Russian Grand Prix 05.jpg	CC BY-SA 4.0
2021-16	ACCEPTED	File:F1 Turkey GP 2021 (1).jpg	CC BY-SA 4.0
2021-16	ACCEPTED	File:F1 Turkey GP 2021 (2).jpg	CC BY-SA 4.0
2021-16	ACCEPTED	File:F1 Turkey GP 2021 (3).jpg	CC BY-SA 4.0
2021-16	ACCEPTED	File:F1 Turkey GP 2021 (4).jpg	CC BY-SA 4.0
2021-16	ACCEPTED	File:Formula 1 DRS tespit cihazı.jpg	CC BY-SA 4.0
2021-17	ACCEPTED	File:2021 US GP Sergio Perez.jpg	CC BY-SA 4.0
2021-17	ACCEPTED	File:2021 US GP driver parade (cropped2).jpg	CC BY-SA 4.0
2021-17	ACCEPTED	File:2021 US GP driver parade.jpg	CC BY-SA 4.0
2021-17	ACCEPTED	File:2021 US GP, Leclerc.jpg	CC BY-SA 4.0
2021-17	ACCEPTED	File:2021 US GP, Ricciardo.jpg	CC BY-SA 4.0
2021-17	ACCEPTED	File:2021 US GP, Tsunoda.jpg	CC BY-SA 4.0
2021-17	ACCEPTED	File:2021 United States Grand Prix 01.jpg	CC BY 2.0
2021-17	ACCEPTED	File:2021 United States Grand Prix 02 (cropped).jpg	CC BY 2.0
2021-17	ACCEPTED	File:2021 United States Grand Prix 03.jpg	CC BY 2.0
2021-17	ACCEPTED	File:2021 United States Grand Prix 04.jpg	CC BY 2.0
2021-17	ACCEPTED	File:2021 United States Grand Prix 05.jpg	CC BY 2.0
2021-17	ACCEPTED	File:2021 United States Grand Prix 06.jpg	CC BY 2.0
2021-22	ACCEPTED	File:Abu Dhabi Grand Prix Mexicans support Checo Perez F1.jpg	CC BY-SA 4.0
2022-01	ACCEPTED	File:Bottas (Bahrain, 2022).jpg	CC BY-SA 4.0
2022-01	ACCEPTED	File:Zhou (Bahrain, 2022).jpg	CC BY-SA 4.0
2022-03	ACCEPTED	File:Albert Park circuit main straight, pictured from above teams' garages in 2022.jpg	CC BY-SA 4.0
2022-03	ACCEPTED	File:Ferrari F1-75 in Melbourne.jpg	CC BY 4.0
2022-04	ACCEPTED	File:2022 Emilia Romagna GP - Alfa Romeo C42 of Guanyu Zhou.jpg	CC BY-SA 4.0
2022-04	ACCEPTED	File:2022 Emilia Romagna GP - Ferrari F1-75 of Charles Leclerc.jpg	CC BY-SA 4.0
2022-04	ACCEPTED	File:2022 Emilia Romagna GP - Mercedes-AMG F1 W13 E Performance of Lewis Hamilton.jpg	CC BY-SA 4.0
2022-04	ACCEPTED	File:Alex Albon 2022.jpg	CC BY-SA 4.0
2022-04	ACCEPTED	File:Aston Martin 2 Safety Car F1 2022.jpg	CC BY-SA 4.0
2022-04	ACCEPTED	File:Aston Martin Safety Car F1 2022.jpg	CC BY-SA 4.0
2022-04	ACCEPTED	File:Carlos Sainz Jr. 2022.jpg	CC BY-SA 4.0
2022-04	ACCEPTED	File:Charles Leclerc 2022.jpg	CC BY-SA 4.0
2022-04	ACCEPTED	File:Daniel Ricciardo 2022 Emilia Romagna.jpg	CC BY-SA 4.0
2022-04	ACCEPTED	File:Daniel Ricciardo 2022.jpg	CC BY-SA 4.0
2022-04	ACCEPTED	File:Esteban Ocon 2022 Emilia Romagna GP.jpg	CC BY-SA 4.0
2022-04	ACCEPTED	File:Fernando Alonso 2022.jpg	CC BY-SA 4.0
2022-06	ACCEPTED	File:2022 Spanish Grand Prix, Alonso (1) (cropped).jpg	CC BY-SA 2.0
2022-06	ACCEPTED	File:2022 Spanish Grand Prix, Alonso (2) (cropped).jpg	CC BY-SA 2.0
2022-06	ACCEPTED	File:2022 Spanish Grand Prix, Alonso (3) (cropped).jpg	CC BY-SA 2.0
2022-06	ACCEPTED	File:2022 Spanish Grand Prix, Alonso (4).jpg	CC BY-SA 2.0
2022-06	ACCEPTED	File:2022 Spanish Grand Prix, Alonso (5).jpg	CC BY-SA 2.0
2022-06	ACCEPTED	File:2022 Spanish Grand Prix, Alonso (6).jpg	CC BY-SA 2.0
2022-06	ACCEPTED	File:2022 Spanish Grand Prix, Alonso (7).jpg	CC BY-SA 2.0
2022-06	ACCEPTED	File:2022 Spanish Grand Prix, Alonso (8) (cropped).jpg	CC BY-SA 2.0
2022-06	ACCEPTED	File:2022 Spanish Grand Prix, Leclerc (1).jpg	CC BY-SA 2.0
2022-06	ACCEPTED	File:2022 Spanish Grand Prix, Leclerc (2).jpg	CC BY-SA 2.0
2022-06	ACCEPTED	File:2022 Spanish Grand Prix, Leclerc (3).jpg	CC BY-SA 2.0
2022-06	ACCEPTED	File:2022 Spanish Grand Prix, Ocon (1).jpg	CC BY-SA 2.0
2022-07	ACCEPTED	File:Ayats Bravo Citytour Monaco (54777033595).jpg	CC0
2022-07	ACCEPTED	File:Circuit de Monaco (54784872773).jpg	CC0
2022-07	ACCEPTED	File:Circuit de Monaco (54799423456).jpg	CC0
2022-07	ACCEPTED	File:Circuit de Monaco - Alfa Romeo & Haas box (54798537032).jpg	CC0
2022-07	ACCEPTED	File:Circuit de Monaco - Alfa Romeo box (54799647358).jpg	CC0
2022-07	ACCEPTED	File:Circuit de Monaco - Alpha Tauri box (54799639238).jpg	CC0
2022-07	ACCEPTED	File:Circuit de Monaco - Alpine box (54799623369).jpg	CC0
2022-07	ACCEPTED	File:Circuit de Monaco - Aston Martin box (54799722325).jpg	CC0
2022-07	ACCEPTED	File:Circuit de Monaco - Beau Rivage (54762398172).jpg	CC0
2022-07	ACCEPTED	File:Circuit de Monaco - Beau Rivage (54762398782).jpg	CC0
2022-07	ACCEPTED	File:Circuit de Monaco - Beau Rivage (54763245646).jpg	CC0
2022-07	ACCEPTED	File:Circuit de Monaco - Beau Rivage (54763477444).jpg	CC0
2022-10	ACCEPTED	File:2022 British GP - Alpine A522 of Esteban Ocon (1).jpg	CC BY-SA 2.0
2022-10	ACCEPTED	File:2022 British GP - Alpine A522 of Esteban Ocon (2).jpg	CC BY-SA 2.0
2022-10	ACCEPTED	File:2022 British GP - Alpine A522 of Esteban Ocon (3).jpg	CC BY-SA 2.0
2022-10	ACCEPTED	File:2022 British GP - Alpine A522 of Esteban Ocon (4).jpg	CC BY-SA 2.0
2022-10	ACCEPTED	File:2022 British GP - Alpine A522 of Fernando Alonso (1).jpg	CC BY-SA 2.0
2022-10	ACCEPTED	File:2022 British GP - Alpine A522 of Fernando Alonso (2).jpg	CC BY-SA 2.0
2022-10	ACCEPTED	File:2022 British GP - Alpine A522 of Fernando Alonso (3).jpg	CC BY-SA 2.0
2022-10	ACCEPTED	File:2022 British GP - Alpine A522 of Fernando Alonso (4).jpg	CC BY-SA 2.0
2022-10	ACCEPTED	File:2022 British GP - Alpine A522 of Fernando Alonso (5).jpg	CC BY-SA 2.0
2022-10	ACCEPTED	File:2022 British GP - Alpine A522 of Fernando Alonso (6).jpg	CC BY-SA 2.0
2022-10	ACCEPTED	File:2022 British GP - Haas VF-22 of Kevin Magnussen (1).jpg	CC BY-SA 2.0
2022-10	ACCEPTED	File:2022 British GP - Haas VF-22 of Kevin Magnussen (2).jpg	CC BY-SA 2.0
2022-11	ACCEPTED	File:Andrea Schlager (cropped).jpg	CC BY-SA 4.0
2022-11	ACCEPTED	File:Andreas Seidl at the 2022 Austrian Grand Prix.jpg	CC BY-SA 4.0
2022-11	ACCEPTED	File:FIA F1 Austria 2022 Black and White flag.jpg	CC BY-SA 4.0
2022-11	ACCEPTED	File:FIA F1 Austria 2022 Chequered Flag.jpg	CC BY-SA 4.0
2022-11	ACCEPTED	File:FIA F1 Austria 2022 Daniel Ricciardo (cropped).jpg	CC BY-SA 4.0
2022-11	ACCEPTED	File:FIA F1 Austria 2022 Drivers Parade (1) (Ocon crop).jpg	CC BY-SA 4.0
2022-11	ACCEPTED	File:FIA F1 Austria 2022 Drivers Parade (1) (cropped).jpg	CC BY-SA 4.0
2022-11	ACCEPTED	File:FIA F1 Austria 2022 Drivers Parade (2) (Esteban Ocon).jpg	CC BY-SA 4.0
2022-11	ACCEPTED	File:FIA F1 Austria 2022 Drivers Parade (2).jpg	CC BY-SA 4.0
2022-11	ACCEPTED	File:FIA F1 Austria 2022 Drivers Parade (3).jpg	CC BY-SA 4.0
2022-11	ACCEPTED	File:FIA F1 Austria 2022 Drivers Parade (4).jpg	CC BY-SA 4.0
2022-11	ACCEPTED	File:FIA F1 Austria 2022 Drivers Parade (5).jpg	CC BY-SA 4.0
2022-12	ACCEPTED	File:C42 Circuit Paul Ricard 2022.jpg	CC BY-SA 4.0
2022-17	ACCEPTED	File:Lee Hsien Loong and Bongbong Marcos at the 2022 Singapore Grand Prix.jpg	Public domain
2022-17	ACCEPTED	File:Singapore F1 Grand Prix (52407479956).jpg	CC BY 2.0
2022-17	ACCEPTED	File:Singapore F1 Grand Prix (52407771664).jpg	CC BY 2.0
2022-17	ACCEPTED	File:Singapore F1 Grand Prix (52407772874).jpg	CC BY 2.0
2022-17	ACCEPTED	File:Singapore F1 Grand Prix (cropped).jpg	CC BY 2.0
2022-18	ACCEPTED	File:2022 Japanese Grand Prix Award Ceremony 1.jpg	CC BY 4.0
2022-18	ACCEPTED	File:20221009 mie 01.jpg	CC BY 4.0
2022-18	ACCEPTED	File:20221009 mie 02.jpg	CC BY 4.0
2022-18	ACCEPTED	File:20221009 mie 03.jpg	CC BY 4.0
2022-18	ACCEPTED	File:20221009 mie 04.jpg	CC BY 4.0
2022-18	ACCEPTED	File:20221009 mie 05.jpg	CC BY 4.0
2022-18	ACCEPTED	File:20221009 mie 06.jpg	CC BY 4.0
2022-18	ACCEPTED	File:20221009 mie 07.jpg	CC BY 4.0
2022-18	ACCEPTED	File:20221009 mie 08.jpg	CC BY 4.0
2022-18	ACCEPTED	File:20221009 mie 09.jpg	CC BY 4.0
2022-18	ACCEPTED	File:20221009 mie 10.jpg	CC BY 4.0
2022-18	ACCEPTED	File:RB18 JapaneseGP FP2 (cropped).jpg	CC BY-SA 4.0
2023-05	ACCEPTED	File:Miami Grand Prix startfinish.jpg	CC BY-SA 4.0
2023-06	ACCEPTED	File:Monaco F1 2023.jpg	CC BY-SA 4.0
2023-06	ACCEPTED	File:Monaco F1.jpg	CC BY-SA 4.0
2023-09	ACCEPTED	File:FIA F1 Austria 2023 Albon Sargeant.jpg	CC BY-SA 4.0
2023-09	ACCEPTED	File:FIA F1 Austria 2023 Bottas Zhou.jpg	CC BY-SA 4.0
2023-09	ACCEPTED	File:FIA F1 Austria 2023 Carlos Sainz.jpg	CC BY-SA 4.0
2023-09	ACCEPTED	File:FIA F1 Austria 2023 Charles Leclerc.jpg	CC BY-SA 4.0
2023-09	ACCEPTED	File:FIA F1 Austria 2023 Fernando Alonso.jpg	CC BY-SA 4.0
2023-09	ACCEPTED	File:FIA F1 Austria 2023 George Russell.jpg	CC BY-SA 4.0
2023-09	ACCEPTED	File:FIA F1 Austria 2023 Hulkenberg Magnussen.jpg	CC BY-SA 4.0
2023-09	ACCEPTED	File:FIA F1 Austria 2023 Lance Stroll.jpg	CC BY-SA 4.0
2023-09	ACCEPTED	File:FIA F1 Austria 2023 Lewis Hamilton.jpg	CC BY-SA 4.0
2023-09	ACCEPTED	File:FIA F1 Austria 2023 Max Verstappen (cropped).jpg	CC BY-SA 4.0
2023-09	ACCEPTED	File:FIA F1 Austria 2023 Norris Piastri.jpg	CC BY-SA 4.0
2023-09	ACCEPTED	File:FIA F1 Austria 2023 Nr. 1 (1) (cropped).jpg	CC BY-SA 4.0
2023-14	ACCEPTED	File:Alexander Albon - 2023 Italian Grand Prix.jpg	CC BY-SA 4.0
2023-14	ACCEPTED	File:Carlos Sainz - 2023 Italian Grand Prix.jpg	CC BY-SA 4.0
2023-14	ACCEPTED	File:CharlesLeclercMonza.jpg	CC BY-SA 4.0
2023-14	ACCEPTED	File:Valtteri Bottas - 2023 Monza Grand Prix - F1.jpg	CC BY-SA 4.0
2023-15	ACCEPTED	File:GPSS 2023 (53186578913).jpg	CC BY 2.0
2023-15	ACCEPTED	File:GPSS 2023 (53195414345).jpg	CC BY 2.0
2023-15	ACCEPTED	File:GPSS Lifestyle Bazaar (53195025054).jpg	CC BY 2.0
2023-15	ACCEPTED	File:Lee Hsien Loong and Bongbong Marcos at the 2023 Singapore Grand Prix.jpg	Public domain
2023-15	ACCEPTED	File:MCL60 Stealth Mode Livery.jpg	CC BY-SA 4.0
2023-15	ACCEPTED	File:Preparations for the 2023 Singapore Grand Prix - BugWarp 01.jpg	CC BY 4.0
2023-15	ACCEPTED	File:Preparations for the 2023 Singapore Grand Prix - BugWarp 02.jpg	CC BY 4.0
2023-15	ACCEPTED	File:Preparations for the 2023 Singapore Grand Prix - BugWarp 03.jpg	CC BY 4.0
2023-15	ACCEPTED	File:Preparations for the 2023 Singapore Grand Prix - BugWarp 04.jpg	CC BY 4.0
2023-15	ACCEPTED	File:Preparations for the 2023 Singapore Grand Prix - BugWarp 05.jpg	CC BY 4.0
2023-15	ACCEPTED	File:Preparations for the 2023 Singapore Grand Prix - BugWarp 06.jpg	CC BY 4.0
2023-15	ACCEPTED	File:Preparations for the 2023 Singapore Grand Prix - BugWarp 07.jpg	CC BY 4.0
2024-04	ACCEPTED	File:AMR24 at the Japanese GP.jpg	CC BY-SA 4.0
2024-04	ACCEPTED	File:Esteban Ocon 2024 Suzuka.jpg	CC0
2024-04	ACCEPTED	File:Forumla 1 Japan 2024.jpg	CC BY-SA 4.0
2024-04	ACCEPTED	File:MCL38 at the Japanese GP.jpg	CC BY-SA 4.0
2024-04	ACCEPTED	File:MCL38 during the Japanese Grand Prix.jpg	CC BY-SA 4.0
2024-04	ACCEPTED	File:Max Verstappen in the RB20.jpg	CC BY-SA 4.0
2024-04	ACCEPTED	File:RB20 During the 2024 Japanese Free Practice.jpg	CC BY-SA 4.0
2024-04	ACCEPTED	File:SF-24 at the Japanese GP.jpg	CC BY-SA 4.0
2024-04	ACCEPTED	File:Sauber C44 at the Japanese GP.jpg	CC BY-SA 4.0
2024-04	ACCEPTED	File:Sergio Perez in the RB20.jpg	CC BY-SA 4.0
2024-05	ACCEPTED	File:2024 F4 Chinese Championship - Shanghai - Jiang Fukang.jpg	CC BY-SA 4.0
2024-05	ACCEPTED	File:2024 F4 Chinese Championship - Shanghai - Liu Kaishun.jpg	CC BY-SA 4.0
2024-05	ACCEPTED	File:2024 F4 Chinese Championship - Shanghai - Oscar Pedersen.jpg	CC BY-SA 4.0
2024-05	ACCEPTED	File:2024 F4 Chinese Championship - Shanghai - Shi Wei.jpg	CC BY-SA 4.0
2024-05	ACCEPTED	File:2024 PCCA Shanghai - Alessandro Ghiretti.jpg	CC BY 4.0
2024-05	ACCEPTED	File:AMR24 2024 Chinese GP.jpg	CC BY-SA 4.0
2024-05	ACCEPTED	File:Alex Albon 2024 Chinese GP.jpg	CC BY-SA 4.0
2024-05	ACCEPTED	File:Andrea Stella 2024 (cropped).jpg	CC BY-SA 4.0
2024-05	ACCEPTED	File:Bottas & Zhou on the grid - Sprint race, Chinese GP 2024.jpg	CC BY-SA 4.0
2024-05	ACCEPTED	File:Carlos Sainz Chinese GP 2024.jpg	CC BY-SA 4.0
2024-05	ACCEPTED	File:Daniel Ricciardo 2024 Chinese GP.jpg	CC BY-SA 4.0
2024-05	ACCEPTED	File:Esteban Ocon 2024 Chinese GP.jpg	CC BY-SA 4.0
2024-06	ACCEPTED	File:Start-Finish Straight at the 2024 Miami Grand Prix.jpg	CC BY-SA 4.0
2024-10	ACCEPTED	File:2024 Spanish Grand Prix (53810013682).jpg	CC BY-SA 2.0
2024-10	ACCEPTED	File:2024 Spanish Grand Prix (53810013692).jpg	CC BY-SA 2.0
2024-10	ACCEPTED	File:2024 Spanish Grand Prix (53810013767).jpg	CC BY-SA 2.0
2024-10	ACCEPTED	File:2024 Spanish Grand Prix (53810013837).jpg	CC BY-SA 2.0
2024-10	ACCEPTED	File:2024 Spanish Grand Prix (53810013882).jpg	CC BY-SA 2.0
2024-10	ACCEPTED	File:2024 Spanish Grand Prix (53810013932).jpg	CC BY-SA 2.0
2024-10	ACCEPTED	File:2024 Spanish Grand Prix (53810014277).jpg	CC BY-SA 2.0
2024-10	ACCEPTED	File:2024 Spanish Grand Prix (53810014362).jpg	CC BY-SA 2.0
2024-10	ACCEPTED	File:2024 Spanish Grand Prix (53810014382).jpg	CC BY-SA 2.0
2024-10	ACCEPTED	File:2024 Spanish Grand Prix (53810015822).jpg	CC BY-SA 2.0
2024-10	ACCEPTED	File:2024 Spanish Grand Prix (53810015872).jpg	CC BY-SA 2.0
2024-10	ACCEPTED	File:2024 Spanish Grand Prix (53810016067).jpg	CC BY-SA 2.0
2024-11	ACCEPTED	File:FIA F1 Austria 2024 Nr. 1 Verstappen (misc).jpg	CC BY-SA 4.0
2024-11	ACCEPTED	File:FIA F1 Austria 2024 Nr. 1 Verstappen (side).jpg	CC BY-SA 4.0
2024-11	ACCEPTED	File:FIA F1 Austria 2024 Nr. 1 Verstappen.jpg	CC BY-SA 4.0
2024-11	ACCEPTED	File:FIA F1 Austria 2024 Nr. 10 Gasly (misc).jpg	CC BY-SA 4.0
2024-11	ACCEPTED	File:FIA F1 Austria 2024 Nr. 10 Gasly (side).jpg	CC BY-SA 4.0
2024-11	ACCEPTED	File:FIA F1 Austria 2024 Nr. 10 Gasly.jpg	CC BY-SA 4.0
2024-11	ACCEPTED	File:FIA F1 Austria 2024 Nr. 11 Perez (side).jpg	CC BY-SA 4.0
2024-11	ACCEPTED	File:FIA F1 Austria 2024 Nr. 11 Perez.jpg	CC BY-SA 4.0
2024-11	ACCEPTED	File:FIA F1 Austria 2024 Nr. 14 Alonso (side).jpg	CC BY-SA 4.0
2024-11	ACCEPTED	File:FIA F1 Austria 2024 Nr. 14 Alonso.jpg	CC BY-SA 4.0
2024-11	ACCEPTED	File:FIA F1 Austria 2024 Nr. 16 Leclerc (cropped).jpg	CC BY-SA 4.0
2024-11	ACCEPTED	File:FIA F1 Austria 2024 Nr. 16 Leclerc (misc).jpg	CC BY-SA 4.0
2024-12	ACCEPTED	File:2024 British GP qualifying - Norris.jpg	CC BY-SA 4.0
2024-12	ACCEPTED	File:2024 British Grand Prix, Albon (1).jpg	CC BY 2.0
2024-12	ACCEPTED	File:2024 British Grand Prix, Albon (2).jpg	CC BY 2.0
2024-12	ACCEPTED	File:2024 British Grand Prix, Albon (3).jpg	CC BY 2.0
2024-12	ACCEPTED	File:2024 British Grand Prix, Albon (4).jpg	CC BY 2.0
2024-12	ACCEPTED	File:2024 British Grand Prix, Albon (5).jpg	CC BY 2.0
2024-12	ACCEPTED	File:2024 British Grand Prix, Bottas (1).jpg	CC BY 2.0
2024-12	ACCEPTED	File:2024 British Grand Prix, Gasly (1).jpg	CC BY 2.0
2024-12	ACCEPTED	File:2024 British Grand Prix, Gasly (2) (cropped).jpg	CC BY 2.0
2024-12	ACCEPTED	File:2024 British Grand Prix, Hamilton (1).jpg	CC BY 2.0
2024-12	ACCEPTED	File:2024 British Grand Prix, Hamilton (2).jpg	CC BY 2.0
2024-12	ACCEPTED	File:2024 British Grand Prix, Hamilton (3).jpg	CC BY 2.0
2024-14	ACCEPTED	File:BelgianGP24-MaxVerstappen-1 (cropped).jpg	CC BY-SA 4.0
2024-14	ACCEPTED	File:BelgianGP24-MaxVerstappen-2.jpg	CC BY-SA 4.0
2024-14	ACCEPTED	File:Hülkenberg 2024 BelgiumGP.jpg	CC0
2024-15	ACCEPTED	File:2024-08-23 Motorsport, Formel 1, Großer Preis der Niederlande 2024 STP 3177 by Stepro.jpg	CC BY-SA 4.0
2024-15	ACCEPTED	File:2024-08-23 Motorsport, Formel 1, Großer Preis der Niederlande 2024 STP 3183 by Stepro.jpg	CC BY-SA 4.0
2024-15	ACCEPTED	File:2024-08-23 Motorsport, Formel 1, Großer Preis der Niederlande 2024 STP 3187 by Stepro.jpg	CC BY-SA 4.0
2024-15	ACCEPTED	File:2024-08-24 Motorsport, Formel 1, Großer Preis der Niederlande 2024 STP 3272 by Stepro.jpg	CC BY-SA 4.0
2024-15	ACCEPTED	File:2024-08-24 Motorsport, Formel 1, Großer Preis der Niederlande 2024 STP 3273 by Stepro.jpg	CC BY-SA 4.0
2024-15	ACCEPTED	File:2024-08-24 Motorsport, Formel 1, Großer Preis der Niederlande 2024 STP 3274 by Stepro.jpg	CC BY-SA 4.0
2024-15	ACCEPTED	File:2024-08-24 Motorsport, Formel 1, Großer Preis der Niederlande 2024 STP 3275 by Stepro.jpg	CC BY-SA 4.0
2024-15	ACCEPTED	File:2024-08-24 Motorsport, Formel 1, Großer Preis der Niederlande 2024 STP 3276 by Stepro.jpg	CC BY-SA 4.0
2024-15	ACCEPTED	File:2024-08-24 Motorsport, Formel 1, Großer Preis der Niederlande 2024 STP 3277 by Stepro.jpg	CC BY-SA 4.0
2024-15	ACCEPTED	File:2024-08-24 Motorsport, Formel 1, Großer Preis der Niederlande 2024 STP 3278 by Stepro.jpg	CC BY-SA 4.0
2024-15	ACCEPTED	File:2024-08-24 Motorsport, Formel 1, Großer Preis der Niederlande 2024 STP 3279 by Stepro.jpg	CC BY-SA 4.0
2024-15	ACCEPTED	File:2024-08-24 Motorsport, Formel 1, Großer Preis der Niederlande 2024 STP 3280 by Stepro.jpg	CC BY-SA 4.0
2024-18	ACCEPTED	File:2024 Singapore Grand Prix - Mclaren Pit Garage.jpg	CC BY 4.0
2024-18	ACCEPTED	File:F1 Paddock Club - Singapore Grand Prix.jpg	CC BY-SA 4.0
2024-18	ACCEPTED	File:Race Control Room - Singapore Grand Prix.jpg	CC BY-SA 4.0
2024-18	ACCEPTED	File:Start-Stop Line - Singapore Grand Prix.jpg	CC BY-SA 4.0
2024-18	ACCEPTED	File:Valtteri Bottas on track, Singapore Grand Prix 2024.jpg	CC BY 4.0
2024-18	ACCEPTED	File:Zhou Guanyu on track, Singapore Grand Prix 2024.jpg	CC BY 4.0
2025-03	ACCEPTED	File:2025 Japan GP - Alpine - Jack Doohan - FP3.jpg	CC BY-SA 4.0
2025-03	ACCEPTED	File:2025 Japan GP - Alpine - Pierre Gasly - FP2.jpg	CC BY-SA 4.0
2025-03	ACCEPTED	File:2025 Japan GP - Alpine - Ryo Hirakawa - FP1.jpg	CC BY-SA 4.0
2025-03	ACCEPTED	File:2025 Japan GP - Aston Martin - AMR25 - Thursday.jpg	CC BY-SA 4.0
2025-03	ACCEPTED	File:2025 Japan GP - Aston Martin - Fernando Alonso - FP1.jpg	CC BY-SA 4.0
2025-03	ACCEPTED	File:2025 Japan GP - Aston Martin - Fernando Alonso - Fanzone Stage (cropped).jpg	CC BY-SA 4.0
2025-03	ACCEPTED	File:2025 Japan GP - Aston Martin - Lance Stroll - FP3.jpg	CC BY-SA 4.0
2025-03	ACCEPTED	File:2025 Japan GP - Aston Martin - Lance Stroll - Fanzone Stage (cropped).jpg	CC BY-SA 4.0
2025-03	ACCEPTED	File:2025 Japan GP - Ferrari - Charles Leclerc - FP1.jpg	CC BY-SA 4.0
2025-03	ACCEPTED	File:2025 Japan GP - Ferrari - Lewis Hamilton - FP1.jpg	CC BY-SA 4.0
2025-03	ACCEPTED	File:2025 Japan GP - Ferrari - Lewis Hamilton - Fanzone Stage (cropped).jpg	CC BY-SA 4.0
2025-03	ACCEPTED	File:2025 Japan GP - Ferrari - SF-25 - Thursday.jpg	CC BY-SA 4.0
2025-06	ACCEPTED	File:The first three rows of the grid ahead of the race start miami gp 2025.jpg	CC BY-SA 4.0
2025-08	ACCEPTED	File:Hamilton FP2 Monaco GP.jpg	CC BY 4.0
2025-08	ACCEPTED	File:Monaco Grand Prix stands, 31 May 2025.jpg	CC BY 2.0
2025-08	ACCEPTED	File:Monaco trackside restaurants, 31 May 2025.jpg	CC BY 2.0
2025-09	ACCEPTED	File:Fernand Alonso GP Espagna2025 Pratice 3.jpg	CC0
2025-09	ACCEPTED	File:Piastri 2025 Espagne Grand Prix (cropped).jpg	CC0
2025-09	ACCEPTED	File:TsunodaSMOPV.jpg	CC BY-SA 4.0
2025-10	ACCEPTED	File:Opening lap of the 2025 Canadian Grand Prix (cropped).jpg	CC BY-SA 4.0
2025-11	ACCEPTED	File:FIA F1 Austria 2025 Nr. 1 Verstappen.jpg	CC BY-SA 4.0
2025-11	ACCEPTED	File:FIA F1 Austria 2025 Nr. 10 Gasly.jpg	CC BY-SA 4.0
2025-11	ACCEPTED	File:FIA F1 Austria 2025 Nr. 12 Antonelli.jpg	CC BY-SA 4.0
2025-11	ACCEPTED	File:FIA F1 Austria 2025 Nr. 14 Alonso.jpg	CC BY-SA 4.0
2025-11	ACCEPTED	File:FIA F1 Austria 2025 Nr. 16 Leclerc.jpg	CC BY-SA 4.0
2025-11	ACCEPTED	File:FIA F1 Austria 2025 Nr. 18 Stroll.jpg	CC BY-SA 4.0
2025-11	ACCEPTED	File:FIA F1 Austria 2025 Nr. 22 Tsunoda.jpg	CC BY-SA 4.0
2025-11	ACCEPTED	File:FIA F1 Austria 2025 Nr. 23 Albon.jpg	CC BY-SA 4.0
2025-11	ACCEPTED	File:FIA F1 Austria 2025 Nr. 27 Hülkenberg.jpg	CC BY-SA 4.0
2025-11	ACCEPTED	File:FIA F1 Austria 2025 Nr. 30 Lawson.jpg	CC BY-SA 4.0
2025-11	ACCEPTED	File:FIA F1 Austria 2025 Nr. 31 Ocon.jpg	CC BY-SA 4.0
2025-11	ACCEPTED	File:FIA F1 Austria 2025 Nr. 38 Beganovic.jpg	CC BY-SA 4.0
2025-16	ACCEPTED	File:AGS JH24 at the 2025 Italian Grand Prix.jpg	CC BY 4.0
2025-16	ACCEPTED	File:Alexander Albon 2025 Italian Grand Prix FP3.jpg	CC BY 4.0
2025-16	ACCEPTED	File:Andrea Kimi Antonelli 2025 Italian Grand Prix FP3.jpg	CC BY 4.0
2025-16	ACCEPTED	File:Andrea Kimi Antonelli 2025 Italian Grand Prix qualifying3.jpg	CC BY 4.0
2025-16	ACCEPTED	File:Carlos Sainz 2025 Italian Grand Prix FP3.jpg	CC BY 4.0
2025-16	ACCEPTED	File:Esteban Ocon 2025 Italian Grand Prix qualifying.jpg	CC BY 4.0
2025-16	ACCEPTED	File:Eurobrun ER188 Italian Grand Prix 2025.jpg	CC BY 4.0
2025-16	ACCEPTED	File:Fernando Alonso 2025 Italian Grand Prix qualifying.jpg	CC BY 4.0
2025-16	ACCEPTED	File:Franco Colapinto 2025 Italian Grand Prix FP3.jpg	CC BY 4.0
2025-16	ACCEPTED	File:Gabriel Bortoleto 2025 Italian Grand Prix qualifying.jpg	CC BY 4.0
2025-16	ACCEPTED	File:George Russell 2025 Italian Grand Prix FP3.jpg	CC BY 4.0
2025-16	ACCEPTED	File:George Russell 2025 Italian Grand Prix qualifying.jpg	CC BY 4.0
2025-18	ACCEPTED	File:2025 Singapore GP - Alpine - Franco Colapinto - FP2.jpg	CC BY-SA 4.0
2025-18	ACCEPTED	File:2025 Singapore GP - Aston Martin - Fernando Alonso - FP1.jpg	CC BY-SA 4.0
2025-18	ACCEPTED	File:2025 Singapore GP - Aston Martin - Lance Stroll - FP1.jpg	CC BY-SA 4.0
2025-18	ACCEPTED	File:2025 Singapore GP - Ferrari - Charles Leclerc - FP2.jpg	CC BY-SA 4.0
2025-18	ACCEPTED	File:2025 Singapore GP - Ferrari - Lewis Hamilton - FP2.jpg	CC BY-SA 4.0
2025-18	ACCEPTED	File:2025 Singapore GP - Haas - Oliver Bearman - FP1.jpg	CC BY-SA 4.0
2025-18	ACCEPTED	File:2025 Singapore GP - McLaren - Lando Norris - FP2.jpg	CC BY-SA 4.0
2025-18	ACCEPTED	File:2025 Singapore GP - McLaren - Oscar Piastri - FP1.jpg	CC BY-SA 4.0
2025-18	ACCEPTED	File:2025 Singapore GP - McLaren - Oscar Piastri - FP2.jpg	CC BY-SA 4.0
2025-18	ACCEPTED	File:2025 Singapore GP - Mercedes - George Russell - FP1.jpg	CC BY-SA 4.0
2025-18	ACCEPTED	File:2025 Singapore GP - Mercedes - Kimi Antonelli - FP2.jpg	CC BY-SA 4.0
2025-18	ACCEPTED	File:2025 Singapore GP - Racing Bulls - Isack Hadjar - FP2.jpg	CC BY-SA 4.0
2025-22	ACCEPTED	File:Las Vegas Grand Prix (54941205212).jpg	Public domain
2025-22	ACCEPTED	File:Las Vegas Grand Prix (54941205802).jpg	Public domain
2025-22	ACCEPTED	File:Las Vegas Grand Prix (54941206297) (cropped).jpg	Public domain
2025-22	ACCEPTED	File:Las Vegas Grand Prix (54941206417).jpg	Public domain
2025-22	ACCEPTED	File:Las Vegas Grand Prix (54941206852).jpg	Public domain
2025-22	ACCEPTED	File:Las Vegas Grand Prix (54941208317).jpg	Public domain
2025-22	ACCEPTED	File:Las Vegas Grand Prix (54941208502).jpg	Public domain
2025-22	ACCEPTED	File:Las Vegas Grand Prix (54941208862).jpg	Public domain
2025-22	ACCEPTED	File:Las Vegas Grand Prix (54941208997).jpg	Public domain
2025-22	ACCEPTED	File:Las Vegas Grand Prix (54941209127).jpg	Public domain
2025-22	ACCEPTED	File:Las Vegas Grand Prix (54941209482).jpg	Public domain
2025-22	ACCEPTED	File:Las Vegas Grand Prix (54941209587).jpg	Public domain
2026-01	ACCEPTED	File:2026 Australian Grand Prix (028A7885).jpg	CC BY-SA 4.0
2026-01	ACCEPTED	File:2026 Australian Grand Prix (028A7886).jpg	CC BY-SA 4.0
2026-01	ACCEPTED	File:2026 Australian Grand Prix (028A7888).jpg	CC BY-SA 4.0
2026-01	ACCEPTED	File:2026 Australian Grand Prix (028A7889).jpg	CC BY-SA 4.0
2026-01	ACCEPTED	File:2026 Australian Grand Prix (028A7891).jpg	CC BY-SA 4.0
2026-01	ACCEPTED	File:2026 Australian Grand Prix (028A7892).jpg	CC BY-SA 4.0
2026-01	ACCEPTED	File:2026 Australian Grand Prix (028A7898).jpg	CC BY-SA 4.0
2026-01	ACCEPTED	File:2026 Australian Grand Prix (028A7900).jpg	CC BY-SA 4.0
2026-01	ACCEPTED	File:2026 Australian Grand Prix (028A7901).jpg	CC BY-SA 4.0
2026-01	ACCEPTED	File:2026 Australian Grand Prix (028A7903).jpg	CC BY-SA 4.0
2026-01	ACCEPTED	File:2026 Australian Grand Prix (028A7907).jpg	CC BY-SA 4.0
2026-01	ACCEPTED	File:2026 Australian Grand Prix (028A7908).jpg	CC BY-SA 4.0
2026-02	ACCEPTED	File:2026 Chinese GP - Alpine - Franco Colapinto - Qualifying.jpg	CC BY 4.0
2026-02	ACCEPTED	File:2026 Chinese GP - Alpine - Pierre Gasly - Qualifying.jpg	CC BY 4.0
2026-02	ACCEPTED	File:2026 Chinese GP - Aston Martin - AMR26.jpg	CC BY 4.0
2026-02	ACCEPTED	File:2026 Chinese GP - Aston Martin - Fernando Alonso - FP1.jpg	CC BY 4.0
2026-02	ACCEPTED	File:2026 Chinese GP - Aston Martin - Fernando Alonso - Qualifying.jpg	CC BY 4.0
2026-02	ACCEPTED	File:2026 Chinese GP - Aston Martin - Lance Stroll - FP1.jpg	CC BY 4.0
2026-02	ACCEPTED	File:2026 Chinese GP - Audi - Gabriel Bortoleto - Qualifying.jpg	CC BY 4.0
2026-02	ACCEPTED	File:2026 Chinese GP - Audi - Nico Hulkenberg - FP1.jpg	CC BY 4.0
2026-02	ACCEPTED	File:2026 Chinese GP - Audi - Nico Hulkenberg - Qualifying.jpg	CC BY 4.0
2026-02	ACCEPTED	File:2026 Chinese GP - Audi - R26.jpg	CC BY 4.0
2026-02	ACCEPTED	File:2026 Chinese GP - Cadillac - MAC-26.jpg	CC BY 4.0
2026-02	ACCEPTED	File:2026 Chinese GP - Cadillac - Sergio Perez - FP1.jpg	CC BY 4.0
2026-03	ACCEPTED	File:F1セーフティカー 鈴鹿2026.jpg	CC0
2026-03	ACCEPTED	File:Ferrari SF-26 - Charles Leclerc approaches Spoon Curve at Suzuka during the 2026 Japanese GP (55194289242) (cropped).jpg	CC BY-SA 4.0
2026-03	ACCEPTED	File:Ferrari SF-26 - Lewis Hamilton exits the final chicane at Suzuka during the 2026 Japanese GP (55195432409).jpg	CC BY-SA 4.0
2026-03	ACCEPTED	File:Mclaren MCL40 - Lando Norris approaches Spoon Curve at Suzuka during the 2026 Japanese GP (55195326398).jpg	CC BY-SA 4.0
2026-03	ACCEPTED	File:Mclaren MCL40 - Oscar Piastri enters the Nissin Brake Hairpin at Suzuka during the 2026 Japanese GP (55195174246).jpg	CC BY-SA 4.0
2026-03	ACCEPTED	File:Mercedes W17 - George Russell exits the final chicane at Suzuka during the 2026 Japanese GP (55195432314).jpg	CC BY-SA 4.0
2026-03	ACCEPTED	File:Mercedes W17 - Kimi Antonelli approaches Spoon Curve at Suzuka during the 2026 Japanese GP (55194289192).jpg	CC BY-SA 4.0
2026-07	ACCEPTED	File:Díaz Ayuso en la cuenta atrás para el regreso de la F1 a Madrid.jpg	CC BY-SA 4.0
2026-08	ACCEPTED	File:FIA F1 Austria 2026 Alpine.jpg	CC BY-SA 4.0
2026-08	ACCEPTED	File:FIA F1 Austria 2026 Nr. 1 Norris (1).jpg	CC BY-SA 4.0
2026-08	ACCEPTED	File:FIA F1 Austria 2026 Nr. 1 Norris (2).jpg	CC BY-SA 4.0
2026-08	ACCEPTED	File:FIA F1 Austria 2026 Nr. 1 Norris (3).jpg	CC BY-SA 4.0
2026-08	ACCEPTED	File:FIA F1 Austria 2026 Nr. 1 Norris (4).jpg	CC BY-SA 4.0
2026-08	ACCEPTED	File:FIA F1 Austria 2026 Nr. 10 Gasly (1).jpg	CC BY-SA 4.0
2026-08	ACCEPTED	File:FIA F1 Austria 2026 Nr. 10 Gasly (2).jpg	CC BY-SA 4.0
2026-08	ACCEPTED	File:FIA F1 Austria 2026 Nr. 10 Gasly (3).jpg	CC BY-SA 4.0
2026-08	ACCEPTED	File:FIA F1 Austria 2026 Nr. 10 Gasly (4).jpg	CC BY-SA 4.0
2026-08	ACCEPTED	File:FIA F1 Austria 2026 Nr. 11 Perez (1).jpg	CC BY-SA 4.0
2026-08	ACCEPTED	File:FIA F1 Austria 2026 Nr. 11 Perez (3).jpg	CC BY-SA 4.0
2026-08	ACCEPTED	File:FIA F1 Austria 2026 Nr. 11 Perez (4).jpg	CC BY-SA 4.0
2026-09	ACCEPTED	File:Alex Albon Williams F1 Car Sparks (55382811087).jpg	CC BY-SA 4.0
2026-09	ACCEPTED	File:Aston Martin F1 Car (55382810627).jpg	CC BY-SA 4.0
2026-09	ACCEPTED	File:Audi and Williams F1 Cars (55383878428).jpg	CC BY-SA 4.0
2026-09	ACCEPTED	File:Beckets grandstand at the Grand Prix 2026 - geograph.org.uk - 8360495.jpg	CC BY-SA 2.0
2026-09	ACCEPTED	File:British Grand Prix 2026 Silverstone (55382810392).jpg	CC BY-SA 4.0
2026-09	ACCEPTED	File:British Grand Prix 2026 Silverstone (55382810422).jpg	CC BY-SA 4.0
2026-09	ACCEPTED	File:British Grand Prix 2026 Silverstone (55383745686).jpg	CC BY-SA 4.0
2026-09	ACCEPTED	File:British Grand Prix 2026 Silverstone (55383745721).jpg	CC BY-SA 4.0
2026-09	ACCEPTED	File:British Grand Prix 2026 Silverstone (55383745741).jpg	CC BY-SA 4.0
2026-09	ACCEPTED	File:British Grand Prix 2026 Silverstone (55383877853).jpg	CC BY-SA 4.0
2026-09	ACCEPTED	File:British Racing Drivers Club (55382810692).jpg	CC BY-SA 4.0
2026-09	ACCEPTED	File:British Racing Drivers Club Flag and Sign (55383927379).jpg	CC BY-SA 4.0
2026-10	ACCEPTED	File:Arvid Lindblad VCARB 03 Spa-Francorchamps.jpg	CC0
2026-10	ACCEPTED	File:F1 2026, Alpine F1 Team, Alpine A526, Pierre Gasly, Spa Francorchamps (55425960465).jpg	CC BY 4.0
2026-10	ACCEPTED	File:F1 2026, Aston Martin F1 Team, Aston Martin AMR26, Fernando Alonso, Spa Francorchamps (55425688703).jpg	CC BY 4.0
2026-10	ACCEPTED	File:F1 2026, Aston Martin F1 Team, Aston Martin AMR26, Lance Stroll, Spa Francorchamps (55424594532).jpg	CC BY 4.0
2026-10	ACCEPTED	File:F1 2026, Audi F1 Team, Audi R26, Nico Hülkenberg, Spa Francorchamps (55425960870).jpg	CC BY 4.0
2026-10	ACCEPTED	File:F1 2026, Ferrari F1 Team, Ferrari SF-26, Charles Leclerc, Spa Francorchamps (55425736109).jpg	CC BY 4.0
2026-10	ACCEPTED	File:F1 2026, Red Bull Racing, Red Bull RB22, Isack Hadjar, Spa Francorchamps (55425734799).jpg	CC BY 4.0
2026-10	ACCEPTED	File:F1 2026, Red Bull Racing, Red Bull RB22, Max Verstappen, Spa Francorchamps (55425736764).jpg	CC BY 4.0
2026-10	ACCEPTED	File:F1 2026, TGR Haas F1 Team, Haas VF-26, Oliver Bearman, Esteban Ocon, Spa Francorchamps (55425688103).jpg	CC BY 4.0
2026-10	ACCEPTED	File:F1 2026, TGR Haas F1 Team, Haas VF-26, Oliver Bearman, Spa Francorchamps (55425959105).jpg	CC BY 4.0
2026-10	ACCEPTED	File:F1 2026, Williams F1 Team, Willams FW48, Alexander Albon, Spa Francorchamps (55425959465).jpg	CC BY 4.0
2026-11	ACCEPTED	File:Craig Slater.jpg	CC BY 4.0
2026-11	ACCEPTED	File:Gábor Wéber at Hungaroring, Mogyoród (cropped).jpg	CC0
2026-11	ACCEPTED	File:Martin Molnár and Zsolt Matics at Hungaroring, Mogyoród.jpg	CC0
2026-11	ACCEPTED	File:Martin Molnár at Hungaroring, Mogyoród.jpg	CC0
2026-11	ACCEPTED	File:Tom Stallard.jpg	CC BY 4.0
2026-13	ACCEPTED	File:Esteban Ocon 2026 Italian Grand Prix qualifying.jpg	CC BY 4.0
2026-13	ACCEPTED	File:Nico Hulkenberg 2026 Italian Grand Prix qualifying.jpg	CC BY 4.0
2026-13	ACCEPTED	File:Pierre Gasly 2026 Italian Grand Prix qualifying - 1.jpg	CC BY 4.0
2026-13	ACCEPTED	File:Sergio Perez 2026 Italian Grand Prix qualifying.jpg	CC BY 4.0
2026-15	ACCEPTED	File:2026 Azerbaijan Grand Prix image 01.jpg	CC BY-SA 4.0
2026-15	ACCEPTED	File:2026 Azerbaijan Grand Prix image 02.jpg	CC BY-SA 4.0
2026-15	ACCEPTED	File:2026 Azerbaijan Grand Prix image 03.jpg	CC BY-SA 4.0
2026-15	ACCEPTED	File:2026 Azerbaijan Grand Prix image 04.jpg	CC BY-SA 4.0
2026-15	ACCEPTED	File:2026 Azerbaijan Grand Prix image 05.jpg	CC BY-SA 4.0
2026-15	ACCEPTED	File:2026 Azerbaijan Grand Prix image 06.jpg	CC BY-SA 4.0
2026-15	ACCEPTED	File:Formula 1 2026 Azerbaijan Grand Prix 1.jpg	CC BY 4.0
2026-15	ACCEPTED	File:Formula 1 2026 Azerbaijan Grand Prix 10.jpg	CC BY 4.0
2026-15	ACCEPTED	File:Formula 1 2026 Azerbaijan Grand Prix 2.jpg	CC BY 4.0
2026-15	ACCEPTED	File:Formula 1 2026 Azerbaijan Grand Prix 3.jpg	CC BY 4.0
2026-15	ACCEPTED	File:Formula 1 2026 Azerbaijan Grand Prix 4.jpg	CC BY 4.0
2026-15	ACCEPTED	File:Formula 1 2026 Azerbaijan Grand Prix 5.jpg	CC BY 4.0
# NO THUMB: accepted, but the thumbnail address did not answer; the page builds a Special:FilePath one instead.
1985-11	NO THUMB	File:Aangekocht van United Photos de Boer bv. - Negatiefnummer 25453 K 17 A. - Gepubliceerd in het Haarlems Dagblad dd.26-08-85. Identificatienummer 54-01693501, NL-HlmNHA 54016935 01.JPG: the API gave no thumbnail address on upload.wikimedia.org, thumb.wikimedia.org
2006-18	NO THUMB	File:Felipe Massa(Ferrari) - Vencedor do GP Brasil de Fórmula 1 em 2006. Foi a primeira vitória de um piloto brasileiro em Interlagos desde a morte de Ayrton Senna . - panoramio.jpg: the API gave no thumbnail address on upload.wikimedia.org, thumb.wikimedia.org
2006-18	NO THUMB	File:Indicação dos Comissários (SC-Safety Car) para Felipe Massa no GP Brasil de Fórmula 1 em 2006. Felipe Massa venceu o GP Brasil de 2006, sendo o primeiro piloto brasileiro a vencer depois da Era Senna. - panoramio.jpg: the API gave no thumbnail address on upload.wikimedia.org, thumb.wikimedia.org
