# Generated by tools/prose_pass.py - the prose pass, PM-17 (#249). Do not edit by hand; declare a reading in READ there.
# Measured against f1.db v2.24 and the Wikipedia revision in `revid`.
# screen: close = a shared run of 8+ words; paraphrased = a run of 5+ or c4 >= 0.25; original = neither. Every field the screen flags is read (basis=read), and `label` is the reading.
table	key	column	label	basis	screen	run	c4	article	revid	shared_words	why	text_sha
drivers	adderly-fong	notes	original	auto	original	3	0.00	Adderly Fong	1376872817			0ed0ad4bd796
drivers	albon	notes	original	auto	original	3	0.00	Alex Albon	1374482099			70e92b6a3b47
drivers	alboreto	notes	original	auto	original	4	0.08	Michele Alboreto	1375138923			acf9b70a0246
drivers	alesi	notes	original	auto	original	3	0.00	Jean Alesi	1372946503			d27f58e6095d
drivers	alex-palou	notes	original	auto	original	4	0.08	Álex Palou	1374110661			097a552ae239
drivers	alexander-dunne	notes	original	auto	original	3	0.00	Alex Dunne	1376806493			485aa6380fa5
drivers	alexandre-premat	notes	original	read	paraphrased	7	0.23	Alexandre Prémat	1374408745	car at the 2006 chinese grand prix	fact: the shared words state a result, a date or a record in the ordinary words for it	0d1e486d2eb0
drivers	alfonso-celis-jr	notes	original	read	paraphrased	5	0.14	Alfonso Celis Jr.	1364865233	development and free practice driver	fact: the shared words state a result, a date or a record in the ordinary words for it	56190963abb1
drivers	alonso	notes	original	auto	original	4	0.03	Fernando Alonso	1377011126			3e5de35dd4c3
drivers	amon	notes	paraphrased	read	paraphrased	7	0.36	Chris Amon	1366473012	never to win a championship grand prix	follows: the field follows the article's way of putting something that could be put other ways	f39fed164c93
drivers	andretti	notes	original	auto	original	4	0.04	Michael Andretti	1373557364			098afa569192
drivers	antonelli	notes	original	auto	original	2	0.00	Kimi Antonelli	1377072647			cd3f2513d354
drivers	antonio-fuoco	notes	original	read	paraphrased	7	0.25	Antonio Fuoco	1377124262	the 2024 24 hours of le mans	name: the shared words are a name or a title	77d7b76a9fee
drivers	arnoux	notes	original	auto	original	3	0.00	Formula One	1375827499			553afb8120cc
drivers	artem-markelov	notes	original	auto	original	3	0.00	Formula One	1375827499			d7ff0caac2a9
drivers	arthur-leclerc	notes	original	auto	original	4	0.14	Arthur Leclerc	1375886407			de937cef8f68
drivers	ascari	notes	original	auto	original	3	0.00	Alberto Ascari	1376827361			abd161b3e71a
drivers	attwood	notes	original	auto	original	2	0.00	Richard Attwood	1370903569			00f1f3d720c0
drivers	ayumu-iwasa	notes	original	auto	original	4	0.05	Ayumu Iwasa	1373249600			799509b15841
drivers	baghetti	notes	original	read	paraphrased	7	0.16	Giancarlo Baghetti	1358488883	the 1961 french grand prix at reims	name: the shared words are a name or a title	c6d4d01ce75f
drivers	bandini	notes	original	auto	original	3	0.00	Lorenzo Bandini Trophy	1364621033			9a94d7ff9a1b
drivers	barrichello	notes	original	auto	original	4	0.08	Rubens Barrichello	1377151690			487713fbabc5
drivers	bas-leinders	notes	original	read	paraphrased	6	0.25	Bas Leinders	1367405642	test and reserve driver in 2004	fact: the shared words state a result, a date or a record in the ordinary words for it	3ec77935b71f
drivers	bearman	notes	original	auto	original	3	0.00	Oliver Bearman	1374678717			d0e9240254fe
drivers	behra	notes	original	auto	original	4	0.12	Pedro Rodríguez (racing driver)	1370310755			765acf486bf2
drivers	beltoise	notes	original	read	paraphrased	6	0.12	Jean-Pierre Beltoise	1360140310	won the 1972 monaco grand prix	fact: the shared words state a result, a date or a record in the ordinary words for it	3fdccb276bfe
drivers	berger	notes	original	auto	original	3	0.00	Nelson Piquet	1369586850			5cfc8e161862
drivers	bianchi	notes	original	auto	original	4	0.03	Jules Bianchi	1374648280			7302f907331c
drivers	bjorn-wirdheim	notes	original	auto	original	3	0.00	Björn Wirdheim	1371285054			ec1274271d32
drivers	bonnier	notes	original	read	paraphrased	7	0.29	Jo Bonnier	1365184651	chairman of the grand prix drivers association	name: the shared words are a name or a title	fdcbb6240a7b
drivers	bortoleto	notes	original	auto	original	3	0.00	Gabriel Bortoleto	1376189549			aa27ad7e8c0b
drivers	bottas	notes	original	auto	original	3	0.00	Valtteri Bottas	1376988284			6d0c3e0dd45b
drivers	boutsen	notes	original	auto	original	3	0.00	History of Formula One	1371272002			9901027e9ebf
drivers	brabham	notes	original	read	paraphrased	7	0.31	Jack Brabham	1374900521	in a car of his own construction	stock: the shared words are a stock phrase of English or of the sport	063729c75075
drivers	brambilla	notes	original	read	paraphrased	5	0.14	Vittorio Brambilla	1370309989	while waving to the crowd	fact: the shared words state a result, a date or a record in the ordinary words for it	12f0c4add206
drivers	brooks	notes	original	auto	original	3	0.00	Tony Brooks (racing driver)	1361561275			3bec9b9a75df
drivers	bryan	notes	original	read	paraphrased	5	0.10	Formula One	1375827499	the formula one world championship	stock: the shared words are a stock phrase of English or of the sport	045be76ca2b8
drivers	button	notes	original	auto	original	3	0.00	Jenson Button	1375268791			8a382bdc7047
drivers	callum-ilott	notes	original	read	paraphrased	6	0.29	Callum Ilott	1371238506	in the 2020 formula 2 championship	name: the shared words are a name or a title	d11d7a4fa155
drivers	castellotti	notes	original	auto	original	2	0.00	Eugenio Castellotti	1362487836			6f6927484855
drivers	cevert	notes	original	auto	original	3	0.00	François Cevert	1373336150			2e6157467a23
drivers	chanoch-nissany	notes	original	read	paraphrased	5	0.09	Formula One	1375827499	in a grand prix weekend	stock: the shared words are a stock phrase of English or of the sport	72191fa869a3
drivers	cian-shields	notes	original	read	paraphrased	5	0.12	Cian Shields	1376842254	the 2023 euroformula open championship	name: the shared words are a name or a title	146baa4e88da
drivers	clark	notes	original	read	paraphrased	5	0.12	History of Formula One	1371272002	in a formula 2 race	fact: the shared words state a result, a date or a record in the ordinary words for it	e63a6abe860f
drivers	colapinto	notes	original	auto	original	2	0.00	Franco Colapinto	1376877554			4585ad8d0c2e
drivers	collins	notes	original	auto	original	3	0.00	Peter Collins (racing driver)	1375127559			ec4de283ba33
drivers	colton-herta	notes	original	auto	original	4	0.05	Colton Herta	1377155039			e207dc4029b4
drivers	coulthard	notes	original	auto	original	3	0.00	David Coulthard	1376496339			b5655f7e0135
drivers	d-hill	notes	original	auto	original	4	0.06	Graham Hill	1374901282			c8d9ee6548b5
drivers	dani-clos	notes	original	auto	original	3	0.00	Dani Clos	1369012098			b8799588bda1
drivers	daniel-juncadella	notes	original	auto	original	4	0.05	Daniel Juncadella	1377397721			fff094980269
drivers	davide-valsecchi	notes	original	auto	original	4	0.05	Davide Valsecchi	1376924368			1d95ece72bfe
drivers	de-angelis	notes	original	auto	original	3	0.00	Elio de Angelis	1374834843			ec8462fffc51
drivers	de-cesaris	notes	original	read	paraphrased	5	0.10	Andrea de Cesaris	1364178972	without a win until nico	fact: the shared words state a result, a date or a record in the ordinary words for it	d7a4f61e9dbc
drivers	de-villota	notes	original	auto	original	4	0.08	History of Formula One	1371272002			b06cca1267ea
drivers	depailler	notes	original	auto	original	3	0.00	Patrick Depailler	1376961540			8599252b250b
drivers	dino-beganovic	notes	original	read	paraphrased	7	0.22	Dino Beganovic	1376834700	a member of the ferrari driver academy	name: the shared words are a name or a title	375bb9207461
drivers	doohan	notes	original	auto	original	4	0.15	Jack Doohan	1377154066			4e53758c216e
drivers	enrico-toccacelo	notes	original	read	paraphrased	6	0.15	Enrico Toccacelo	1374865575	from the 2005 turkish grand prix	name: the shared words are a name or a title	1d77deefa9f8
drivers	ernesto-viso	notes	original	auto	original	4	0.06	E. J. Viso	1375957738			fca8c13ec3ce
drivers	fabi	notes	original	auto	original	3	0.00	Teo Fabi	1370965765			79ad43649b7b
drivers	fabio-leimer	notes	original	auto	original	3	0.00	Fabio Leimer	1371530014			bbb1c41e6030
drivers	fagioli	notes	original	auto	original	3	0.00	Luigi Fagioli	1361559520			15988e694b45
drivers	fairuz-fauzy	notes	original	auto	original	4	0.08	Fairuz Fauzy	1377059486			6047aed19ff3
drivers	fangio	notes	original	auto	original	4	0.04	Juan Manuel Fangio	1374472196			348b6c6e0b02
drivers	farina	notes	original	read	paraphrased	5	0.14	Giuseppe Farina	1375700749	way to the 1966 french	fact: the shared words state a result, a date or a record in the ordinary words for it	764749407e8a
drivers	felipe-drugovich	notes	original	read	paraphrased	6	0.30	Felipe Drugovich	1375284119	aston martin as a reserve driver	fact: the shared words state a result, a date or a record in the ordinary words for it	31786907d112
drivers	fisichella	notes	original	auto	original	3	0.00	Giancarlo Fisichella	1374553003			cfbb49ee3990
drivers	fittipaldi	notes	original	auto	original	3	0.00	Emerson Fittipaldi	1376888990			5e001622b905
drivers	flaherty	notes	original	read	paraphrased	5	0.10	Formula One	1375827499	the formula one world championship	stock: the shared words are a stock phrase of English or of the sport	045be76ca2b8
drivers	frederik-vesti	notes	original	auto	original	4	0.07	2023 Formula 2 Championship	1377087326			7122c194d549
drivers	frentzen	notes	original	auto	original	3	0.00	Heinz-Harald Frentzen	1369507794			42fb49ded81e
drivers	g-hill	notes	original	read	paraphrased	7	0.15	Graham Hill	1374901282	only driver to complete the triple crown	fact: the shared words state a result, a date or a record in the ordinary words for it	f942cdfad13f
drivers	gachot	notes	original	auto	original	2	0.00	Bertrand Gachot	1367679972			b4d13df97a03
drivers	gasly	notes	original	auto	original	4	0.10	Pierre Gasly	1373686464			16ac64b3038a
drivers	gethin	notes	original	read	paraphrased	6	0.13	Peter Gethin	1352578509	won the 1971 italian grand prix	fact: the shared words state a result, a date or a record in the ordinary words for it	228a00bbe7f2
drivers	giacomelli	notes	original	auto	original	4	0.14	Bruno Giacomelli	1364075575			76bbe1a62669
drivers	ginther	notes	original	auto	original	3	0.00	Pedro Rodríguez (racing driver)	1370310755			56730bbd3934
drivers	giorgio-mondini	notes	original	auto	original	4	0.08	Giorgio Mondini	1377065695			17b54256bc7c
drivers	glock	notes	original	auto	original	2	0.00	Timo Glock	1375372480			2e828d714b90
drivers	gonzalez	notes	original	read	paraphrased	6	0.30	History of Formula One	1371272002	first world championship grand prix win	stock: the shared words are a stock phrase of English or of the sport	13bfbedf2772
drivers	grosjean	notes	original	auto	original	3	0.00	History of Formula One	1371272002			62f3ebce0167
drivers	gurney	notes	original	read	paraphrased	7	0.25	Dan Gurney	1377128433	in a car of his own construction	stock: the shared words are a stock phrase of English or of the sport	026341e14e02
drivers	hadjar	notes	original	auto	original	3	0.00	Isack Hadjar	1377038452			3e6ad952e610
drivers	hailwood	notes	original	auto	original	4	0.06	Mike Hailwood	1375866838			6cf8a1a7762d
drivers	hakkinen	notes	original	auto	original	2	0.00	Mika Häkkinen	1366692195			2fbbae789a7d
drivers	hamilton	notes	original	auto	original	3	0.00	George Russell (racing driver)	1376988288			98feb905e9db
drivers	hanks	notes	original	read	paraphrased	5	0.10	Formula One	1375827499	the formula one world championship	stock: the shared words are a stock phrase of English or of the sport	045be76ca2b8
drivers	hawthorn	notes	original	auto	original	3	0.00	Mike Hawthorn	1375700709			4c7f777185f2
drivers	heidfeld	notes	original	auto	original	4	0.14	Formula One	1375827499			4971927417f1
drivers	herbert	notes	original	auto	original	2	0.00	Johnny Herbert	1374759664			a5fbe681f278
drivers	herrmann	notes	original	auto	original	4	0.20	Hans Herrmann	1375646403			ede297ed0dc9
drivers	hulkenberg	notes	original	auto	original	4	0.06	Nico Hülkenberg	1377038625			c232df3152f4
drivers	hulme	notes	original	auto	original	3	0.00	Denny Hulme	1370814821			dbb60aa34163
drivers	hunt	notes	original	auto	original	4	0.06	James Hunt	1375313838			b5d30d392a0e
drivers	ickx	notes	original	auto	original	3	0.00	Jacky Ickx	1372099631			873c246f33fa
drivers	ireland	notes	original	auto	original	3	0.00	Innes Ireland	1368463071			70c7c82cbc6e
drivers	irvine	notes	original	auto	original	3	0.00	Max Verstappen	1376712648			51a61d655d67
drivers	jabouille	notes	original	auto	original	4	0.10	Jean-Pierre Jabouille	1375284523			bee5965bde8e
drivers	jak-crawford	notes	original	auto	original	4	0.05	2025 Formula 2 Championship	1343374870			7213735e2a3a
drivers	jake-dennis	notes	original	read	paraphrased	5	0.25	Jake Dennis	1375283805	the 2022 23 formula e	name: the shared words are a name or a title	d2419ba222bd
drivers	james-calado	notes	original	auto	original	4	0.04	James Calado	1377246486			5005c1e3e5c3
drivers	jan-charouz	notes	original	read	paraphrased	5	0.09	Jan Charouz	1374202430	the 2009 le mans series	name: the shared words are a name or a title	e37d97980a19
drivers	jarier	notes	original	auto	original	3	0.00	Jean-Pierre Jarier	1363683133			11c3ac05546a
drivers	jones	notes	original	auto	original	3	0.00	History of Formula One	1371272002			1ea9b30aaa4d
drivers	jordan-king	notes	original	auto	original	3	0.00	Jordan King	1371346022			a313006ed73f
drivers	juri-vips	notes	original	auto	original	3	0.00	Jüri Vips	1368377195			b47fd724054e
drivers	k-rosberg	notes	original	auto	original	3	0.00	Williams Racing	1376063266			e5e23ce5ba69
drivers	kling	notes	original	auto	original	2	0.00	Karl Kling	1376891284			299b512311a0
drivers	kobayashi	notes	original	auto	original	3	0.00	Kamui Kobayashi	1377122278			a071c3f08075
drivers	kovalainen	notes	original	read	paraphrased	4	0.25	Heikki Kovalainen	1365981866		fact: the shared words state a result, a date or a record in the ordinary words for it	3bb838d700be
drivers	kubica	notes	original	auto	original	2	0.00	Robert Kubica	1377141859			675cf9692a6f
drivers	kvyat	notes	original	auto	original	3	0.00	Daniil Kvyat	1376804711			cb0c38f247c8
drivers	laffite	notes	original	auto	original	3	0.00	Jacques Laffite	1370084271			bf2ab8fb39ed
drivers	lauda	notes	original	auto	original	4	0.05	Niki Lauda	1375709623			a019ae4ade06
drivers	lawson	notes	original	auto	original	3	0.00	Formula One	1375827499			0bb31d4c9b32
drivers	leclerc	notes	original	read	paraphrased	5	0.13	Charles Leclerc	1375968451	monaco grand prix in 2024	fact: the shared words state a result, a date or a record in the ordinary words for it	6f97e6d4bfad
drivers	leonardo-fornaroli	notes	original	read	paraphrased	5	0.15	Leonardo Fornaroli	1374117831	the 2024 fia formula 3	name: the shared words are a name or a title	c53694535f67
drivers	lewis-evans	notes	original	auto	original	3	0.00	Stuart Lewis-Evans	1361561291			f14caf1ae77e
drivers	lindblad	notes	original	auto	original	3	0.00	Arvid Lindblad	1377170721			e5cdcde0761b
drivers	lombardi	notes	original	auto	original	4	0.11	List of female Formula One drivers	1373332670			f0c0cd15bfbd
drivers	luiz-razia	notes	original	auto	original	4	0.06	Luiz Razia	1361779914			9141bfe2fb6f
drivers	luke-browning	notes	original	read	paraphrased	7	0.29	Luke Browning	1374068236	a member of the williams driver academy	name: the shared words are a name or a title	69cfd1099961
drivers	ma-qinghua	notes	original	auto	original	4	0.04	Ma Qinghua	1371348638			c659f330e658
drivers	magnussen	notes	original	auto	original	3	0.00	George Russell (racing driver)	1376988288			6c978b58a8f7
drivers	maldonado	notes	original	auto	original	2	0.00	Pastor Maldonado	1374488954			998e0b6a3437
drivers	mansell	notes	original	auto	original	4	0.07	History of Formula One	1371272002			e23cecc57b07
drivers	marimon	notes	original	read	paraphrased	5	0.20	Onofre Marimón	1361573812	the first driver to be	fact: the shared words state a result, a date or a record in the ordinary words for it	5243ba78a2fa
drivers	mass	notes	original	auto	original	2	0.00	Jochen Mass	1370337201			40eac58d93bb
drivers	massa	notes	original	auto	original	3	0.00	Felipe Massa	1376380293			5c7197e8f5fe
drivers	mclaren-d	notes	original	read	paraphrased	5	0.10	Bruce McLaren	1370825753	can am car at goodwood	fact: the shared words state a result, a date or a record in the ordinary words for it	b6a2d69725df
drivers	michael-ammermuller	notes	original	read	paraphrased	6	0.15	History of Formula One	1371272002	the end of the 2006 season	stock: the shared words are a stock phrase of English or of the sport	e577c63d82e3
drivers	montoya	notes	original	auto	original	4	0.06	Juan Pablo Montoya	1373620876			9c15f1748d5d
drivers	moss	notes	original	auto	original	3	0.00	Stirling Moss	1373674963			d77d7904c71f
drivers	musso	notes	original	auto	original	3	0.00	Luigi Musso	1375661614			4bafab8c69c6
drivers	n-rosberg	notes	original	auto	original	3	0.00	Nico Rosberg	1376974535			06bbe32694d2
drivers	nakajima	notes	original	auto	original	3	0.00	Nakajima Satoru Kanshū F1 Hero MD	1372862310			6b5bf6d010d5
drivers	nannini	notes	original	auto	original	4	0.12	Alessandro Nannini	1367768222			bccecb5b6a20
drivers	naoki-yamamoto	notes	original	read	paraphrased	6	0.11	Naoki Yamamoto (racing driver)	1376510442	won both the super formula and	fact: the shared words state a result, a date or a record in the ordinary words for it	1e9b57121a1d
drivers	neel-jani	notes	original	read	paraphrased	5	0.13	Neel Jani	1377064292	scuderia toro rosso's third driver	fact: the shared words state a result, a date or a record in the ordinary words for it	e42d08f3f272
drivers	nilsson	notes	original	auto	original	4	0.14	Gunnar Nilsson	1355644949			e3443e9f6965
drivers	norris	notes	original	auto	original	4	0.06	George Russell (racing driver)	1376988288			646e9a4daa69
drivers	ocon	notes	original	read	paraphrased	4	0.25	Esteban Ocon	1377171269		fact: the shared words state a result, a date or a record in the ordinary words for it	2f7479aeb1e6
drivers	oliver	notes	original	auto	original	2	0.00	Kimi Antonelli	1377072647			6d829f6afa74
drivers	p-hill	notes	original	auto	original	3	0.00	Phil Hill	1356364975			4cf51f849565
drivers	pace	notes	original	read	paraphrased	5	0.10	Carlos Pace	1376066157	killed in a light aircraft	fact: the shared words state a result, a date or a record in the ordinary words for it	15694e9157e2
drivers	palmer	notes	original	auto	original	2	0.00	Jonathan Palmer	1371288201			6fd4b0c6d42f
drivers	panis	notes	original	auto	original	2	0.00	Olivier Panis	1366144549			cffa454d693e
drivers	parkes	notes	original	auto	original	2	0.00	Mike Harmon (racing driver)	1373296153			cf92f7b2f8fa
drivers	parsons	notes	original	read	paraphrased	5	0.10	Formula One	1375827499	the formula one world championship	stock: the shared words are a stock phrase of English or of the sport	045be76ca2b8
drivers	patrese	notes	original	read	paraphrased	5	0.25	Riccardo Patrese	1373704113	grand prix starts when he	fact: the shared words state a result, a date or a record in the ordinary words for it	443294ed4217
drivers	patricio-oward	notes	original	read	paraphrased	5	0.12	Pato O'Ward	1373871393	the 2018 indy lights champion	fact: the shared words state a result, a date or a record in the ordinary words for it	4016ecef8260
drivers	paul-aron	notes	original	auto	original	3	0.00	Paul Aron	1374197844			121899554839
drivers	perez	notes	original	read	paraphrased	5	0.20	Sergio Pérez	1377042985	returned with cadillac in 2026	fact: the shared words state a result, a date or a record in the ordinary words for it	e4607a5afca8
drivers	pescarolo	notes	original	auto	original	2	0.00	Henri Pescarolo	1365286497			85987a68ad2e
drivers	peterson	notes	original	auto	original	3	0.00	John Watson (racing driver)	1373265624			744fafbdefa5
drivers	petrov	notes	original	auto	original	3	0.00	Vitaly Petrov	1377042193			a82e9fa9bc19
drivers	piastri	notes	original	auto	original	4	0.14	Oscar Piastri	1375431197			3c9d3c364ab2
drivers	piquet	notes	original	auto	original	3	0.00	History of Formula One	1371272002			357a8fc8a312
drivers	pironi	notes	original	auto	original	3	0.00	Didier Pironi	1364511155			40acd1c4bacb
drivers	prost	notes	original	auto	original	2	0.00	Alain Prost	1366968700			1279c6c44172
drivers	pryce	notes	original	auto	original	3	0.00	Alan Jones (racing driver)	1374902434			f5756bf94aac
drivers	r-schumacher	notes	original	auto	original	3	0.00	Ralf Schumacher	1373499752			535a88d7a98a
drivers	raffaele-marciello	notes	original	read	paraphrased	5	0.22	Raffaele Marciello	1377008083	fia formula 3 european champion	fact: the shared words state a result, a date or a record in the ordinary words for it	04802ca304ec
drivers	raikkonen	notes	original	auto	original	4	0.09	Kimi Räikkönen	1375939551			780ffb35cf6d
drivers	rathmann	notes	original	read	paraphrased	5	0.10	Formula One	1375827499	the formula one world championship	stock: the shared words are a stock phrase of English or of the sport	045be76ca2b8
drivers	regazzoni	notes	original	auto	original	3	0.00	Clay Regazzoni	1365509025			b00e44b0b066
drivers	reutemann	notes	original	auto	original	4	0.06	Carlos Reutemann	1375777879			3047867d80c5
drivers	revson	notes	original	auto	original	2	0.00	Peter Revson	1365286904			6ca98559a291
drivers	ricciardo	notes	original	auto	original	4	0.12	Daniel Ricciardo	1371437160			1701e6ebe6e2
drivers	rindt	notes	original	auto	original	4	0.05	Jochen Rindt	1370335431			8de80dd73786
drivers	robert-shwartzman	notes	original	auto	original	4	0.11	Robert Shwartzman	1376324866			d79ad4adc460
drivers	robert-wickens	notes	original	auto	original	4	0.05	Robert Wickens	1374416483			937c7d477db9
drivers	robin-frijns	notes	original	auto	original	4	0.11	Robin Frijns	1377007506			b5183c261e8d
drivers	rodolfo-gonzalez	notes	original	auto	original	3	0.00	Rodolfo González (racing driver)	1377291201			ec5e5110f03b
drivers	rodriguez-p	notes	original	auto	original	3	0.00	History of Formula One	1371272002			b3b67fd5a4a2
drivers	roy-nissany	notes	original	auto	original	3	0.00	Roy Nissany	1372393495			cee194023a74
drivers	russell	notes	original	auto	original	3	0.00	Kimi Antonelli	1377072647			b288595c7c74
drivers	ruttman	notes	original	read	paraphrased	5	0.10	Formula One	1375827499	the formula one world championship	stock: the shared words are a stock phrase of English or of the sport	045be76ca2b8
drivers	ryan-briscoe	notes	original	auto	original	3	0.00	Ryan Briscoe	1374035796			0e7fa50ac165
drivers	ryo-hirakawa	notes	original	auto	original	2	0.00	Ryo Hirakawa	1377006576			7377ebdb6730
drivers	sainz	notes	original	auto	original	3	0.00	Carlos Sainz Jr.	1377171645			54fd5329b81a
drivers	scarfiotti	notes	original	read	paraphrased	4	0.25	Ludovico Scarfiotti	1373537518		fact: the shared words state a result, a date or a record in the ordinary words for it	63c584683e44
drivers	scheckter	notes	original	auto	original	3	0.00	History of Formula One	1371272002			d9172b6e6d1c
drivers	schumacher	notes	original	auto	original	4	0.04	History of Formula One	1371272002			3e079d56bdf0
drivers	sean-gelael	notes	original	auto	original	4	0.07	Sean Gelael	1377013728			30ff471b4e4c
drivers	senna	notes	original	auto	original	4	0.05	Death of Ayrton Senna	1372935412			527f14e2955e
drivers	senna-b	notes	original	auto	original	3	0.00	Ayrton Senna	1375562895			49a63f500234
drivers	siffert	notes	original	auto	original	4	0.17	Jo Siffert	1377127681			02fcb30081d6
drivers	stewart	notes	original	auto	original	3	0.00	Jackie Stewart	1374902048			39789cfa7e10
drivers	stroll	notes	original	auto	original	3	0.00	Lance Stroll	1376874578			c84c9dbdd752
drivers	surtees	notes	original	auto	original	3	0.00	John Surtees	1377128744			295ca3692676
drivers	sweikert	notes	original	read	paraphrased	5	0.10	Formula One	1375827499	the formula one world championship	stock: the shared words are a stock phrase of English or of the sport	045be76ca2b8
drivers	tambay	notes	original	auto	original	3	0.00	Alan Jones (racing driver)	1374902434			e27c6b76d996
drivers	taruffi	notes	original	auto	original	4	0.20	Piero Taruffi	1361566491			0982d5e8a567
drivers	theo-pourchaire	notes	original	read	paraphrased	5	0.12	2023 Formula 2 Championship	1377087326	the 2023 formula 2 championship	name: the shared words are a name or a title	d1bea6439e6e
drivers	trintignant	notes	original	auto	original	3	0.00	Maurice Trintignant	1377128589			83d430ce3a61
drivers	trulli	notes	original	auto	original	3	0.00	Jarno Trulli	1377059751			faa656059f5e
drivers	tsunoda	notes	original	auto	original	3	0.00	Yuki Tsunoda	1377010647			48513cf9739a
drivers	verstappen	notes	original	auto	original	4	0.03	Red Bull Racing	1371252330			2b6dcb8c0c57
drivers	vettel	notes	original	auto	original	4	0.05	History of Formula One	1371272002			483e5a9f701a
drivers	victor-martins	notes	original	read	paraphrased	6	0.36	Victor Martins	1377229248	the 2020 formula renault eurocup and	name: the shared words are a name or a title	60faaa7c84e9
drivers	villeneuve-g	notes	original	auto	original	3	0.00	Gilles Villeneuve	1374647953			d9a909c157ae
drivers	villeneuve-j	notes	original	read	paraphrased	5	0.11	Gilles Villeneuve	1374647953	won the indianapolis 500 and	fact: the shared words state a result, a date or a record in the ordinary words for it	e4f0d7d5a0ba
drivers	villoresi	notes	original	auto	original	2	0.00	Luigi Villoresi	1361571601			816075ac3b03
drivers	von-trips	notes	original	read	paraphrased	5	0.27	History of Formula One	1371272002	he was killed at monza	stock: the shared words are a stock phrase of English or of the sport	79115ee5bf76
drivers	vukovich	notes	original	read	paraphrased	5	0.10	Formula One	1375827499	the formula one world championship	stock: the shared words are a stock phrase of English or of the sport	045be76ca2b8
drivers	wallard	notes	original	read	paraphrased	5	0.10	Formula One	1375827499	the formula one world championship	stock: the shared words are a stock phrase of English or of the sport	045be76ca2b8
drivers	ward	notes	original	read	paraphrased	5	0.10	Formula One	1375827499	the formula one world championship	stock: the shared words are a stock phrase of English or of the sport	045be76ca2b8
drivers	warwick	notes	original	auto	original	2	0.00	Derek Warwick	1376483141			9569029781db
drivers	watson	notes	original	read	paraphrased	5	0.12	John Watson (racing driver)	1373265624	from 22nd on the grid	fact: the shared words state a result, a date or a record in the ordinary words for it	694cc2e63e72
drivers	webber	notes	original	auto	original	4	0.10	Mark Webber (racing driver)	1375099511			851c5d3a0493
drivers	wolff-s	notes	paraphrased	read	paraphrased	6	0.37	Susie Wolff	1365650105	first woman to take part in	follows: the field follows the article's way of putting something that could be put other ways	c681063be089
drivers	wurz	notes	original	auto	original	2	0.00	Alexander Wurz	1362494650			d4eb560b5a20
drivers	zak-osullivan	notes	original	read	paraphrased	7	0.33	Zak O'Sullivan	1376512443	a member of the williams driver academy	name: the shared words are a name or a title	7b8a31c26d09
drivers	zhou	notes	original	auto	original	3	0.00	Zhou Guanyu	1359822613			6f72f1f71aa9
circuits	adelaide	characteristics	original	auto	original	2	0.00	Adelaide Street Circuit	1376968680			cb28879c2b02
circuits	aida	characteristics	original	auto	original	1	0.00	Okayama International Circuit	1372088300			49172d135e33
circuits	ain-diab	characteristics	original	auto	original	1	0.00	Formula One	1375827499			9a9af0cce15a
circuits	aintree	characteristics	original	auto	original	3	0.00	Aintree	1376170289			8429365cdd3d
circuits	albert-park	characteristics	original	auto	original	3	0.00	History of Formula One	1371272002			701404eff840
circuits	anderstorp	characteristics	original	auto	original	2	0.00	Anderstorp Raceway	1374741152			9567305484b9
circuits	avus	characteristics	original	auto	original	2	0.00	AVUS	1375775054			b7a3d9372360
circuits	bahrain	characteristics	original	auto	original	2	0.00	Bahrain International Circuit	1376805411			29cab494f2c1
circuits	baku	characteristics	original	auto	original	4	0.06	Baku City Circuit	1371902663			7e32f489299a
circuits	brands-hatch	characteristics	original	auto	original	3	0.00	Brands Hatch	1377045314			036c7bc12265
circuits	bremgarten	characteristics	original	auto	original	3	0.00	Circuit Bremgarten	1351234033			6d5e298073e3
circuits	buddh	characteristics	original	auto	original	4	0.09	Buddh International Circuit	1376421201			36049f6e5d95
circuits	buenos-aires	characteristics	original	auto	original	1	0.00	Autódromo Oscar y Juan Gálvez	1372403954			78a1be6bb511
circuits	caesars-palace	characteristics	original	auto	original	2	0.00	Caesars Palace	1376835408			4a76d06565c6
circuits	catalunya	characteristics	original	auto	original	1	0.00	Circuit de Barcelona-Catalunya	1375880705			16c6d677b935
circuits	charade	characteristics	original	auto	original	2	0.00	Charade (1963 film)	1376471772			405f4e6d305b
circuits	cota	characteristics	original	auto	original	2	0.00	Circuit of the Americas	1375902762			cea311ce7e4d
circuits	dallas	characteristics	original	auto	original	3	0.00	Formula One	1375827499			4dc7998ee123
circuits	detroit	characteristics	original	auto	original	3	0.00	Detroit Street Circuit	1376815173			0596d1f01968
circuits	dijon	characteristics	original	auto	original	2	0.00	Dijon-Prenois	1376691367			c31c8b19f13a
circuits	donington	characteristics	original	auto	original	2	0.00	Donington Park	1376154617			c9e3d3b52857
circuits	east-london	characteristics	original	auto	original	1	0.00	Prince George Circuit	1370188784			0ca29652de47
circuits	estoril	characteristics	original	auto	original	2	0.00	Circuito do Estoril	1375438304			75d625466859
circuits	fuji	characteristics	original	read	paraphrased	6	0.23	Fuji Speedway	1377043536	one of the longest straights in	stock: the shared words are a stock phrase of English or of the sport	100e0a7c40e4
circuits	gilles-villeneuve	characteristics	original	auto	original	4	0.07	Circuit Gilles Villeneuve	1375021409			7476a96ff460
circuits	hockenheim	characteristics	original	auto	original	3	0.00	History of Formula One	1371272002			fe6f8147fa10
circuits	hungaroring	characteristics	original	auto	original	3	0.00	Hungaroring	1376830353			d4d217818f41
circuits	imola	characteristics	original	auto	original	2	0.00	Formula One	1375827499			dbf2a00c62fd
circuits	indianapolis	characteristics	original	auto	original	4	0.05	Indianapolis Motor Speedway	1376869578			d5ab1e4f2fd0
circuits	interlagos	characteristics	original	auto	original	3	0.00	2012 Formula One World Championship	1376317031			14adc4465a50
circuits	istanbul	characteristics	original	auto	original	3	0.00	Istanbul Park	1375092125			9ac0bfb4b2bc
circuits	jacarepagua	characteristics	close	read	close	9	0.32	Autódromo Internacional Nelson Piquet	1363345750	a long pit straight and a longer back straight	lifted: a clause of the article's description, reproduced	0f8a8e86676a
circuits	jarama	characteristics	original	auto	original	2	0.00	Circuito del Jarama	1376233091			cd6faf0b0ea2
circuits	jeddah	characteristics	original	auto	original	3	0.00	Jeddah Corniche Circuit	1375284171			97551664fa9a
circuits	jerez	characteristics	original	auto	original	3	0.00	Formula One	1375827499			e84d1c7bc1c5
circuits	kyalami	characteristics	original	auto	original	2	0.00	Kyalami	1375892281			3e050aaf04bb
circuits	las-vegas	characteristics	original	auto	original	2	0.00	Las Vegas Strip Circuit	1376988769			64ab9287115d
circuits	le-mans-bugatti	characteristics	original	auto	original	4	0.08	Circuit de la Sarthe	1373247445			415f6c352523
circuits	long-beach	characteristics	original	auto	original	2	0.00	Long Beach, California	1376740089			051273fbb99f
circuits	lusail	characteristics	original	auto	original	2	0.00	Formula One	1375827499			1babf61de472
circuits	madring	characteristics	original	read	paraphrased	5	0.12	Madring	1376038182	around the ifema exhibition centre	name: the shared words are a name or a title	e50ecaf9b129
circuits	magny-cours	characteristics	original	auto	original	3	0.00	Circuit de Nevers Magny-Cours	1374714443			cf2396358f86
circuits	marina-bay	characteristics	original	auto	original	3	0.00	History of Formula One	1371272002			014b5c88ab3c
circuits	miami	characteristics	original	auto	original	4	0.06	Miami International Autodrome	1374662362			4fe3ab99fdec
circuits	monaco	characteristics	original	auto	original	3	0.00	Formula One	1375827499			03edc19b6c88
circuits	monsanto	characteristics	original	auto	original	1	0.00	Monsanto Forest Park	1376202035			7009a08c359c
circuits	mont-tremblant	characteristics	original	auto	original	2	0.00	Mont-Tremblant	1376839506			e81a5e5d4e36
circuits	montjuic	characteristics	original	auto	original	4	0.14	Montjuïc Circuit	1357653491			692cd7a0cc0f
circuits	monza	characteristics	original	auto	original	4	0.08	Monza Circuit	1377047307			621c28df2087
circuits	mosport	characteristics	original	auto	original	2	0.00	Canadian Tire Motorsport Park	1375904492			b0b88e8207cc
circuits	mugello	characteristics	original	auto	original	2	0.00	Mugello Circuit	1376066950			56419678d339
circuits	nivelles	characteristics	original	auto	original	3	0.00	Nivelles-Baulers	1349960241			4e00c640563d
circuits	nordschleife	characteristics	original	auto	original	3	0.00	List of Nürburgring Nordschleife lap times	1370472737			7faf3613ad29
circuits	nurburgring-gp	characteristics	original	auto	original	2	0.00	German Grand Prix	1377088735			ef4c750187ae
circuits	nurburgring-sudschleife	characteristics	original	auto	original	2	0.00	Nürburgring	1375891856			fa2e96228815
circuits	paul-ricard	characteristics	original	auto	original	3	0.00	Circuit Paul Ricard	1376830462			8849392add54
circuits	pedralbes	characteristics	original	auto	original	2	0.00	Pedralbes Circuit	1364062563			980f5c43d5e9
circuits	pescara	characteristics	original	auto	original	4	0.12	History of Formula One	1371272002			b8cb146b6d89
circuits	phoenix	characteristics	original	auto	original	2	0.00	Formula One	1375827499			570b051140b9
circuits	portimao	characteristics	original	auto	original	2	0.00	Algarve International Circuit	1376830378			8d5947261504
circuits	porto	characteristics	original	auto	original	1	0.00	Boavista F.C.	1373706276			a628f3c93ac6
circuits	red-bull-ring	characteristics	original	auto	original	3	0.00	2026 Red Bull MotoGP Rookies Cup	1376809860			3acc503fef14
circuits	reims	characteristics	original	auto	original	2	0.00	Reims-Gueux	1365901354			9d6ca2717309
circuits	riverside	characteristics	original	auto	original	2	0.00	Riverside, California	1373935802			559e79f6254d
circuits	rodriguez	characteristics	original	auto	original	3	0.00	Mexican Grand Prix	1370173252			9005c355035d
circuits	rouen	characteristics	original	auto	original	2	0.00	Rouen-Les-Essarts	1370036841			0eddbb05f29f
circuits	sebring	characteristics	original	auto	original	1	0.00	Sebring	1020197754			69dd7721c900
circuits	sepang	characteristics	original	auto	original	2	0.00	Sepang International Circuit	1376811700			6ca60301ee5c
circuits	shanghai	characteristics	original	auto	original	3	0.00	Formula One	1375827499			36d45b073d8b
circuits	silverstone	characteristics	original	auto	original	3	0.00	Formula One	1375827499			96bc2903d76a
circuits	sochi	characteristics	original	auto	original	2	0.00	Sirius Autodrom	1375091229			85b192092365
circuits	spa	characteristics	original	auto	original	3	0.00	2019 Spa-Francorchamps Formula 2 round	1374071392			11ee38d0bf4b
circuits	suzuka	characteristics	original	auto	original	3	0.00	Suzuka Circuit	1375892037			fcf00a8d1342
circuits	valencia	characteristics	original	auto	original	2	0.00	Valencia Street Circuit	1351185569			960accbe91a3
circuits	watkins-glen	characteristics	original	auto	original	2	0.00	Watkins Glen International	1375908687			cade35261833
circuits	yas-marina	characteristics	original	auto	original	2	0.00	Yas Marina Circuit	1376818246			488c339a10bc
circuits	yeongam	characteristics	original	auto	original	2	0.00	Korea International Circuit	1370167950			042673c338cf
circuits	zandvoort	characteristics	original	auto	original	2	0.00	Circuit Zandvoort	1374737257			cbc66ffdc8ee
circuits	zeltweg	characteristics	original	auto	original	2	0.00	Formula One	1375827499			8dc7571a22c2
circuits	zolder	characteristics	original	auto	original	3	0.00	Belgian Grand Prix	1366418194			fe50d0f18b1d
circuits	adelaide	notes	original	auto	original	3	0.00	History of Formula One	1371272002			5a47bdf1fad6
circuits	aida	notes	original	read	paraphrased	7	0.33	Aida (disambiguation)	1365371161	pacific grand prix in 1994 and 1995	fact: the shared words state a result, a date or a record in the ordinary words for it	5a6ec5e16fc0
circuits	ain-diab	notes	original	auto	original	3	0.00	Ain-Diab Circuit	1370180647			853e555d647d
circuits	aintree	notes	original	auto	original	3	0.00	Aintree Racecourse	1375439959			307aa0a066b2
circuits	albert-park	notes	original	auto	original	3	0.00	Formula One	1375827499			2b452a450f45
circuits	anderstorp	notes	original	read	paraphrased	5	0.14	Swedish Grand Prix	1370194739	ronnie peterson and gunnar nilsson	name: the shared words are a name or a title	79eb0aabf860
circuits	avus	notes	original	read	paraphrased	6	0.31	AVUS	1375775054	in a supporting sports car race	fact: the shared words state a result, a date or a record in the ordinary words for it	bbd8e3ac8362
circuits	bahrain	notes	original	read	paraphrased	5	0.14	Formula One	1375827499	the first grand prix in	stock: the shared words are a stock phrase of English or of the sport	369a5f32636e
circuits	baku	notes	original	auto	original	3	0.00	Baku City Circuit	1371902663			a177bd57751a
circuits	brands-hatch	notes	original	auto	original	3	0.00	Brands Hatch	1377045314			adefbb0927f1
circuits	bremgarten	notes	original	auto	original	4	0.04	Circuit Bremgarten	1351234033			c8529af20f09
circuits	buddh	notes	original	auto	original	4	0.12	Buddh International Circuit	1376421201			cc3a6359c2b4
circuits	buenos-aires	notes	original	auto	original	2	0.00	Autódromo Oscar y Juan Gálvez	1372403954			9aa80a60aa30
circuits	caesars-palace	notes	original	auto	original	3	0.00	Caesars Palace	1376835408			5124fb55f6eb
circuits	catalunya	notes	original	auto	original	3	0.00	Circuit de Barcelona-Catalunya	1375880705			3ad40acbb7d5
circuits	charade	notes	original	auto	original	2	0.00	Formula One	1375827499			c9c162c7234c
circuits	cota	notes	original	auto	original	4	0.06	Circuit of the Americas	1375902762			43d3f89660e5
circuits	dallas	notes	original	auto	original	3	0.00	Formula One	1375827499			eca8abde7931
circuits	detroit	notes	original	auto	original	3	0.00	Formula One	1375827499			33464a0f0ec2
circuits	dijon	notes	original	auto	original	2	0.00	Dijon-Prenois	1376691367			04b640e62cd2
circuits	donington	notes	original	auto	original	4	0.04	Castle Donington	1375531700			76ba410769f0
circuits	east-london	notes	original	auto	original	3	0.00	Prince George Circuit	1370188784			6cf81f8e6e94
circuits	estoril	notes	original	auto	original	3	0.00	Portuguese Grand Prix	1368375105			ad9d2c0cfa7f
circuits	fuji	notes	original	auto	original	3	0.00	Fuji Speedway	1377043536			4692b7912bda
circuits	gilles-villeneuve	notes	original	auto	original	4	0.04	Circuit Gilles Villeneuve	1375021409			c8e1054ab77d
circuits	hockenheim	notes	original	read	paraphrased	6	0.12	History of Formula One	1371272002	in a formula 2 race in	fact: the shared words state a result, a date or a record in the ordinary words for it	d6702647f948
circuits	hungaroring	notes	original	auto	original	4	0.05	Hungaroring	1376830353			b4f321aef375
circuits	imola	notes	original	read	paraphrased	5	0.05	Imola Circuit	1377185812	ayrton senna and roland ratzenberger	name: the shared words are a name or a title	361b3b7c8e5d
circuits	indianapolis	notes	original	read	paraphrased	5	0.05	Formula One	1375827499	counted towards the world championship	stock: the shared words are a stock phrase of English or of the sport	ebfb1885c02b
circuits	interlagos	notes	original	auto	original	3	0.00	2012 Formula One World Championship	1376317031			da4107380fdc
circuits	istanbul	notes	original	auto	original	4	0.03	History of Formula One	1371272002			5f252cdfe6ed
circuits	jacarepagua	notes	original	auto	original	4	0.04	History of Formula One	1371272002			7cefbfce89af
circuits	jarama	notes	original	read	paraphrased	4	1.00	Circuito del Jarama	1376233091		fact: the shared words state a result, a date or a record in the ordinary words for it	c6afb2fc0dfc
circuits	jeddah	notes	original	auto	original	2	0.00	History of Formula One	1371272002			187dc879bb65
circuits	jerez	notes	original	auto	original	3	0.00	History of Formula One	1371272002			d829edb202bb
circuits	kyalami	notes	original	auto	original	4	0.06	Kyalami	1375892281			14dd05ea16dc
circuits	las-vegas	notes	original	auto	original	2	0.00	Las Vegas Strip Circuit	1376988769			6a0a273d8b16
circuits	le-mans-bugatti	notes	original	auto	original	4	0.14	Formula One	1375827499			b612f818d9a6
circuits	long-beach	notes	original	auto	original	2	0.00	Formula One	1375827499			fb7f0cba0509
circuits	lusail	notes	original	auto	original	2	0.00	Qatar Grand Prix	1366311682			0a37ad944f34
circuits	madring	notes	original	auto	original	3	0.00	Formula One	1375827499			4e62ca2e94a9
circuits	magny-cours	notes	original	auto	original	3	0.00	Circuit de Nevers Magny-Cours	1374714443			451b018fb8d3
circuits	marina-bay	notes	original	auto	original	3	0.00	Marina Bay Street Circuit	1357328473			15ee21aec39e
circuits	miami	notes	original	auto	original	2	0.00	Miami International Autodrome	1374662362			e8ae1194b96a
circuits	monaco	notes	original	auto	original	4	0.02	History of Formula One	1371272002			2a5b72fa0981
circuits	monsanto	notes	original	read	paraphrased	4	0.50	Formula One	1375827499		stock: the shared words are a stock phrase of English or of the sport	f22fe984ff31
circuits	mont-tremblant	notes	original	auto	original	2	0.00	Formula One	1375827499			cb5eed0f9063
circuits	montjuic	notes	original	auto	original	4	0.03	History of Formula One	1371272002			69b8dff8256f
circuits	monza	notes	original	read	paraphrased	5	0.06	Monza Circuit	1377047307	the banked oval was used	stock: the shared words are a stock phrase of English or of the sport	742afac8d026
circuits	mosport	notes	original	auto	original	3	0.00	Canadian Grand Prix	1363344708			bf7a2f24b84b
circuits	mugello	notes	original	auto	original	3	0.00	Mugello Circuit	1376066950			1b97a4060e05
circuits	nivelles	notes	original	auto	original	3	0.00	Nivelles	1375651023			13f5a2d09139
circuits	nordschleife	notes	original	auto	original	3	0.00	Nürburgring	1375891856			4165b55e5ff6
circuits	nurburgring-gp	notes	original	auto	original	3	0.00	German Grand Prix	1377088735			8247a666764e
circuits	nurburgring-sudschleife	notes	original	read	paraphrased	6	0.07	History of Formula One	1371272002	and did not count towards the	stock: the shared words are a stock phrase of English or of the sport	3819b7435e49
circuits	paul-ricard	notes	original	auto	original	4	0.06	Circuit Paul Ricard	1376830462			9ad98bb0ce45
circuits	pedralbes	notes	original	read	paraphrased	5	0.20	Pedralbes Circuit	1364062563	the 1955 le mans disaster	name: the shared words are a name or a title	8aff9adf9eb3
circuits	pescara	notes	original	auto	original	3	0.00	History of Formula One	1371272002			ceecd4ca9189
circuits	phoenix	notes	original	auto	original	3	0.00	History of Formula One	1371272002			5692c14a1129
circuits	portimao	notes	original	auto	original	4	0.04	Algarve International Circuit	1376830378			2a0f3cfc5879
circuits	porto	notes	original	auto	original	2	0.00	Boavista F.C.	1373706276			1e3ceabc3512
circuits	red-bull-ring	notes	original	auto	original	4	0.03	Formula One	1375827499			ec2477ff2c71
circuits	reims	notes	original	auto	original	3	0.00	History of Formula One	1371272002			6739de4635cc
circuits	riverside	notes	original	auto	original	4	0.17	Formula One	1375827499			d7147218b8b2
circuits	rodriguez	notes	original	read	paraphrased	5	0.07	Autódromo Hermanos Rodríguez	1376829470	the foro sol baseball stadium	name: the shared words are a name or a title	9b7d99e425e3
circuits	rouen	notes	original	auto	original	2	0.00	Rouen-Les-Essarts	1370036841			5853f7bf50d8
circuits	sebring	notes	original	auto	original	4	0.06	Formula One	1375827499			bc8bd58a4b1b
circuits	sepang	notes	original	read	paraphrased	5	0.06	Sepang International Circuit	1376811700	as the host of the	stock: the shared words are a stock phrase of English or of the sport	0df8d0349548
circuits	shanghai	notes	original	auto	original	4	0.04	Shanghai International Circuit	1376803846			88f73ef37bce
circuits	silverstone	notes	original	auto	original	4	0.07	Silverstone Circuit	1377046671			b6c017372cd4
circuits	sochi	notes	original	auto	original	4	0.08	History of Formula One	1371272002			0f858d229884
circuits	spa	notes	original	auto	original	2	0.00	Circuit de Spa-Francorchamps	1376830316			0bc6f6080248
circuits	suzuka	notes	original	auto	original	3	0.00	Suzuka Circuit	1375892037			af131d150364
circuits	valencia	notes	original	auto	original	4	0.08	History of Formula One	1371272002			92fc345832d7
circuits	watkins-glen	notes	original	auto	original	4	0.14	Watkins Glen International	1375908687			031469ece99c
circuits	yas-marina	notes	original	auto	original	4	0.06	History of Formula One	1371272002			4a4cc175e0fc
circuits	yeongam	notes	original	auto	original	4	0.11	Korea International Circuit	1370167950			635b5decf8a8
circuits	zandvoort	notes	original	auto	original	4	0.04	Circuit Zandvoort	1374737257			a32b4a6b48ac
circuits	zeltweg	notes	original	read	paraphrased	5	0.15	1000 km Zeltweg	1355125569	the race moved to the	stock: the shared words are a stock phrase of English or of the sport	ef8b00235524
circuits	zolder	notes	original	auto	original	4	0.12	Circuit Zolder	1374723294			5b9701e7d725
constructors	alfa-romeo	notes	original	auto	original	4	0.09	Alfa Romeo in Formula One	1370967280			19d7a9128b67
constructors	alphatauri	notes	original	auto	original	4	0.15	Scuderia AlphaTauri	1370970786			b94a070f71d6
constructors	alpine	notes	original	auto	original	4	0.04	Alpine F1 Team	1375899524			6d94b87fe6e8
constructors	arrows	notes	original	auto	original	3	0.00	List of Formula One constructor records	1377171385			6ba54d479d8a
constructors	aston-martin	notes	original	auto	original	3	0.00	Aston Martin in Formula One	1374534468			50e10327cced
constructors	audi	notes	original	auto	original	4	0.03	Audi in Formula One	1376859714			1b0f6ba0e9bc
constructors	bar	notes	original	auto	original	3	0.00	2026 Formula One World Championship	1376997788			1c7f7abf75e7
constructors	benetton	notes	original	auto	original	3	0.00	Benetton Formula	1370962585			938f9cada215
constructors	bmw-sauber	notes	original	auto	original	3	0.00	Formula One	1375827499			f3cbd99ae57d
constructors	brabham	notes	paraphrased	read	paraphrased	7	0.21	Brabham	1373369974	founded by jack brabham and ron tauranac	follows: the field follows the article's way of putting something that could be put other ways	7923fd0f3066
constructors	brawn	notes	original	auto	original	4	0.05	History of Formula One	1371272002			86a651c2401a
constructors	brm	notes	original	auto	original	3	0.00	Formula One	1375827499			62efad08f791
constructors	cadillac	notes	original	auto	original	3	0.00	Cadillac in Formula One	1376533252			d32b66add3c7
constructors	caterham	notes	original	auto	original	3	0.00	Caterham F1	1371382446			93462e1aa0e3
constructors	connaught	notes	original	auto	original	2	0.00	List of Formula One constructors	1377015989			769954ceb20b
constructors	cooper	notes	original	auto	original	3	0.00	2024 Formula One World Championship	1376189329			1b691435c061
constructors	dallara	notes	original	auto	original	2	0.00	List of Formula One constructors	1377015989			f4abedf7e3ac
constructors	eagle	notes	original	auto	original	3	0.00	Formula One	1375827499			a4b9780888dd
constructors	ferrari	notes	original	auto	original	3	0.00	List of Formula One constructors	1377015989			344ca5b4e54b
constructors	fittipaldi	notes	original	auto	original	3	0.00	List of Formula One constructors	1377015989			8eb0a3e8649f
constructors	footwork	notes	original	auto	original	3	0.00	Formula One	1375827499			7208ffb28195
constructors	force-india	notes	original	auto	original	3	0.00	Force India	1376262051			ae862604de63
constructors	gordini	notes	original	auto	original	2	0.00	List of Formula One constructors	1377015989			4a465da0ce78
constructors	haas	notes	original	auto	original	4	0.05	Haas F1 Team	1372841569			2833f01da788
constructors	hesketh	notes	original	auto	original	3	0.00	History of Formula One	1371272002			70a34001de6b
constructors	honda-works	notes	original	auto	original	4	0.03	Honda in Formula One	1372207125			87286c6fbb22
constructors	hrt	notes	original	auto	original	3	0.00	List of Formula One constructors	1377015989			e593a30ba0f9
constructors	jaguar	notes	original	auto	original	4	0.07	Jaguar in Formula One	1373426875			a389727dd8e3
constructors	jordan	notes	original	auto	original	3	0.00	Formula One	1375827499			687e48875adf
constructors	lago	notes	original	auto	original	3	0.00	History of Formula One	1371272002			2781b5240987
constructors	lancia	notes	original	auto	original	3	0.00	History of Formula One	1371272002			71dfa35fe92e
constructors	larrousse	notes	original	auto	original	3	0.00	Larrousse	1374032768			9a3c46b0f6e3
constructors	leyton	notes	original	auto	original	3	0.00	Leyton House Racing	1370968852			edddf0e325c9
constructors	ligier	notes	original	auto	original	4	0.17	Équipe Ligier	1374705438			0a83fab02050
constructors	lola	notes	original	auto	original	3	0.00	Formula One	1375827499			952c71be0d28
constructors	lotus	notes	original	auto	original	3	0.00	Team Lotus	1366907720			56fbd9b8b76c
constructors	lotus-f1	notes	original	auto	original	3	0.00	Lotus F1	1370969468			cdf82598e4d5
constructors	march	notes	original	auto	original	2	0.00	List of Formula One constructors	1377015989			eb82792455c6
constructors	maserati	notes	original	auto	original	3	0.00	History of Formula One	1371272002			69ab2104871a
constructors	matra	notes	original	auto	original	3	0.00	List of Formula One World Constructors' Champions	1376169210			137f1ca31e5c
constructors	mclaren	notes	original	read	paraphrased	6	0.16	McLaren	1376828762	founded by bruce mclaren in 1963	fact: the shared words state a result, a date or a record in the ordinary words for it	68706d5b829a
constructors	mercedes	notes	original	auto	original	3	0.00	Mercedes-Benz in Formula One	1371857985			09229be20ebd
constructors	minardi	notes	original	auto	original	3	0.00	List of Formula One constructors	1377015989			f97e8117b618
constructors	onyx	notes	original	auto	original	3	0.00	Formula One	1375827499			87dc94952a6b
constructors	penske	notes	original	auto	original	3	0.00	History of Formula One	1371272002			44066895d697
constructors	porsche	notes	original	auto	original	4	0.07	2026 Formula One World Championship	1376997788			12c36b63ab25
constructors	prost-gp	notes	original	auto	original	3	0.00	Prost Grand Prix	1371284662			b2484dce2a27
constructors	racing-bulls	notes	original	auto	original	3	0.00	2026 Formula One World Championship	1376997788			fa6a7659f9af
constructors	racing-point	notes	original	auto	original	2	0.00	List of Formula One constructors	1377015989			259687995d42
constructors	red-bull	notes	original	auto	original	3	0.00	Red Bull Racing	1371252330			2028e445e62c
constructors	renault	notes	original	auto	original	4	0.03	Renault in Formula One	1370965342			f0091961d802
constructors	rob-walker	notes	original	auto	original	3	0.00	List of Formula One constructors	1377015989			ae181f69cc5c
constructors	sauber	notes	original	auto	original	3	0.00	Formula One	1375827499			d3db6bcfbae8
constructors	shadow	notes	original	auto	original	2	0.00	List of Formula One constructors	1377015989			bce0b7a3453b
constructors	stewart-gp	notes	original	auto	original	3	0.00	Stewart Grand Prix	1371252440			efe4b5a5ed6a
constructors	super-aguri	notes	original	auto	original	3	0.00	Formula One	1375827499			59589aca059a
constructors	surtees-team	notes	original	auto	original	1	0.00	List of Formula One constructors	1377015989			736a07dde1dc
constructors	toleman	notes	original	auto	original	4	0.07	History of Formula One	1371272002			f58b7215613c
constructors	toro-rosso	notes	original	auto	original	4	0.05	Formula One	1375827499			d02b21f650c7
constructors	toyota	notes	original	auto	original	4	0.06	History of Formula One	1371272002			679e822771dd
constructors	tyrrell	notes	original	auto	original	4	0.06	Ken Tyrrell	1361377243			8892733160a2
constructors	vanwall	notes	original	auto	original	4	0.06	List of Formula One constructors	1377015989			800d1990901d
constructors	virgin	notes	original	auto	original	3	0.00	Marussia F1	1370969822			67079a119b94
constructors	williams	notes	original	auto	original	3	0.00	List of Formula One World Constructors' Champions	1376169210			dcdf8461d791
constructors	wolf	notes	original	auto	original	2	0.00	Walter Wolf Racing	1373411413			c5ea8883c3a5
seasons	1950	notes	original	auto	original	3	0.00	1950 Formula One season	1371248309			cc0c7e23017d
seasons	1951	notes	original	auto	original	3	0.00	History of Formula One	1371272002			07bc81324d54
seasons	1952	notes	original	auto	original	3	0.00	History of Formula One	1371272002			92870e6d85fb
seasons	1953	notes	original	auto	original	3	0.00	1953 Formula One season	1370951539			d99db83e928f
seasons	1954	notes	original	auto	original	3	0.00	1954 Formula One season	1370910293			68243b3db514
seasons	1955	notes	original	read	paraphrased	5	0.14	1955 Formula One season	1376998541	german swiss and spanish rounds	name: the shared words are a name or a title	e4fafcaa6c4c
seasons	1956	notes	original	auto	original	4	0.06	1956 Formula One season	1373791054			95089834d622
seasons	1957	notes	original	auto	original	4	0.09	Formula One	1375827499			fa5a6e3d852b
seasons	1958	notes	original	auto	original	4	0.04	History of Formula One	1371272002			5675ff5b52f9
seasons	1959	notes	original	auto	original	3	0.00	History of Formula One	1371272002			8ade58d39b53
seasons	1960	notes	original	auto	original	3	0.00	1960 Formula One season	1370951701			d815102a84c5
seasons	1961	notes	original	read	paraphrased	6	0.33	1961 Formula One season	1370951708	phil hill became the first american	fact: the shared words state a result, a date or a record in the ordinary words for it	0e9c7d182016
seasons	1962	notes	original	auto	original	2	0.00	List of Formula One seasons	1377013784			aeec89122717
seasons	1963	notes	original	read	paraphrased	5	0.06	1963 Formula One season	1370951737	graham hill and richie ginther	name: the shared words are a name or a title	a1150b0913ab
seasons	1964	notes	original	auto	original	3	0.00	History of Formula One	1371272002			27ccdfdaedff
seasons	1965	notes	original	auto	original	4	0.07	History of Formula One	1371272002			918191486669
seasons	1966	notes	original	auto	original	4	0.08	1966 Formula One season	1370951785			9dd2fea3f27d
seasons	1967	notes	original	auto	original	4	0.05	History of Formula One	1371272002			f4377b6fcd27
seasons	1968	notes	original	auto	original	4	0.04	1968 Formula One season	1370951814			d927823f9971
seasons	1969	notes	original	auto	original	3	0.00	1969 Formula One season	1370910371			7d84a14c1da1
seasons	1970	notes	original	auto	original	4	0.05	Formula One	1375827499			6eebe684a1fb
seasons	1971	notes	original	auto	original	2	0.00	1971 Formula One season	1374999515			b3162880389e
seasons	1972	notes	original	auto	original	3	0.00	1972 Formula One season	1370966848			264d808d9ca9
seasons	1973	notes	original	auto	original	3	0.00	1976 Formula One season	1370951938			9b23787c6399
seasons	1974	notes	original	auto	original	2	0.00	Formula One	1375827499			464553a2bdc8
seasons	1975	notes	original	auto	original	2	0.00	1975 Formula One season	1372896265			71703752356f
seasons	1976	notes	original	auto	original	3	0.00	1976 Formula One season	1370951938			9f29a793622b
seasons	1977	notes	original	auto	original	2	0.00	1977 Formula One season	1375372664			030b0125b845
seasons	1978	notes	original	auto	original	3	0.00	History of Formula One	1371272002			6268b1387743
seasons	1979	notes	original	auto	original	2	0.00	1979 Formula One season	1370964929			ffae128cfa42
seasons	1980	notes	original	auto	original	2	0.00	1980 Formula One season	1372906835			888c4ced1085
seasons	1981	notes	original	auto	original	4	0.05	1980 Formula One season	1372906835			9a3f16259158
seasons	1982	notes	original	auto	original	4	0.04	History of Formula One	1371272002			94d569785dfd
seasons	1983	notes	original	auto	original	2	0.00	1983 Formula One World Championship	1370965369			6a03d7642d40
seasons	1984	notes	original	auto	original	3	0.00	1984 Formula One World Championship	1372986620			08b74404e629
seasons	1985	notes	original	auto	original	2	0.00	1985 Formula One World Championship	1371261644			84ac16da41ac
seasons	1986	notes	original	auto	original	3	0.00	1986 Formula One World Championship	1371098877			be96d524be61
seasons	1987	notes	original	auto	original	3	0.00	History of Formula One	1371272002			4ffc70e58eab
seasons	1988	notes	original	auto	original	4	0.04	History of Formula One	1371272002			f40570d8377f
seasons	1989	notes	original	auto	original	3	0.00	History of Formula One	1371272002			57d615c94792
seasons	1990	notes	original	auto	original	2	0.00	1990 Formula One World Championship	1371101301			1ae96b00ae8b
seasons	1991	notes	original	auto	original	2	0.00	1991 Formula One World Championship	1376394398			03603c0e290a
seasons	1992	notes	original	auto	original	3	0.00	1992 Formula One World Championship	1369228178			21d3965472ae
seasons	1993	notes	original	auto	original	3	0.00	1993 Formula One World Championship	1375412761			ab47fc67d4a9
seasons	1994	notes	original	auto	original	4	0.03	Allegations of cheating during the 1994 Formula One World Championship	1356319621			8a91185f63b5
seasons	1995	notes	original	auto	original	3	0.00	1995 Formula One World Championship	1375309886			e9e5d8f33066
seasons	1996	notes	original	auto	original	3	0.00	1996 Formula One World Championship	1376170380			e34666257f58
seasons	1997	notes	original	auto	original	2	0.00	1997 Formula One World Championship	1371597287			4fd03a3a59f5
seasons	1998	notes	original	auto	original	2	0.00	1998 Formula One World Championship	1372421349			6de0f90f2913
seasons	1999	notes	original	read	paraphrased	6	0.23	1999 Formula One World Championship	1369387987	ferrari's first constructors title since 1983	fact: the shared words state a result, a date or a record in the ordinary words for it	c54253f9c788
seasons	2000	notes	original	auto	original	3	0.00	2000 Formula One World Championship	1371597275			0721f86e4772
seasons	2001	notes	original	auto	original	3	0.00	History of Formula One	1371272002			590b7e39ef54
seasons	2002	notes	original	auto	original	3	0.00	2002 Formula One World Championship	1371249242			32ae5da86897
seasons	2003	notes	original	auto	original	4	0.07	2003 Formula One World Championship	1371597264			aa510bf9ba06
seasons	2004	notes	original	auto	original	4	0.17	Formula One	1375827499			7623d9b0834b
seasons	2005	notes	original	auto	original	3	0.00	2005 Formula One World Championship	1371249561			4d28d581876a
seasons	2006	notes	original	auto	original	3	0.00	History of Formula One	1371272002			10b7b3900e3e
seasons	2007	notes	original	read	paraphrased	6	0.17	2007 Formula One World Championship	1368924967	by one point at the final	fact: the shared words state a result, a date or a record in the ordinary words for it	1eabdd755fea
seasons	2008	notes	original	read	paraphrased	7	0.22	2008 Formula One World Championship	1373003249	the final corner of the final lap	stock: the shared words are a stock phrase of English or of the sport	e449ee8a9724
seasons	2009	notes	original	auto	original	4	0.09	History of Formula One	1371272002			3750fd5c1551
seasons	2010	notes	original	auto	original	4	0.09	History of Formula One	1371272002			ac8ac41e1232
seasons	2011	notes	original	auto	original	2	0.00	2011 Formula One World Championship	1376563046			1f89cf3488b3
seasons	2012	notes	original	auto	original	4	0.08	2012 Formula One World Championship	1376317031			1c17c8669bb6
seasons	2013	notes	original	auto	original	4	0.08	History of Formula One	1371272002			31ff0a29e4e7
seasons	2014	notes	original	auto	original	3	0.00	2014 Formula One World Championship	1375076453			cfe97e74bc35
seasons	2015	notes	original	auto	original	1	0.00	2015 Formula One World Championship	1356326694			0ccc91006f34
seasons	2016	notes	original	auto	original	3	0.00	2016 Formula One World Championship	1364682451			c69aa8c6cd2b
seasons	2017	notes	original	auto	original	2	0.00	2010 Formula One World Championship	1368835756			aad3d1a35e25
seasons	2018	notes	original	auto	original	2	0.00	2018 Formula One World Championship	1373884867			8db80079328a
seasons	2019	notes	original	auto	original	2	0.00	2019 Formula One World Championship	1373925222			25ccc132cff1
seasons	2020	notes	original	auto	original	2	0.00	2020 Formula One World Championship	1371601816			152badaa0260
seasons	2021	notes	original	auto	original	4	0.03	2021 Formula One World Championship	1371413806			c8af19c7e8c3
seasons	2022	notes	original	auto	original	3	0.00	History of Formula One	1371272002			0aa3ef15789e
seasons	2023	notes	original	auto	original	4	0.06	2023 Formula One World Championship	1376472167			788b36df2d68
seasons	2024	notes	original	auto	original	3	0.00	2024 Formula One World Championship	1376189329			a80914797772
seasons	2025	notes	original	auto	original	4	0.03	History of Formula One	1371272002			90fcd773b8ca
seasons	2026	notes	original	auto	original	3	0.00	2026 Formula One World Championship	1376997788			f12d3e13c829
seasons	2027	notes	original	auto	original	3	0.00	Formula One	1375827499			ed727d82a421
cars	alfa-158	concept	original	auto	original	3	0.00	Alfa Romeo 158/159 Alfetta	1370969446			32bc0711f34d
cars	brabham-bt46	concept	original	read	paraphrased	5	0.08	Niki Lauda	1375709623	too wide for ground effect	fact: the shared words state a result, a date or a record in the ordinary words for it	5c8920e4fbb7
cars	brawn-bgp001	concept	original	auto	original	2	0.00	Brawn BGP 001	1374090836			e02b9893b471
cars	cooper-t51	concept	original	auto	original	3	0.00	Formula One	1375827499			cc13910ca89a
cars	ferrari-312b	concept	original	auto	original	4	0.06	Formula One	1375827499			5b5b873376ec
cars	ferrari-312t	concept	original	read	paraphrased	5	0.11	Ferrari 312T	1370967471	ahead of the rear axle	stock: the shared words are a stock phrase of English or of the sport	87e390b366fc
cars	ferrari-500	concept	original	auto	original	3	0.00	History of Formula One	1371272002			649dc97522b8
cars	ferrari-f2004	concept	original	auto	original	4	0.05	Formula One	1375827499			1fcb373a33f1
cars	lotus-25	concept	original	auto	original	2	0.00	Lotus 25	1328048148			3d7d2f76d92a
cars	lotus-49	concept	original	auto	original	4	0.12	Formula One	1375827499			75f4a414a914
cars	lotus-72	concept	original	auto	original	3	0.00	Formula One	1375827499			b54cf8022fb0
cars	lotus-78	concept	paraphrased	read	paraphrased	5	0.12	Lotus 78	1370969224	the underside of the sidepods	follows: the field follows the article's way of putting something that could be put other ways	d81e4f5d45e1
cars	lotus-79	concept	original	auto	original	3	0.00	Lotus 79	1370969228			425531c9b2d2
cars	lotus-88	concept	paraphrased	read	paraphrased	6	0.14	Lotus 88	1370967634	chassis one inside the other the	follows: the field follows the article's way of putting something that could be put other ways	291888559d93
cars	maserati-250f	concept	original	auto	original	4	0.05	Maserati 250F	1365136455			1c009f206509
cars	mclaren-m23	concept	original	auto	original	3	0.00	History of Formula One	1371272002			37848a91b7f5
cars	mclaren-mp4-1	concept	original	auto	original	4	0.07	McLaren MP4/1	1370967685			030f7d9f74e0
cars	mclaren-mp4-4	concept	original	auto	original	2	0.00	McLaren MP4/4	1370969766			95aa264388bd
cars	mercedes-w05	concept	original	auto	original	4	0.04	Mercedes F1 W07 Hybrid	1370970284			6756c9119297
cars	mercedes-w11	concept	original	auto	original	3	0.00	Mercedes-AMG F1 W11 EQ Performance	1370970838			c5428ea9a959
cars	mercedes-w196	concept	original	auto	original	3	0.00	Mercedes-Benz W196	1374472806			8cfc4ceaffea
cars	red-bull-rb19	concept	original	auto	original	3	0.00	Red Bull Racing RB19	1370971242			1200180a1158
cars	red-bull-rb6	concept	original	auto	original	3	0.00	Formula One	1375827499			9827db5e0987
cars	renault-r25	concept	original	auto	original	3	0.00	Formula One	1375827499			34196bcd15fc
cars	renault-rs01	concept	original	auto	original	3	0.00	Renault in Formula One	1370965342			fe63050fe9e3
cars	tyrrell-p34	concept	original	auto	original	2	0.00	Tyrrell P34	1376062274			1609a8314e59
cars	vanwall-vw5	concept	original	auto	original	2	0.00	Vanwall	1370966286			8ed82156ca36
cars	williams-fw07	concept	original	auto	original	3	0.00	Williams FW07	1370969013			10265d011274
cars	williams-fw14	concept	original	auto	original	2	0.00	Williams FW14	1370969788			d1c2dbaf531c
cars	alfa-158	innovations	original	auto	original	3	0.00	Alfa Romeo 159	1373438925			14dbadd77903
cars	brabham-bt46	innovations	original	auto	original	3	0.00	Brabham BT46	1370967755			fb61f4e81e02
cars	brawn-bgp001	innovations	original	auto	original	3	0.00	Brawn GP	1370962739			ac6b17863203
cars	cooper-t51	innovations	original	auto	original	2	0.00	Cooper T51	1359974251			5eb9350ca8a0
cars	ferrari-312b	innovations	original	auto	original	3	0.00	History of Formula One	1371272002			dd238031f0e8
cars	ferrari-312t	innovations	paraphrased	read	paraphrased	5	0.15	Ferrari 312T	1370967471	gearbox the t in the	follows: the field follows the article's way of putting something that could be put other ways	52b15944baeb
cars	lotus-25	innovations	paraphrased	read	paraphrased	6	0.18	Lotus 25	1328048148	the first fully stressed monocoque chassis	follows: the field follows the article's way of putting something that could be put other ways	67f7a7ece605
cars	lotus-49	innovations	original	auto	original	4	0.05	Lotus 72	1370969025			6a6325aa7e22
cars	lotus-72	innovations	original	auto	original	4	0.04	Lotus 72	1370969025			b73dd027b7e8
cars	lotus-78	innovations	original	auto	original	4	0.08	Lotus 78	1370969224			1152381c5ca8
cars	lotus-79	innovations	original	auto	original	3	0.00	Lotus 79	1370969228			a3b66d771424
cars	lotus-88	innovations	original	auto	original	3	0.00	Lotus 88	1370967634			b7dfaba08f42
cars	mclaren-mp4-1	innovations	original	auto	original	3	0.00	McLaren MP4/1	1370967685			9e0bb5582c6a
cars	mercedes-w05	innovations	original	auto	original	3	0.00	Formula One	1375827499			66b77216274c
cars	mercedes-w11	innovations	original	read	paraphrased	5	0.12	Mercedes-AMG F1 W11 EQ Performance	1370970838	dual axis steering das which	name: the shared words are a name or a title	6ed8114fa755
cars	mercedes-w196	innovations	original	auto	original	3	0.00	Mercedes-Benz W196	1374472806			42a9a580a2ef
cars	red-bull-rb6	innovations	original	auto	original	3	0.00	Red Bull RB7	1373926729			c68a73128fe4
cars	renault-r25	innovations	original	auto	original	4	0.04	Renault R25	1370967879			02816659af71
cars	renault-rs01	innovations	original	read	paraphrased	5	0.22	History of Formula One	1371272002	in formula one and the	stock: the shared words are a stock phrase of English or of the sport	c1dfab981eaa
cars	tyrrell-p34	innovations	original	auto	original	2	0.00	Tyrrell P34	1376062274			cadd46ac58da
cars	vanwall-vw5	innovations	original	auto	original	4	0.05	Vanwall	1370966286			122435bc995e
cars	williams-fw07	innovations	original	auto	original	3	0.00	Williams FW07	1370969013			8f13dbd32b82
cars	williams-fw14	innovations	original	auto	original	4	0.09	Williams FW14	1370969788			3dc06eacab21
cars	alfa-158	story	original	auto	original	4	0.04	Alfa Romeo 158/159 Alfetta	1370969446			bb2dd4c6cdaa
cars	brabham-bt46	story	original	read	paraphrased	7	0.07	Brabham BT46	1370967755	lauda won the 1978 swedish grand prix	fact: the shared words state a result, a date or a record in the ordinary words for it	78aa188f6fd0
cars	brawn-bgp001	story	original	read	paraphrased	7	0.07	Brawn GP	1370962739	won six of the first seven races	fact: the shared words state a result, a date or a record in the ordinary words for it	46fa472eb929
cars	cooper-t51	story	original	auto	original	4	0.03	Formula One	1375827499			390fd83ba052
cars	ferrari-312b	story	original	read	paraphrased	5	0.06	History of Formula One	1371272002	at the end of the	stock: the shared words are a stock phrase of English or of the sport	c189c1061128
cars	ferrari-312t	story	original	read	paraphrased	6	0.04	Niki Lauda	1375709623	was too wide for ground effect	fact: the shared words state a result, a date or a record in the ordinary words for it	9258e3c40700
cars	ferrari-500	story	original	read	paraphrased	5	0.03	Formula One	1375827499	a record that stood for	stock: the shared words are a stock phrase of English or of the sport	e852915634fa
cars	ferrari-f2004	story	original	read	paraphrased	5	0.03	Ferrari F2004	1374020633	sixth straight constructors championship and	fact: the shared words state a result, a date or a record in the ordinary words for it	db5db4dfcd9f
cars	lotus-25	story	original	auto	original	4	0.02	Lotus 25	1328048148			e03e9431647e
cars	lotus-49	story	original	auto	original	4	0.01	Lotus 49	1376633049			bee14b762eee
cars	lotus-72	story	original	read	paraphrased	5	0.04	Formula One	1375827499	the only posthumous world champion	fact: the shared words state a result, a date or a record in the ordinary words for it	0e00a7ff3319
cars	lotus-78	story	original	auto	original	3	0.00	Lotus 78	1370969224			39cf55aac855
cars	lotus-79	story	original	auto	original	4	0.02	Lotus 78	1370969224			84f7902ba114
cars	lotus-88	story	original	auto	original	4	0.02	History of Formula One	1371272002			865ce0f89a3f
cars	maserati-250f	story	original	auto	original	3	0.00	Maserati 250F	1365136455			cf2505d2c504
cars	mclaren-m23	story	original	auto	original	3	0.00	McLaren M26	1370969968			6002a6256a9d
cars	mclaren-mp4-1	story	original	auto	original	4	0.01	McLaren MP4/4	1370969766			32f3eec3d17d
cars	mclaren-mp4-4	story	original	auto	original	4	0.01	History of Formula One	1371272002			68e9ac4798df
cars	mercedes-w05	story	original	auto	original	4	0.02	Formula One	1375827499			aa45cb88384e
cars	mercedes-w11	story	original	auto	original	4	0.02	Mercedes AMG F1 W09 EQ Power+	1370970662			fc247aa9d4a5
cars	mercedes-w196	story	original	read	paraphrased	5	0.03	History of Formula One	1371272002	not return to formula one	stock: the shared words are a stock phrase of English or of the sport	641c560f7208
cars	red-bull-rb19	story	original	auto	original	3	0.00	Red Bull Racing RB19	1370971242			205f5cf255e9
cars	red-bull-rb6	story	original	auto	original	4	0.06	History of Formula One	1371272002			ab5ecf39d8c9
cars	renault-r25	story	original	auto	original	4	0.02	Renault R25	1370967879			468b8b6d6cc5
cars	renault-rs01	story	original	auto	original	4	0.03	Renault in Formula One	1370965342			4b1097494d9f
cars	tyrrell-p34	story	original	read	paraphrased	7	0.06	Tyrrell P34	1376062274	scheckter and depailler finished first and second	fact: the shared words state a result, a date or a record in the ordinary words for it	6230d2954e63
cars	vanwall-vw5	story	original	read	paraphrased	5	0.03	Vanwall	1370966286	the 1957 british grand prix	name: the shared words are a name or a title	9a8b9dd25202
cars	williams-fw07	story	original	auto	original	4	0.02	History of Formula One	1371272002			1a81f3e9add4
cars	williams-fw14	story	original	read	paraphrased	5	0.05	Williams FW14	1370969788	active suspension traction control and	name: the shared words are a name or a title	17fc39daf032
cars	alfa-158	outcome	original	auto	original	3	0.00	Alfa Romeo 158/159 Alfetta	1370969446			9ba8450ae83c
cars	brabham-bt46	outcome	original	auto	original	3	0.00	Brabham BT46	1370967755			3b07e9843dfa
cars	brawn-bgp001	outcome	original	auto	original	4	0.04	Brawn GP	1370962739			dad580ed1dca
cars	cooper-t51	outcome	original	auto	original	3	0.00	History of Formula One	1371272002			d54af9593600
cars	ferrari-312b	outcome	original	auto	original	2	0.00	Ferrari 312B	1375248975			b3cf86bd6dfb
cars	ferrari-312t	outcome	original	auto	original	3	0.00	History of Formula One	1371272002			4b5fac5c6e3d
cars	ferrari-500	outcome	original	auto	original	3	0.00	Ferrari Tipo 500	1374921004			06f045c28dee
cars	ferrari-f2004	outcome	original	auto	original	3	0.00	History of Formula One	1371272002			0854ebea3ffa
cars	lotus-25	outcome	original	auto	original	3	0.00	Lotus Cars	1376798946			20f191771af7
cars	lotus-49	outcome	original	auto	original	2	0.00	Lotus 49	1376633049			17666eb59e4d
cars	lotus-72	outcome	original	auto	original	2	0.00	Lotus 72	1370969025			feedf1da4bf9
cars	lotus-78	outcome	original	auto	original	2	0.00	Lotus 78	1370969224			556cb1a08f80
cars	lotus-79	outcome	original	auto	original	2	0.00	Lotus 79	1370969228			3d662829aac1
cars	lotus-88	outcome	original	auto	original	3	0.00	Lotus 88	1370967634			cf0d81a8e2ab
cars	maserati-250f	outcome	original	auto	original	2	0.00	Maserati 250F	1365136455			2679efe6139b
cars	mclaren-m23	outcome	original	auto	original	3	0.00	McLaren M19A	1370970542			f6e9b5960f71
cars	mclaren-mp4-1	outcome	original	auto	original	2	0.00	McLaren MP4/1	1370967685			9b334a7a3ae4
cars	mclaren-mp4-4	outcome	original	auto	original	3	0.00	McLaren MP4/4	1370969766			8b09f20d3241
cars	mercedes-w05	outcome	original	auto	original	3	0.00	Mercedes F1 W05 Hybrid	1376564365			72950c2a44d5
cars	mercedes-w11	outcome	original	auto	original	2	0.00	Mercedes-AMG F1 W11 EQ Performance	1370970838			c0dcd6d5515e
cars	mercedes-w196	outcome	original	auto	original	3	0.00	Mercedes-Benz W196	1374472806			fd1843848db1
cars	red-bull-rb19	outcome	original	auto	original	3	0.00	History of Formula One	1371272002			bd1276befd73
cars	red-bull-rb6	outcome	original	auto	original	3	0.00	History of Formula One	1371272002			a191555728ec
cars	renault-r25	outcome	original	auto	original	3	0.00	Renault R25	1370967879			98a46ac7b409
cars	renault-rs01	outcome	original	auto	original	4	0.06	History of Formula One	1371272002			ad4228b72d82
cars	tyrrell-p34	outcome	original	auto	original	4	0.06	Tyrrell P34	1376062274			e534506ea5e1
cars	vanwall-vw5	outcome	original	auto	original	3	0.00	Vanwall	1370966286			cca592f34530
cars	williams-fw07	outcome	original	auto	original	3	0.00	Williams FW07	1370969013			46a9176fd018
cars	williams-fw14	outcome	original	read	paraphrased	5	0.15	Williams FW14	1370969788	nine wins in a season	fact: the shared words state a result, a date or a record in the ordinary words for it	76f34e26d965
cars	alfa-158	power_note	original	auto	original	3	0.00	Alfa Romeo 158/159 Alfetta	1370969446			39cc0b99f026
cars	brabham-bt46	power_note	original	read	paraphrased	6	1.00	Brabham BT46	1370967755	520 bhp at 12 000 rpm	figures: the shared words are figures: a points scale, a capacity, a power output	1ac7ca997068
cars	brawn-bgp001	power_note	original	auto	original	3	0.00	Brawn BGP 001	1374090836			45937c3bc1f1
cars	ferrari-312t	power_note	original	auto	original	2	0.00	Ferrari 312T	1370967471			32573602634e
cars	ferrari-500	power_note	original	auto	original	3	0.00	Ferrari Monza	1362645747			d3d38a53393d
cars	ferrari-f2004	power_note	original	read	paraphrased	7	0.47	Ferrari V10 engine	1343649201	at 18 300 rpm in race trim	figures: the shared words are figures: a points scale, a capacity, a power output	c0528acbe8e1
cars	lotus-49	power_note	original	auto	original	2	0.00	Formula One	1375827499			86397f983a23
cars	lotus-72	power_note	original	auto	original	2	0.00	Formula One	1375827499			74d6b04e9417
cars	lotus-79	power_note	original	auto	original	2	0.00	Formula One	1375827499			02fcac84dd9b
cars	maserati-250f	power_note	original	auto	original	3	0.00	Maserati 250F	1365136455			105d524c6e09
cars	mclaren-mp4-1	power_note	original	auto	original	3	0.00	McLaren MP4/1	1370967685			dbb28bbc63d0
cars	mclaren-mp4-4	power_note	original	auto	original	4	0.11	McLaren MP4/4	1370969766			681660dbf3c8
cars	mercedes-w05	power_note	original	auto	original	4	0.05	Mercedes F1 W05 Hybrid	1376564365			ef5d03f6273c
cars	mercedes-w11	power_note	original	auto	original	3	0.00	Formula One	1375827499			0f6ef21575f3
cars	mercedes-w196	power_note	original	read	paraphrased	5	0.10	Mercedes-Benz W196	1374472806	at 10 000 rpm was	figures: the shared words are figures: a points scale, a capacity, a power output	e92ef7f19b10
cars	red-bull-rb6	power_note	original	auto	original	3	0.00	Formula One	1375827499			45937c3bc1f1
cars	renault-r25	power_note	original	read	paraphrased	4	0.25	Renault RS engine	1362140232		figures: the shared words are figures: a points scale, a capacity, a power output	c1b838659636
cars	renault-rs01	power_note	original	auto	original	2	0.00	Renault RS01	1375372860			6d7a71dcbdba
cars	vanwall-vw5	power_note	original	auto	original	4	0.07	Vanwall	1370966286			2ac1b466a137
cars	williams-fw07	power_note	original	read	paraphrased	7	0.36	Williams FW07	1370969013	500 510 bhp at 11 400 rpm	figures: the shared words are figures: a points scale, a capacity, a power output	9f624e001e17
cars	williams-fw14	power_note	original	auto	original	3	0.00	Renault RS engine	1362140232			556b4298c89f
races	1165	note	original	read	paraphrased	4	0.25	Bahrain Grand Prix	1376993669		name: the shared words are a name or a title	fbee3b28c141
races	1189	note	original	auto	original	4	0.11	Turkish Grand Prix	1370197158			f9f1990b15d0
glossary	Apex	definition	original	read	paraphrased	5	0.09	Glossary of motorsport terms	1375827748	the inside of a corner	stock: the shared words are a stock phrase of English or of the sport	a02b6b08b78d
glossary	Bargeboard	definition	original	read	paraphrased	5	0.17	Bargeboard (aerodynamics)	1356552989	between the front wheels and	fact: the shared words state a result, a date or a record in the ordinary words for it	5dbd5f81e4f7
glossary	Blistering	definition	original	auto	original	3	0.00	Glossary of motorsport terms	1375827748			77e973a55c6a
glossary	Blue flag	definition	original	read	paraphrased	5	0.23	Racing flags	1376870945	driver about to be lapped	stock: the shared words are a stock phrase of English or of the sport	0f99f4048bf1
glossary	Box	definition	original	auto	original	2	0.00	Gymkhana (motorsport)	1373221921			35dfe5c13ad0
glossary	Brake bias	definition	original	auto	original	2	0.00	Brake balance	1296584153			a206d84c4113
glossary	Chicane	definition	original	auto	original	3	0.00	Glossary of motorsport terms	1375827748			06609624b1dd
glossary	Classified	definition	original	auto	original	4	0.03	Glossary of motorsport terms	1375827748			139f1c9185f1
glossary	Clean air	definition	original	auto	original	2	0.00	Air filter	1376932110			2cff393a9349
glossary	Concorde Agreement	definition	original	auto	original	3	0.00	Concorde Agreement	1365300799			1b3e5e933237
glossary	Cost cap	definition	original	read	paraphrased	5	0.11	Formula One	1375827499	the three highest paid staff	fact: the shared words state a result, a date or a record in the ordinary words for it	a234ff8a5789
glossary	DNF	definition	original	auto	original	4	0.03	Oliver Bearman	1374678717			207fcd7b7c34
glossary	DNP	definition	original	auto	original	3	0.00	Glossary of motorsport terms	1375827748			cb961574da92
glossary	DNPQ	definition	original	read	paraphrased	7	0.14	Glossary of motorsport terms	1375827748	in the late 1980s and early 1990s	stock: the shared words are a stock phrase of English or of the sport	0a9e2442311e
glossary	DNQ	definition	original	auto	original	3	0.00	Glossary of motorsport terms	1375827748			004daaf47adf
glossary	DNS	definition	original	read	paraphrased	5	0.09	Sauber Motorsport	1370965469	the start of the race	stock: the shared words are a stock phrase of English or of the sport	c60f0d9e6bf9
glossary	DRS	definition	original	read	paraphrased	6	0.16	Drag reduction system	1374019940	within one second of the car	stock: the shared words are a stock phrase of English or of the sport	5643cc1993a9
glossary	DSQ	definition	original	auto	original	4	0.02	Glossary of motorsport terms	1375827748			487d663598cf
glossary	Degradation	definition	original	auto	original	3	0.00	2026 FIA Formula 3 Championship	1375018205			7bd6abf33b2c
glossary	Delta time	definition	original	auto	original	3	0.00	Formula One	1375827499			d2a3ae1d4c8e
glossary	Dirty air	definition	original	auto	original	4	0.08	Glossary of motorsport terms	1375827748			2fcb93942563
glossary	Downforce	definition	original	read	paraphrased	5	0.23	Glossary of motorsport terms	1375827748	pressing the car onto the	stock: the shared words are a stock phrase of English or of the sport	1235e3b19801
glossary	ERS	definition	original	read	paraphrased	5	0.29	2026 Formula One World Championship	1376997788	part of the power unit	stock: the shared words are a stock phrase of English or of the sport	bdd8dad7ad29
glossary	EX	definition	original	auto	original	4	0.02	Glossary of motorsport terms	1375827748			9a095cdfec05
glossary	FL	definition	original	auto	original	4	0.04	Glossary of motorsport terms	1375827748			0b077fba34e5
glossary	Flat spot	definition	original	auto	original	3	0.00	Glossary of motorsport terms	1375827748			b5b07d79e0fd
glossary	Formation lap	definition	original	auto	original	4	0.07	Parade lap	1308633788			8bab3b96b006
glossary	Ground effect	definition	original	auto	original	4	0.07	2022 Formula One World Championship	1373708129			82c508532d88
glossary	HANS	definition	original	read	paraphrased	5	0.12	HANS device	1373912714	head and neck support device	name: the shared words are a name or a title	734999ec2dfd
glossary	Halo	definition	original	auto	original	2	0.00	Halo (safety device)	1364902389			ed7cb2183bf5
glossary	Homologation	definition	original	auto	original	2	0.00	Homologation (motorsport)	1349496466			d9cde091cd66
glossary	Lift and coast	definition	original	auto	original	2	0.00	Glossary of motorsport terms	1375827748			a7b2a7e7c683
glossary	MGU-H	definition	original	auto	original	4	0.06	Glossary of motorsport terms	1375827748			4f68172ee11a
glossary	MGU-K	definition	original	auto	original	4	0.10	Glossary of motorsport terms	1375827748			3396875e1118
glossary	Marbles	definition	original	auto	original	3	0.00	Glossary of motorsport terms	1375827748			8cb33d229c10
glossary	NC	definition	original	auto	original	3	0.00	Glossary of motorsport terms	1375827748			48dc2b599bd0
glossary	Overcut	definition	original	auto	original	2	0.00	Glossary of motorsport terms	1375827748			7b9009f5bddb
glossary	Overtake Mode	definition	original	auto	original	3	0.00	2026 Formula One World Championship	1376997788			fa64ab1c2b16
glossary	PL	definition	original	auto	original	3	0.00	Glossary of motorsport terms	1375827748			2a35feed518f
glossary	Parc ferme	definition	original	auto	original	4	0.06	History of Formula One	1371272002			41a905fa9f60
glossary	Pit window	definition	original	auto	original	3	0.00	Glossary of motorsport terms	1375827748			477f9e9739f0
glossary	Plank	definition	original	auto	original	3	0.00	Skid block	1358025646			7bde812f2c4e
glossary	Pole position	definition	original	auto	original	4	0.14	Formula One	1375827499			bd8c46602855
glossary	Porpoising	definition	original	auto	original	3	0.00	Mercedes-Benz in Formula One	1371857985			c1204eb2c522
glossary	Power unit	definition	original	auto	original	3	0.00	2026 Formula One World Championship	1376997788			55f8436f0c92
glossary	Shared drive	definition	original	auto	original	3	0.00	Glossary of motorsport terms	1375827748			c1e048e0a06d
glossary	Slipstream	definition	original	auto	original	3	0.00	Glossary of motorsport terms	1375827748			e95ad0414455
glossary	Sprint	definition	original	auto	original	3	0.00	Formula One	1375827499			6969a1921890
glossary	Stewards	definition	original	auto	original	2	0.00	Motorsport marshal	1352156887			aea1a271a17b
glossary	Superlicence	definition	original	auto	original	3	0.00	Motorsport Australia Superlicence	1367559179			114be78fe0ce
glossary	Tow	definition	original	auto	original	2	0.00	Glossary of motorsport terms	1375827748			44e24c7e5846
glossary	Track limits	definition	original	auto	original	3	0.00	Glossary of motorsport terms	1375827748			7f782a4c4307
glossary	Undercut	definition	original	auto	original	2	0.00	Glossary of motorsport terms	1375827748			b6cf4064b74a
glossary	Virtual Safety Car	definition	original	auto	original	3	0.00	Safety car	1376478039			e10fac53ea38
glossary	Wind tunnel restriction	definition	original	auto	original	2	0.00	McLaren MCL39	1373156661			64615ac7338c
regulation_changes	1	detail	original	auto	original	4	0.08	History of Formula One	1371272002			b77d4dd9ebb5
regulation_changes	2	detail	original	read	paraphrased	5	0.17	History of Formula One	1371272002	8 6 4 3 2	figures: the shared words are figures: a points scale, a capacity, a power output	d46cbdbb962b
regulation_changes	3	detail	original	auto	original	3	0.00	1952 Formula One season	1376485602			152fe91ca976
regulation_changes	4	detail	original	auto	original	4	0.12	Formula One engines	1377015801			79e974555135
regulation_changes	5	detail	original	auto	original	3	0.00	History of Formula One	1371272002			7b05b586468a
regulation_changes	6	detail	original	auto	original	3	0.00	History of Formula One	1371272002			f53565f76dc3
regulation_changes	7	detail	original	auto	original	2	0.00	1961 Formula One season	1370951708			e34a8283495d
regulation_changes	8	detail	original	auto	original	4	0.17	Formula One car	1371980960			dfbb309bda4a
regulation_changes	9	detail	original	auto	original	2	0.00	Formula One engines	1377015801			2ce10a7ddf46
regulation_changes	10	detail	original	auto	original	2	0.00	1969 Formula One season	1370910371			7ae447b2d04d
regulation_changes	11	detail	original	auto	original	1	0.00	Formula One regulations	1361067310			00e37d201355
regulation_changes	12	detail	original	auto	original	2	0.00	History of Formula One regulations	1376593940			58d7fd688292
regulation_changes	13	detail	original	auto	original	1	0.00	Glossary of aerospace engineering	1365926087			98ab126c1954
regulation_changes	14	detail	original	auto	original	2	0.00	History of Formula One	1371272002			600214b03366
regulation_changes	15	detail	original	auto	original	3	0.00	Formula One engines	1377015801			cd267769a2d4
regulation_changes	16	detail	original	auto	original	4	0.05	Concorde Agreement	1365300799			413c82dc7c8a
regulation_changes	17	detail	original	auto	original	2	0.00	1981 Formula One World Championship	1370911255			9d2c5dba5233
regulation_changes	18	detail	original	auto	original	3	0.00	1984 Formula One World Championship	1372986620			290e4901f9ba
regulation_changes	19	detail	original	auto	original	2	0.00	History of Formula One regulations	1376593940			13ea2220a783
regulation_changes	20	detail	original	auto	original	3	0.00	History of Formula One	1371272002			385aecbee305
regulation_changes	21	detail	original	auto	original	2	0.00	1987 Formula One World Championship	1374543474			6aa7f80f4fdd
regulation_changes	22	detail	original	auto	original	3	0.00	History of Formula One regulations	1376593940			71228d9139bf
regulation_changes	23	detail	original	read	paraphrased	5	0.67	Formula One engines	1377015801	3 5 l naturally aspirated	fact: the shared words state a result, a date or a record in the ordinary words for it	ee7ed2faedd7
regulation_changes	24	detail	original	read	paraphrased	5	0.43	History of Formula One	1371272002	results counted towards the championship	stock: the shared words are a stock phrase of English or of the sport	9cc352fcffca
regulation_changes	25	detail	original	auto	original	3	0.00	Formula One	1375827499			30685aa6ad97
regulation_changes	26	detail	original	auto	original	3	0.00	1994 Formula One World Championship	1373068999			7d1732d84002
regulation_changes	27	detail	original	auto	original	3	0.00	1994 Formula One World Championship	1373068999			749f41e271b2
regulation_changes	28	detail	original	read	paraphrased	4	0.25	Formula One engines	1377015801		figures: the shared words are figures: a points scale, a capacity, a power output	6a68addd8b92
regulation_changes	29	detail	original	auto	original	3	0.00	Formula One regulations	1361067310			474e06a214ed
regulation_changes	30	detail	original	auto	original	2	0.00	1998 Formula One World Championship	1372421349			eb14d2bb0aa1
regulation_changes	31	detail	original	auto	original	3	0.00	History of Formula One regulations	1376593940			3f03fcd0318e
regulation_changes	32	detail	original	read	close	8	0.33	2003 Formula One World Championship	1371597264	10 8 6 5 4 3 2 1	figures: the shared words are figures: a points scale, a capacity, a power output	32f7ee6c7ec4
regulation_changes	33	detail	paraphrased	read	paraphrased	6	0.27	2003 Formula One World Championship	1371597264	with a race result were prohibited	follows: the field follows the article's way of putting something that could be put other ways	8743d773a2bc
regulation_changes	34	detail	original	read	paraphrased	5	0.18	2005 Formula One World Championship	1371249561	engines had to last two	fact: the shared words state a result, a date or a record in the ordinary words for it	699b0f120afa
regulation_changes	35	detail	original	auto	original	2	0.00	2006 Formula One World Championship	1370957708			9cbe45699e33
regulation_changes	36	detail	original	auto	original	3	0.00	2007 Formula One World Championship	1368924967			dc5b7d2dc42f
regulation_changes	37	detail	original	auto	original	3	0.00	2008 Formula One World Championship	1373003249			aaf4068f394d
regulation_changes	38	detail	original	auto	original	3	0.00	2009 Formula One World Championship	1365999807			d80fc90bc729
regulation_changes	39	detail	original	read	close	10	0.39	2010 Formula One World Championship	1368835756	25 18 15 12 10 8 6 4 2 1	figures: the shared words are figures: a points scale, a capacity, a power output	373a1d355a64
regulation_changes	40	detail	original	read	paraphrased	6	0.15	2011 Formula One World Championship	1376563046	within one second of the car	stock: the shared words are a stock phrase of English or of the sport	627594b367c2
regulation_changes	41	detail	original	read	paraphrased	5	0.10	Mercedes V6 hybrid Formula One power unit	1377013535	mgu k and mgu h	name: the shared words are a name or a title	ea6ff741207b
regulation_changes	42	detail	original	auto	original	3	0.00	2014 Formula One World Championship	1375076453			ff0b72f87f14
regulation_changes	43	detail	original	auto	original	3	0.00	2015 Formula One World Championship	1356326694			2fff591f4acd
regulation_changes	44	detail	original	auto	original	2	0.00	2017 Formula One World Championship	1369222157			4b3a4da5dc1b
regulation_changes	45	detail	original	auto	original	2	0.00	2018 Formula One World Championship	1373884867			d83336de25cb
regulation_changes	46	detail	original	read	paraphrased	5	0.22	2025 Formula One World Championship	1370436518	finishing in the top ten	stock: the shared words are a stock phrase of English or of the sport	8207e9389a42
regulation_changes	47	detail	original	read	paraphrased	5	0.13	Formula One	1375827499	the three highest paid staff	fact: the shared words state a result, a date or a record in the ordinary words for it	42611d14665f
regulation_changes	48	detail	original	auto	original	4	0.08	2021 Formula One World Championship	1371413806			b5e967b177ce
regulation_changes	49	detail	original	auto	original	3	0.00	2022 Formula One World Championship	1373708129			2497b56d78a3
regulation_changes	50	detail	original	auto	original	2	0.00	2023 Formula One World Championship	1376472167			8a3d62bea0a6
regulation_changes	51	detail	original	auto	original	3	0.00	2025 Formula One World Championship	1370436518			01451c0480c6
regulation_changes	52	detail	original	auto	original	3	0.00	Formula One	1375827499			7eeed8f5ab5c
regulation_changes	53	detail	original	auto	original	3	0.00	2026 Formula 2 Championship	1376968892			8e3dc0ac8fc7
regulation_changes	54	detail	original	auto	original	4	0.08	2026 Formula One World Championship	1376997788			235f751b954d
regulation_changes	55	detail	original	auto	original	3	0.00	2026 Formula One World Championship	1376997788			4a3e99aafccd
regulation_changes	56	detail	original	auto	original	3	0.00	2026 Formula One World Championship	1376997788			fe9767946f71
regulation_changes	57	detail	original	auto	original	4	0.08	Formula One engines	1377015801			9bbdcc808a70
regulation_changes	58	detail	original	auto	original	2	0.00	2026 Formula One World Championship	1376997788			8017ce944a90
regulation_changes	59	detail	original	read	paraphrased	6	0.19	2026 Formula One World Championship	1376997788	from 16 g to 20 g	figures: the shared words are figures: a points scale, a capacity, a power output	1f6489671931
regulation_changes	60	detail	original	auto	original	3	0.00	2027 Formula One World Championship	1376830849			6eb4ec0698d7
regulation_changes	1	impact	original	auto	original	2	0.00	Formula One	1375827499			a811022d3c8f
regulation_changes	2	impact	original	auto	original	2	0.00	List of Formula One points systems	1377014701			fb1a0825d725
regulation_changes	3	impact	original	auto	original	3	0.00	History of Formula One	1371272002			7bba087c740f
regulation_changes	4	impact	original	auto	original	3	0.00	History of Formula One	1371272002			60da6f4c002a
regulation_changes	5	impact	original	auto	original	2	0.00	List of Formula One World Constructors' Champions	1376169210			85afd33736e8
regulation_changes	6	impact	original	auto	original	2	0.00	History of Formula One	1371272002			d5606193d901
regulation_changes	7	impact	original	auto	original	3	0.00	Formula One engines	1377015801			91ad9e911f43
regulation_changes	8	impact	original	read	paraphrased	5	0.29	1966 Formula One season	1370951785	the return of power the	quote: the shared words are a quotation both texts quote - a radio message, a period slogan	4e9088f478ff
regulation_changes	9	impact	original	auto	original	2	0.00	Formula One engines	1377015801			7b8818cb071a
regulation_changes	10	impact	original	auto	original	3	0.00	1969 Formula One season	1370910371			db8adabe0858
regulation_changes	11	impact	original	auto	original	2	0.00	Formula One	1375827499			fb61e375b094
regulation_changes	15	impact	original	auto	original	1	0.00	1977 Formula One season	1375372664			48c65e2773d2
regulation_changes	16	impact	original	auto	original	1	0.00	1981 Formula One World Championship	1370911255			c3bd86331f49
regulation_changes	17	impact	original	auto	original	2	0.00	1981 Formula One World Championship	1370911255			b768b4a98fe3
regulation_changes	18	impact	original	auto	original	2	0.00	1983 Formula One World Championship	1370965369			39e03fdb7903
regulation_changes	19	impact	original	auto	original	3	0.00	History of Formula One	1371272002			f90436b5da00
regulation_changes	21	impact	original	auto	original	2	0.00	1987 Formula One World Championship	1374543474			63916c6fa4f7
regulation_changes	22	impact	original	auto	original	4	0.20	History of Formula One	1371272002			5dc0af37fc76
regulation_changes	23	impact	original	auto	original	3	0.00	Formula One	1375827499			34a279d11b51
regulation_changes	24	impact	original	auto	original	3	0.00	History of Formula One	1371272002			d25a3d607461
regulation_changes	25	impact	original	auto	original	2	0.00	Formula One regulations	1361067310			501f42a6e082
regulation_changes	26	impact	original	auto	original	3	0.00	History of Formula One	1371272002			b48e7c893a0f
regulation_changes	27	impact	original	auto	original	4	0.17	1994 Formula One World Championship	1373068999			00461c300e60
regulation_changes	28	impact	original	auto	original	2	0.00	1995 Formula One World Championship	1375309886			39cc962399e7
regulation_changes	30	impact	original	auto	original	4	0.17	Formula One tyres	1377016173			2cea1c2630c2
regulation_changes	31	impact	original	auto	original	3	0.00	History of Formula One regulations	1376593940			161d9cfcc95f
regulation_changes	32	impact	original	auto	original	3	0.00	Formula One regulations	1361067310			972bde2f3356
regulation_changes	33	impact	original	auto	original	3	0.00	History of Formula One	1371272002			2dd93760a957
regulation_changes	34	impact	original	auto	original	2	0.00	2005 Formula One World Championship	1371249561			5568cddcb612
regulation_changes	36	impact	original	auto	original	2	0.00	Formula One tyres	1377016173			f9406af7dd3d
regulation_changes	37	impact	original	auto	original	2	0.00	2008 Formula One World Championship	1373003249			5104b88e4041
regulation_changes	38	impact	original	auto	original	3	0.00	2009 Formula One World Championship	1365999807			487f8ff869ca
regulation_changes	39	impact	original	auto	original	3	0.00	Formula One	1375827499			84661fa6aeec
regulation_changes	40	impact	original	auto	original	2	0.00	2012 Formula One World Championship	1376317031			72923d1e20e9
regulation_changes	41	impact	original	auto	original	3	0.00	Formula One	1375827499			f6eb6885f190
regulation_changes	42	impact	original	auto	original	2	0.00	2025 Formula One World Championship	1370436518			a015e447c48b
regulation_changes	43	impact	original	auto	original	3	0.00	Safety car	1376478039			35b882e2946b
regulation_changes	44	impact	original	auto	original	2	0.00	2017 Formula One World Championship	1369222157			fd949726275e
regulation_changes	45	impact	original	auto	original	2	0.00	Safety in Formula One	1363537746			7a241d0435af
regulation_changes	46	impact	original	auto	original	2	0.00	Formula One regulations	1361067310			a1020f67efef
regulation_changes	47	impact	original	auto	original	3	0.00	Formula One	1375827499			ed145dc2158f
regulation_changes	48	impact	original	auto	original	3	0.00	2021 Formula One World Championship	1371413806			9e931abedf66
regulation_changes	49	impact	original	auto	original	3	0.00	2026 Formula One World Championship	1376997788			71acffd8deab
regulation_changes	51	impact	original	auto	original	3	0.00	2025–26 Formula E World Championship	1375284815			5d5e31a427db
regulation_changes	52	impact	original	auto	original	2	0.00	2026 Formula One World Championship	1376997788			efed92e1b6c9
regulation_changes	53	impact	original	auto	original	3	0.00	2026 Formula One World Championship	1376997788			4f0e50a87533
regulation_changes	54	impact	original	auto	original	3	0.00	FIA Formula 3 Championship	1374970818			f51cdad6f470
regulation_changes	55	impact	original	auto	original	1	0.00	2026 Formula One World Championship	1376997788			7f3933cc4885
regulation_changes	56	impact	original	auto	original	2	0.00	2026 Formula One World Championship	1376997788			85a3e59b39a1
regulation_changes	58	impact	original	auto	original	2	0.00	2026 Formula One World Championship	1376997788			abf72e53bd47
regulation_changes	60	impact	original	auto	original	3	0.00	History of Formula One	1371272002			b5cfb1ea67e1
regulation_limits	1	note	original	auto	original	3	0.00	History of Formula One regulations	1376593940			15565598f047
regulation_limits	2	note	original	read	paraphrased	4	0.25	Formula One engines	1377015801		figures: the shared words are figures: a points scale, a capacity, a power output	a512debcba6c
regulation_limits	3	note	original	auto	original	2	0.00	History of Formula One regulations	1376593940			d45c30ab5fe4
regulation_limits	4	note	original	auto	original	3	0.00	History of Formula One regulations	1376593940			0ade6c99ceff
regulation_limits	5	note	original	auto	original	4	0.04	History of Formula One regulations	1376593940			628c1e24ec7e
regulation_limits	6	note	original	read	paraphrased	5	0.29	History of Formula One regulations	1376593940	survival cell extending to the	fact: the shared words state a result, a date or a record in the ordinary words for it	4388df5e5cfb
regulation_limits	7	note	original	auto	original	2	0.00	History of Formula One regulations	1376593940			c270d23c7043
regulation_limits	8	note	original	auto	original	3	0.00	History of Formula One regulations	1376593940			a2be6d3c2a1b
regulation_limits	9	note	original	auto	original	3	0.00	History of Formula One regulations	1376593940			9bd60ccd637a
regulation_limits	10	note	original	auto	original	3	0.00	History of Formula One regulations	1376593940			e17f34f4c0d4
regulation_limits	11	note	original	auto	original	4	0.07	History of Formula One regulations	1376593940			93131ba70807
regulation_limits	12	note	original	read	paraphrased	5	0.08	History of Formula One	1371272002	the last year of the	stock: the shared words are a stock phrase of English or of the sport	2ed55926e1b8
regulation_limits	13	note	original	auto	original	3	0.00	Formula One engines	1377015801			08acfa5b9e1f
regulation_limits	14	note	original	auto	original	3	0.00	History of Formula One regulations	1376593940			e0090ad0b7a3
regulation_limits	15	note	original	auto	original	3	0.00	History of Formula One regulations	1376593940			68dcb9e78c21
regulation_limits	16	note	original	auto	original	3	0.00	Formula One regulations	1361067310			82070413be6c
regulation_limits	17	note	original	auto	original	3	0.00	Formula One car	1371980960			7ca1f9c5b10a
regulation_limits	18	note	original	auto	original	3	0.00	Formula One car	1371980960			c8e34638cb8d
regulation_limits	19	note	original	auto	original	2	0.00	Formula One regulations	1361067310			7481b8953958
regulation_limits	20	note	original	auto	original	2	0.00	Salary cap	1376029446			43a0b4af7df9
regulation_limits	21	note	original	auto	original	2	0.00	Salary cap	1376029446			7136afc86279
regulation_limits	22	note	original	auto	original	2	0.00	Salary cap	1376029446			68b71a5bab9f
regulation_limits	23	note	original	auto	original	2	0.00	Salary cap	1376029446			5875cbd80f36
regulation_limits	24	note	original	auto	original	3	0.00	2026 FIFA World Cup	1376986106			7f14cb7d0cd1
regulation_limits	25	note	original	auto	original	3	0.00	Glossary of economics	1374409652			b3c90af49466
regulation_limits	26	note	original	auto	original	3	0.00	Glossary of economics	1374409652			a7f0206af9d9
regulation_limits	27	note	original	auto	original	2	0.00	Salary cap	1376029446			2faf66e3928d
regulation_limits	28	note	original	auto	original	2	0.00	Salary cap	1376029446			966341eb7967
regulation_limits	29	note	original	auto	original	3	0.00	2024 Formula One World Championship	1376189329			bdae606d0a90
regulation_limits	30	note	original	auto	original	3	0.00	History of Formula One	1371272002			5852b5c006be
regulation_limits	31	note	original	auto	original	4	0.03	Formula One	1375827499			75ef20d9e35f
regulation_limits	32	note	original	auto	original	2	0.00	Formula One regulations	1361067310			f70be8ecccd2
regulation_limits	33	note	original	auto	original	3	0.00	Formula One regulations	1361067310			cf7b77d19316
regulation_limits	34	note	original	auto	original	4	0.03	Formula One	1375827499			15f19a840a4c
regulation_limits	35	note	original	auto	original	2	0.00	Formula One regulations	1361067310			f604f0127eb2
regulation_limits	36	note	original	auto	original	2	0.00	Formula One regulations	1361067310			b5d2f547ed76
regulation_limits	37	note	original	auto	original	4	0.02	Formula One regulations	1361067310			40feac80ec40
regulation_limits	38	note	original	auto	original	3	0.00	Formula One regulations	1361067310			ad30bed2dfb1
regulation_limits	39	note	original	auto	original	4	0.02	Formula One	1375827499			091a5890889e
regulation_limits	40	note	original	auto	original	4	0.01	2024–25 NBA season	1371555174			94a4991af83a
regulation_limits	41	note	original	auto	original	4	0.04	2024–25 NBA season	1371555174			a369642ace83
qualifying_formats	1	note	original	auto	original	4	0.03	Formula One race weekend	1376657454			853b01a75fc2
qualifying_formats	2	note	original	auto	original	4	0.02	2024 Formula One World Championship	1376189329			035955ae3534
qualifying_formats	3	note	original	auto	original	4	0.03	2024 Formula One World Championship	1376189329			567b27454679
qualifying_formats	4	note	original	auto	original	3	0.00	Formula One race weekend	1376657454			660d297c3d98
qualifying_formats	5	note	original	auto	original	4	0.07	History of Formula One	1371272002			4e1d4804854f
qualifying_formats	6	note	original	read	paraphrased	5	0.07	Formula One	1375827499	eliminated at the end of	stock: the shared words are a stock phrase of English or of the sport	0ae6d037bcc7
qualifying_formats	7	note	original	auto	original	3	0.00	Formula One race weekend	1376657454			683e3fb8e0ff
qualifying_formats	8	note	original	read	paraphrased	5	0.04	Formula One	1375827499	than 107 of the fastest	stock: the shared words are a stock phrase of English or of the sport	8139117aad65
qualifying_formats	9	note	original	auto	original	4	0.02	Formula One race weekend	1376657454			2ffb2f25812f
qualifying_formats	10	note	original	auto	original	4	0.03	Lando Norris	1377007316			8854ee94576c
qualifying_formats	11	note	original	auto	original	3	0.00	Formula One race weekend	1376657454			268a43ac857c
qualifying_formats	12	note	original	auto	original	4	0.02	Formula One race weekend	1376657454			1c3b8e4238de
qualifying_formats	13	note	original	auto	original	3	0.00	Lando Norris	1377007316			969bec5097ed
qualifying_formats	14	note	original	auto	original	3	0.00	Lando Norris	1377007316			660181925d10
qualifying_formats	15	note	original	auto	original	4	0.05	Formula One race weekend	1376657454			76d0abcbfb81
qualifying_formats	16	note	original	auto	original	4	0.03	Formula One race weekend	1376657454			1a61679a0b49
qualifying_formats	17	note	original	auto	original	4	0.04	Formula One race weekend	1376657454			6e2f4a33dac6
qualifying_formats	18	note	original	auto	original	4	0.06	Lando Norris	1377007316			2e2fd6a8a6fb
qualifying_formats	19	note	original	auto	original	3	0.00	Formula One race weekend	1376657454			323d7e15f998
personnel	allison	significance	original	auto	original	3	0.00	Mike Elliott (Formula One)	1375373775			7c3fec79cff8
personnel	barnard	significance	original	auto	original	4	0.08	John Barnard	1363695614			b7dd156b5883
personnel	binotto	significance	original	auto	original	2	0.00	Mattia Binotto	1372219343			29fa1b616dcf
personnel	brawn	significance	original	auto	original	3	0.00	Ross Brawn	1366327360			363a0c08d344
personnel	briatore	significance	original	auto	original	3	0.00	Flavio Briatore	1373219630			9e6a044d0a6f
personnel	byrne	significance	original	auto	original	2	0.00	Rory Byrne	1366168340			f42dfb5c561a
personnel	chapman	significance	original	auto	original	4	0.02	Colin Chapman	1358732426			2884ea773ac6
personnel	cooper-j	significance	original	read	paraphrased	5	0.17	Cooper Car Company	1376175752	the engine behind the driver	stock: the shared words are a stock phrase of English or of the sport	55fa605a5d39
personnel	costa	significance	original	auto	original	2	0.00	Aldo Costa	1376329704			246bfefe7edc
personnel	cowell	significance	original	auto	original	4	0.07	Formula One	1375827499			5971ab28a398
personnel	dennis	significance	original	auto	original	4	0.07	McLaren	1376828762			6e9619cc78ad
personnel	ecclestone	significance	original	auto	original	4	0.03	Bernie Ecclestone	1374191493			417920320590
personnel	enzo-ferrari	significance	original	auto	original	4	0.07	Enzo Ferrari	1368792051			e88f800ec236
personnel	f-williams	significance	original	auto	original	3	0.00	Claire Williams	1369742660			76f1450107c4
personnel	head	significance	original	auto	original	4	0.07	Patrick Head	1369292033			253f2d159d90
personnel	horner	significance	original	auto	original	3	0.00	Red Bull Racing	1371252330			ffd15f6bc76f
personnel	k-tyrrell	significance	original	auto	original	3	0.00	Ken Tyrrell	1361377243			909705689a47
personnel	komatsu	significance	original	auto	original	3	0.00	Ayao Komatsu	1372439378			1c704a4e2e4a
personnel	marko	significance	original	auto	original	3	0.00	Helmut Marko	1371279352			0131d17e3f6e
personnel	masi	significance	original	read	paraphrased	5	0.06	Michael Masi	1362677880	at the 2021 abu dhabi	name: the shared words are a name or a title	c64c2e09fbf5
personnel	mekies	significance	original	auto	original	4	0.09	Formula One	1375827499			c0c3e7ae53bf
personnel	mosley	significance	original	auto	original	2	0.00	Max Mosley	1373910141			06c4a8394e3d
personnel	murray	significance	original	auto	original	4	0.05	Gordon Murray	1367733719			2e8e14eb6b5b
personnel	newey	significance	original	auto	original	3	0.00	Adrian Newey	1373840469			9e0b3fa83353
personnel	stella	significance	original	read	paraphrased	5	0.17	Andrea Stella	1348896822	titles in 2024 and 2025	fact: the shared words state a result, a date or a record in the ordinary words for it	30433b2f88bf
personnel	tauranac	significance	original	auto	original	3	0.00	Formula One	1375827499			f7d2a29686c1
personnel	todt	significance	original	auto	original	4	0.04	Formula One	1375827499			095ac1d10aeb
personnel	vasseur	significance	original	auto	original	2	0.00	Fred Vasseur	1374590279			5c46c74d17ee
personnel	vowles	significance	original	auto	original	3	0.00	History of Formula One	1371272002			101b19a04d3c
personnel	watkins	significance	original	auto	original	3	0.00	Sid Watkins	1372831627			bb87a6fadea8
personnel	wheatley	significance	original	auto	original	3	0.00	2025 Formula One World Championship	1370436518			86f50bf79ff7
personnel	wolff-t	significance	original	auto	original	3	0.00	Toto Wolff	1372843957			3d7d7e2cd4ae
constructor_lineage	1	note	original	auto	original	2	0.00	Toleman	1370968590			2fb725e8dec9
constructor_lineage	2	note	original	auto	original	2	0.00	Benetton Formula	1370962585			f7e7aae7ff83
constructor_lineage	3	note	original	read	paraphrased	4	0.25	Renault in Formula One	1370965342		fact: the shared words state a result, a date or a record in the ordinary words for it	45b731f8c67c
constructor_lineage	4	note	original	auto	original	3	0.00	Lotus F1	1370969468			bae67c390b9f
constructor_lineage	5	note	original	auto	original	2	0.00	Renault in Formula One	1370965342			ea6e5a756654
constructor_lineage	6	note	original	read	paraphrased	4	0.33	Alpine F1 Team	1375899524		fact: the shared words state a result, a date or a record in the ordinary words for it	ddb149cca696
constructor_lineage	7	note	original	auto	original	2	0.00	Tyrrell Racing	1370913743			d7990d936ff6
constructor_lineage	8	note	original	auto	original	2	0.00	British American Racing	1370962744			4b75cbe20942
constructor_lineage	9	note	original	auto	original	2	0.00	Honda in Formula One	1372207125			634557c10256
constructor_lineage	10	note	original	read	paraphrased	5	0.33	Brawn GP	1370962739	both titles in its only	fact: the shared words state a result, a date or a record in the ordinary words for it	de21239b3913
constructor_lineage	11	note	original	read	paraphrased	6	1.00	Mercedes-Benz in Formula One	1371857985	eight consecutive constructors titles 2014 2021	fact: the shared words state a result, a date or a record in the ordinary words for it	7fbe810e1b9b
constructor_lineage	12	note	original	auto	original	2	0.00	Stewart Grand Prix	1371252440			2e33093961fa
constructor_lineage	13	note	original	auto	original	1	0.00	Jaguar in Formula One	1373426875			87aac0587558
constructor_lineage	14	note	original	auto	original	2	0.00	History of Formula One	1371272002			35d559d1df8d
constructor_lineage	15	note	original	auto	original	2	0.00	Minardi M02	1370964883			4a33e72a2c06
constructor_lineage	16	note	original	auto	original	2	0.00	Scuderia Toro Rosso STR14	1370970700			3b8a8ee93794
constructor_lineage	17	note	original	auto	original	2	0.00	Racing Bulls	1373742963			465b23dc45a3
constructor_lineage	18	note	original	auto	original	2	0.00	Racing Bulls	1373742963			25ee83e212c6
constructor_lineage	19	note	original	auto	original	3	0.00	Jordan Grand Prix	1372044215			f5d81c577be3
constructor_lineage	20	note	original	auto	original	1	0.00	Midland F1 Racing	1371273737			b30df777b176
constructor_lineage	21	note	original	auto	original	2	0.00	List of Formula One constructors	1377015989			6e39067de442
constructor_lineage	22	note	original	auto	original	2	0.00	Force India	1376262051			65cab3efa11f
constructor_lineage	23	note	original	auto	original	2	0.00	Racing Point F1 Team	1370970758			cd9e38aad01f
constructor_lineage	24	note	original	auto	original	2	0.00	Aston Martin in Formula One	1374534468			bb82841a92ec
constructor_lineage	25	note	original	auto	original	2	0.00	Peter Sauber	1328527860			9239aeda1849
constructor_lineage	26	note	original	auto	original	2	0.00	BMW Sauber F1.07	1370962369			63d5eea7dc04
constructor_lineage	27	note	original	auto	original	2	0.00	History of Formula One	1371272002			2da326117c1d
constructor_lineage	28	note	original	auto	original	3	0.00	Alfa Romeo in Formula One	1370967280			430a0434b151
constructor_lineage	29	note	original	auto	original	2	0.00	Kick Sauber C44	1370971492			0cf2fe2a3804
constructor_lineage	30	note	original	read	paraphrased	5	0.33	2026 Formula One World Championship	1376997788	with its own power unit	fact: the shared words state a result, a date or a record in the ordinary words for it	7795b541e966
constructor_lineage	31	note	original	auto	original	1	0.00	Frank Williams (Formula One)	1366318645			5fd39532127e
constructor_lineage	32	note	original	auto	original	3	0.00	Frank Williams (Formula One)	1366318645			48a8e604ebcd
constructor_lineage	33	note	original	auto	original	2	0.00	Virgin Racing	1370966311			ae33cf7ad394
constructor_lineage	34	note	original	auto	original	2	0.00	Marussia F1	1370969822			375bba352272
constructor_lineage	35	note	original	auto	original	3	0.00	Manor MRT05	1370970354			393d03173141
constructor_lineage	36	note	original	auto	original	3	0.00	Team Lotus	1366907720			12a2454b7d81
constructor_lineage	37	note	original	auto	original	3	0.00	Renault in Formula One	1370965342			dfda268798b5
constructor_lineage	38	note	original	auto	original	2	0.00	History of Formula One	1371272002			5b6f53408787
constructor_lineage	39	note	original	auto	original	1	0.00	Équipe Ligier	1374705438			2ce1e2e34729
constructor_lineage	40	note	original	auto	original	2	0.00	Prost Grand Prix	1371284662			41986ba34e66
constructor_lineage	41	note	original	auto	original	3	0.00	Renault in Formula One	1370965342			4789f5fc9a71
constructor_lineage	42	note	original	auto	original	3	0.00	Mercedes-Benz in Formula One	1371857985			150c98610f07
constructor_lineage	43	note	original	auto	original	2	0.00	Honda in Formula One	1372207125			ea6f8a18dc0f
constructor_lineage	44	note	original	auto	original	4	0.10	Aston Martin in Formula One	1374534468			f0fa529609a0
constructor_lineage	45	note	original	auto	original	2	0.00	Ferrari F2004	1374020633			b759faf21a5c
constructor_lineage	46	note	original	auto	original	2	0.00	McLaren	1376828762			b759faf21a5c
constructor_lineage	47	note	original	auto	original	2	0.00	Formula One	1375827499			b759faf21a5c
constructor_lineage	48	note	original	auto	original	2	0.00	Formula One	1375827499			b759faf21a5c
constructor_lineage	49	note	original	auto	original	2	0.00	Renault in Formula One	1370965342			b759faf21a5c
constructor_lineage	50	note	original	auto	original	2	0.00	Brabham	1373369974			b759faf21a5c
constructor_lineage	51	note	original	auto	original	2	0.00	Cooper Car Company	1376175752			b759faf21a5c
constructor_lineage	52	note	original	auto	original	2	0.00	Formula One	1375827499			b759faf21a5c
constructor_lineage	53	note	original	auto	original	2	0.00	List of Formula One constructors	1377015989			b759faf21a5c
constructor_lineage	54	note	original	auto	original	2	0.00	Vanwall	1370966286			b759faf21a5c
constructor_lineage	55	note	original	auto	original	2	0.00	Alfa Romeo in Formula One	1370967280			b759faf21a5c
constructor_lineage	56	note	original	auto	original	2	0.00	List of Formula One constructors	1377015989			b759faf21a5c
constructor_lineage	57	note	original	auto	original	2	0.00	List of Formula One constructors	1377015989			b759faf21a5c
constructor_lineage	58	note	original	auto	original	2	0.00	Frank Williams Racing Cars	1370963636			b759faf21a5c
constructor_lineage	59	note	original	auto	original	2	0.00	Hesketh Racing	1318591154			b759faf21a5c
constructor_lineage	60	note	original	auto	original	2	0.00	Shadow Racing Cars	1372853526			b759faf21a5c
constructor_lineage	61	note	original	auto	original	2	0.00	Team Penske	1375817715			b759faf21a5c
constructor_lineage	62	note	original	auto	original	2	0.00	Toyota Gazoo Racing	1372626343			b759faf21a5c
constructor_lineage	63	note	original	auto	original	2	0.00	Formula One	1375827499			b759faf21a5c
constructor_lineage	64	note	original	auto	original	2	0.00	Super Aguri F1	1370965629			b759faf21a5c
constructor_lineage	65	note	original	auto	original	2	0.00	HRT Formula 1 Team	1370963693			b759faf21a5c
constructor_lineage	66	note	original	auto	original	2	0.00	Formula One drivers from the United Kingdom	1377012009			b759faf21a5c
constructor_lineage	67	note	original	auto	original	2	0.00	Mercedes-Benz in Formula One	1371857985			b759faf21a5c
constructor_lineage	68	note	original	auto	original	2	0.00	2027 Formula One World Championship	1376830849			b759faf21a5c
constructor_lineage	69	note	original	auto	original	2	0.00	Lancia	1376600708			b759faf21a5c
constructor_lineage	70	note	original	auto	original	2	0.00	Rob Walker Racing Team	1370965374			b759faf21a5c
engine_manufacturers	alfa-eng	notes	original	auto	original	4	0.12	Alfa Romeo in Formula One	1370967280			e1f3572cd61d
engine_manufacturers	audi-eng	notes	original	auto	original	4	0.06	Audi in Formula One	1376859714			751a06c4e310
engine_manufacturers	bmw-eng	notes	original	auto	original	4	0.04	BMW in Formula One	1341928308			9d983c83ffc6
engine_manufacturers	brm-eng	notes	original	auto	original	4	0.08	Formula One engines	1377015801			248862d74d5f
engine_manufacturers	climax	notes	original	auto	original	3	0.00	Coventry Climax	1363139661			3c34c35e1dad
engine_manufacturers	cosworth	notes	original	auto	original	3	0.00	Ford in Formula One	1371286928			027714610296
engine_manufacturers	ferrari-eng	notes	original	auto	original	4	0.06	Formula One	1375827499			c1cd90a77c9f
engine_manufacturers	hart	notes	original	auto	original	2	0.00	Formula One engines	1377015801			4a33cc79abc5
engine_manufacturers	honda-eng	notes	original	auto	original	3	0.00	Honda in Formula One	1372207125			8d603a37ecfe
engine_manufacturers	judd	notes	original	auto	original	2	0.00	Judd (engine)	1370964109			25275d3efafb
engine_manufacturers	maserati-eng	notes	original	auto	original	3	0.00	Formula One	1375827499			0f47d62d919d
engine_manufacturers	matra-eng	notes	original	auto	original	3	0.00	Formula One	1375827499			50b5e0eecd7c
engine_manufacturers	mercedes-eng	notes	original	auto	original	2	0.00	Mercedes V6 hybrid Formula One power unit	1377013535			0e13c7f17294
engine_manufacturers	mugen	notes	original	auto	original	2	0.00	Mugen Motorsports	1370964473			8b4ae627fd5d
engine_manufacturers	peugeot	notes	original	auto	original	2	0.00	History of Formula One	1371272002			6306cfb530d3
engine_manufacturers	rbpt	notes	original	auto	original	4	0.06	Formula One engines	1377015801			284924b1fc01
engine_manufacturers	renault-eng	notes	original	auto	original	3	0.00	Renault in Formula One	1370965342			2795a45e5764
engine_manufacturers	repco	notes	original	read	paraphrased	5	0.11	History of Formula One	1371272002	the first years of the	stock: the shared words are a stock phrase of English or of the sport	507beb08c077
engine_manufacturers	tag-porsche	notes	original	auto	original	3	0.00	History of Formula One	1371272002			367882ccdbf4
engine_manufacturers	toyota-eng	notes	original	auto	original	2	0.00	Formula One engines	1377015801			e192bd20bee4
engine_manufacturers	weslake	notes	original	auto	original	2	0.00	Formula One engines	1377015801			562c1baaf35a
engine_manufacturers	yamaha	notes	original	auto	original	4	0.10	Yamaha Motor Company	1376049706			c4c3a3fe233c
technical_innovations	1	description	original	auto	original	3	0.00	1958 Formula One season	1373795186			abe09b6d7f85
technical_innovations	2	description	original	auto	original	3	0.00	Mercedes-Benz M196 engine	1355169176			ad9a60b726f0
technical_innovations	3	description	original	auto	original	2	0.00	Monocoque	1368347093			e00ae4523522
technical_innovations	4	description	original	auto	original	4	0.08	Formula One engines	1377015801			052a24c6c4af
technical_innovations	5	description	original	auto	original	2	0.00	Formula One car	1371980960			e9ba9b3a0ff2
technical_innovations	6	description	original	auto	original	2	0.00	Honda V6 hybrid Formula One power unit	1377013610			3d575d68be9a
technical_innovations	7	description	original	auto	original	2	0.00	Open-wheel car	1374660981			13c6e33838d2
technical_innovations	8	description	original	auto	original	3	0.00	Formula One car	1371980960			01b110910920
technical_innovations	9	description	original	auto	original	3	0.00	Formula One engines	1377015801			be5d3e526cec
technical_innovations	10	description	paraphrased	read	paraphrased	5	0.18	Brabham BT46	1370967755	air from beneath the car	follows: the field follows the article's way of putting something that could be put other ways	dd892d103f9b
technical_innovations	11	description	original	auto	original	2	0.00	List of carbon fiber monocoque cars	1361405065			c545648a9c13
technical_innovations	12	description	original	auto	original	3	0.00	Semi-automatic transmission	1374605506			979c9e0e0ca2
technical_innovations	13	description	original	auto	original	2	0.00	Active suspension	1373858004			d4044c85ae34
technical_innovations	14	description	original	auto	original	2	0.00	Formula One	1375827499			d811f5f2d132
technical_innovations	15	description	original	auto	original	4	0.09	Renault in Formula One	1370965342			c6f8ce7c69a4
technical_innovations	16	description	original	auto	original	2	0.00	Suspension keel	1314772466			99d265984dc3
technical_innovations	17	description	original	auto	original	2	0.00	Diffuser (automotive)	1337310422			8bd07674dd89
technical_innovations	18	description	original	auto	original	3	0.00	Kinetic energy recovery system	1356536389			3c1de0c932af
technical_innovations	19	description	original	auto	original	3	0.00	Formula One car	1371980960			99e41276d3e8
technical_innovations	20	description	original	auto	original	3	0.00	History of Formula One	1371272002			505e69bd8938
technical_innovations	21	description	original	read	paraphrased	6	0.38	Drag reduction system	1374019940	within one second of the car	stock: the shared words are a stock phrase of English or of the sport	1c8d99c10e21
technical_innovations	22	description	original	read	paraphrased	6	0.23	Honda V6 hybrid Formula One power unit	1377013610	at the front of the engine	stock: the shared words are a stock phrase of English or of the sport	a0254c4a0c0d
technical_innovations	23	description	original	auto	original	2	0.00	Honda V6 hybrid Formula One power unit	1377013610			6cd4bc80acca
technical_innovations	24	description	original	auto	original	3	0.00	2022 Formula One World Championship	1373708129			c5fd57155bfa
technical_innovations	25	description	original	auto	original	2	0.00	Dual-axis steering	1362405532			8dd01cf641a0
technical_innovations	26	description	original	auto	original	4	0.14	History of Formula One	1371272002			a9e3af9ac39a
technical_innovations	1	legacy	original	auto	original	4	0.09	Formula One car	1371980960			1ffbd4d0f64a
technical_innovations	2	legacy	original	auto	original	2	0.00	Mercedes-Benz M196 engine	1355169176			cefb2c860d97
technical_innovations	3	legacy	original	auto	original	2	0.00	Formula One	1375827499			e3c8dd4bd3ad
technical_innovations	4	legacy	original	auto	original	2	0.00	Formula One engines	1377015801			ce89cf28b6a7
technical_innovations	5	legacy	original	auto	original	3	0.00	2012 Formula One World Championship	1376317031			e13776b02b13
technical_innovations	6	legacy	original	auto	original	1	0.00	Honda V6 hybrid Formula One power unit	1377013610			03a38e3e5630
technical_innovations	7	legacy	original	auto	original	2	0.00	Open-wheel car	1374660981			b6642dabd023
technical_innovations	8	legacy	original	auto	original	3	0.00	Ground effect (cars)	1368030097			0ab69eabfdf5
technical_innovations	9	legacy	original	auto	original	3	0.00	History of Formula One regulations	1376593940			0e29533a0a52
technical_innovations	10	legacy	original	auto	original	3	0.00	Brabham BT46	1370967755			1b985b86b7f6
technical_innovations	11	legacy	original	auto	original	3	0.00	History of Formula One	1371272002			963e376987db
technical_innovations	12	legacy	original	auto	original	3	0.00	Automated manual transmission	1374939699			bcd8526b8176
technical_innovations	13	legacy	original	auto	original	2	0.00	History of Formula One	1371272002			b285b10c9312
technical_innovations	14	legacy	original	auto	original	3	0.00	Formula One	1375827499			c01ac5b3a04b
technical_innovations	15	legacy	original	auto	original	2	0.00	2006 Formula One World Championship	1370957708			263fab320ce5
technical_innovations	16	legacy	original	auto	original	2	0.00	Suspension keel	1314772466			9dc04ac7c68b
technical_innovations	17	legacy	original	auto	original	2	0.00	Diffuser (automotive)	1337310422			0102998e9466
technical_innovations	18	legacy	original	auto	original	3	0.00	Formula One engines	1377015801			e212b07079b8
technical_innovations	19	legacy	original	auto	original	3	0.00	Formula One car	1371980960			9e8ece0a08aa
technical_innovations	20	legacy	original	auto	original	1	0.00	2012 Formula One World Championship	1376317031			1a67a3ebad5a
technical_innovations	21	legacy	original	auto	original	3	0.00	2026 Formula One World Championship	1376997788			ce7970c648a4
technical_innovations	22	legacy	original	auto	original	2	0.00	History of Formula One	1371272002			7dbc809ba751
technical_innovations	23	legacy	original	auto	original	4	0.11	Internal combustion engine	1377075087			c4943b0eea6a
technical_innovations	24	legacy	original	auto	original	2	0.00	2022 Formula One World Championship	1373708129			1ab95467abc8
technical_innovations	25	legacy	original	auto	original	2	0.00	2020 Formula One World Championship	1371601816			31bf9d37b524
technical_innovations	26	legacy	original	auto	original	2	0.00	Formula One sponsorship liveries	1376645124			461f26ed308c
safety_milestones	1	trigger_event	original	auto	original	1	0.00	History of Formula One regulations	1376593940			b76f4ff2fa10
safety_milestones	2	trigger_event	original	auto	original	1	0.00	History of Formula One	1371272002			96c322b76b11
safety_milestones	3	trigger_event	original	auto	original	1	0.00	History of Formula One regulations	1376593940			d9fd672aa498
safety_milestones	4	trigger_event	original	auto	original	2	0.00	Glossary of motorsport terms	1375827748			7edafcef9e24
safety_milestones	6	trigger_event	original	auto	original	2	0.00	Lotus 72	1370969025			06d8e2171c7c
safety_milestones	7	trigger_event	original	auto	original	1	0.00	2012 Formula One World Championship	1376317031			f323b7fd4888
safety_milestones	8	trigger_event	original	auto	original	2	0.00	History of Formula One regulations	1376593940			0d46e83cfcdb
safety_milestones	12	trigger_event	original	auto	original	2	0.00	History of Formula One	1371272002			b7ef9c238933
safety_milestones	14	trigger_event	original	auto	original	2	0.00	Safety in Formula One	1363537746			20973e932871
safety_milestones	16	trigger_event	original	read	paraphrased	4	0.33	HANS device	1373912714		fact: the shared words state a result, a date or a record in the ordinary words for it	f93eee4f299d
safety_milestones	18	trigger_event	original	auto	original	2	0.00	Zylon	1360871226			bff14fe1e1c0
safety_milestones	20	trigger_event	original	auto	original	2	0.00	Formula One	1375827499			3965e07c6c2e
safety_milestones	21	trigger_event	original	auto	original	1	0.00	Formula One	1375827499			640408d8d99c
safety_milestones	22	trigger_event	original	auto	original	2	0.00	Halo (safety device)	1364902389			d7e08ddea543
safety_milestones	25	trigger_event	original	auto	original	2	0.00	Formula One	1375827499			c00072b147e4
safety_milestones	1	description	original	auto	original	3	0.00	Death of Ayrton Senna	1372935412			4eb3a8b6e24f
safety_milestones	2	description	original	auto	original	2	0.00	2026 in Japan	1376561934			ac1aed9aabf1
safety_milestones	3	description	original	auto	original	2	0.00	History of Formula One	1371272002			cc5004f7c255
safety_milestones	4	description	original	auto	original	1	0.00	Glossary of motorsport terms	1375827748			5b85558b966c
safety_milestones	5	description	original	auto	original	2	0.00	History of Formula One regulations	1376593940			037ab26debec
safety_milestones	6	description	original	auto	original	2	0.00	Lotus 72	1370969025			2e2bb669b066
safety_milestones	7	description	original	auto	original	3	0.00	1994 San Marino Grand Prix	1366755913			cde4642df592
safety_milestones	8	description	original	auto	original	2	0.00	History of Formula One regulations	1376593940			930f44035b6c
safety_milestones	9	description	original	auto	original	4	0.20	History of Formula One regulations	1376593940			f1eee42312ff
safety_milestones	10	description	original	auto	original	3	0.00	1995 Formula One World Championship	1375309886			bc804861c371
safety_milestones	11	description	original	auto	original	3	0.00	1960 Formula One season	1370951701			32f7feecb703
safety_milestones	12	description	original	auto	original	2	0.00	History of Formula One	1371272002			8a47541a9e1e
safety_milestones	13	description	original	auto	original	3	0.00	2026 Formula One World Championship	1376997788			311b177e458c
safety_milestones	14	description	original	auto	original	2	0.00	History of Formula One	1371272002			6bb2466b2d54
safety_milestones	16	description	original	auto	original	4	0.06	HANS device	1373912714			f4ae3722d372
safety_milestones	18	description	original	auto	original	2	0.00	Body armor	1362892150			6d7612aeab8b
safety_milestones	20	description	original	auto	original	2	0.00	Formula One	1375827499			d886cc6af367
safety_milestones	21	description	original	auto	original	2	0.00	Formula One	1375827499			3702d44d200e
safety_milestones	22	description	original	auto	original	2	0.00	Halo (safety device)	1364902389			641b5aa16710
safety_milestones	23	description	original	auto	original	2	0.00	Crumple zone	1352134151			08b0aaa99474
safety_milestones	24	description	original	auto	original	3	0.00	Formula One regulations	1361067310			fa857ef41d75
safety_milestones	25	description	original	auto	original	2	0.00	Formula One	1375827499			b9f730b7e6a5
safety_milestones	26	description	original	auto	original	2	0.00	Formula One sponsorship liveries	1376645124			4e0e17aa3bc3
grands_prix	70th-anniversary	notes	original	auto	original	3	0.00	70th Anniversary Grand Prix	1362401030			df2b5b5e9136
grands_prix	bahrain	notes	original	read	paraphrased	4	0.33	Formula One	1375827499		stock: the shared words are a stock phrase of English or of the sport	b31fa2ee081a
grands_prix	brazilian	notes	original	auto	original	3	0.00	Brazilian Grand Prix	1376828410			8a02bc7561c9
grands_prix	british	notes	original	auto	original	2	0.00	British Grand Prix	1377089401			2c1a8ed45532
grands_prix	caesars-palace	notes	original	auto	original	2	0.00	Caesars Palace Grand Prix	1377091236			d758c6b13811
grands_prix	dallas	notes	original	auto	original	3	0.00	Dallas Grand Prix	1343653669			7a1b2d665f4c
grands_prix	dutch	notes	original	auto	original	1	0.00	Dutch Grand Prix	1371181633			80f807eac386
grands_prix	eifel	notes	original	auto	original	2	0.00	2020 Eifel Grand Prix	1375479034			30a8b82d9b12
grands_prix	emilia-romagna	notes	original	auto	original	2	0.00	Emilia-Romagna Grand Prix	1377185758			d4ca3c51e4f3
grands_prix	european	notes	original	auto	original	2	0.00	European Grand Prix	1370129068			07325d0b7c8d
grands_prix	french	notes	original	auto	original	3	0.00	French Grand Prix	1377087021			1bda9e58537b
grands_prix	hungarian	notes	original	read	paraphrased	4	0.33	Hungarian Grand Prix	1367677485		stock: the shared words are a stock phrase of English or of the sport	775c407ca9f4
grands_prix	indianapolis-500	notes	original	read	paraphrased	5	0.10	Formula One	1375827499	counted towards the world championship	stock: the shared words are a stock phrase of English or of the sport	4e54c3eb337f
grands_prix	italian	notes	original	auto	original	3	0.00	History of Formula One	1371272002			e0f3936b20f8
grands_prix	madrid	notes	original	auto	original	1	0.00	2026 Spanish Grand Prix	1377029647			4f7dfebf433c
grands_prix	mexican	notes	original	read	paraphrased	5	0.40	Mexican Grand Prix	1370173252	the mexico city grand prix	name: the shared words are a name or a title	9546d24c4a38
grands_prix	monaco	notes	original	read	paraphrased	5	0.20	Monaco Grand Prix	1373176236	the triple crown of motorsport	name: the shared words are a name or a title	65f56fdde145
grands_prix	moroccan	notes	original	auto	original	2	0.00	Formula One	1375827499			191ac4ca9b3f
grands_prix	pacific	notes	original	auto	original	3	0.00	1994 Pacific Grand Prix	1367374817			52ec2f67ac53
grands_prix	pescara	notes	original	auto	original	3	0.00	Pescara Circuit	1368470794			9d998e3cc337
grands_prix	russian	notes	original	auto	original	3	0.00	Russian Grand Prix	1374468252			dea6666eaa0b
grands_prix	sakhir	notes	original	auto	original	3	0.00	2021 Formula One World Championship	1371413806			3ea5bf4a22a4
grands_prix	san-marino	notes	original	auto	original	2	0.00	1994 San Marino Grand Prix	1366755913			aa5fd751979e
grands_prix	singapore	notes	original	auto	original	3	0.00	Formula One	1375827499			2a1e323ff03b
grands_prix	styrian	notes	original	auto	original	3	0.00	Styrian Grand Prix	1329223090			72226afdeeca
grands_prix	swedish	notes	original	read	paraphrased	5	0.20	Swedish Grand Prix	1370194739	ronnie peterson and gunnar nilsson	name: the shared words are a name or a title	2fd881c029c5
grands_prix	swiss	notes	original	read	paraphrased	7	0.40	1982 Swiss Grand Prix	1370911487	racing after the 1955 le mans disaster	name: the shared words are a name or a title	5799094ef480
grands_prix	tuscan	notes	original	auto	original	2	0.00	2020 Tuscan Grand Prix	1360483749			cd76b0f6a659
grands_prix	us-west	notes	original	auto	original	4	0.11	United States Grand Prix West	1365810938			56a34af6555a
governance	1	detail	original	auto	original	4	0.08	History of Formula One	1371272002			5bd8494327fe
governance	2	detail	original	auto	original	4	0.14	History of Formula One	1371272002			eeff974c6eda
governance	3	detail	original	auto	original	2	0.00	2025 Formula One World Championship	1370436518			3af08178b8a4
governance	4	detail	original	read	paraphrased	5	0.22	Bernie Ecclestone	1374191493	the formula one constructors association	name: the shared words are a name or a title	b03b2d64d0f4
governance	5	detail	original	auto	original	2	0.00	Formula One	1375827499			96728434fa81
governance	6	detail	original	auto	original	3	0.00	Concorde Agreement	1365300799			9a721924ea70
governance	7	detail	original	auto	original	2	0.00	Max Mosley	1373910141			2818c7292ce6
governance	8	detail	original	auto	original	2	0.00	Formula One	1375827499			f1bb6fb87c23
governance	9	detail	original	auto	original	4	0.09	Formula One	1375827499			fa53c3d70acd
governance	10	detail	original	auto	original	3	0.00	Formula One	1375827499			bbe85a02f1d8
governance	11	detail	original	auto	original	3	0.00	2013 Formula One World Championship	1371491585			7c6565aa3a17
governance	12	detail	original	auto	original	3	0.00	Formula One Group	1371352554			6aa91dde0845
governance	13	detail	original	auto	original	2	0.00	2026 Formula One World Championship	1376997788			075aa8661f3d
governance	15	detail	original	auto	original	4	0.04	2022 Formula One World Championship	1373708129			de8cc38cf0ab
governance	16	detail	original	auto	original	4	0.11	Andretti Global	1377051816			3edd80d8b799
governance	17	detail	original	auto	original	4	0.10	Cadillac in Formula One	1376533252			abf0fa465a0f
governance	18	detail	original	auto	original	3	0.00	Formula One	1375827499			5baf4c1ac81d
governance	1	significance	original	read	paraphrased	4	1.00	Formula One	1375827499		stock: the shared words are a stock phrase of English or of the sport	1dc8c9f3f5d2
governance	2	significance	original	auto	original	1	0.00	2025 Formula One World Championship	1370436518			001dbe3f66c8
governance	3	significance	original	auto	original	2	0.00	Formula One	1375827499			919f5bec7053
governance	4	significance	original	auto	original	3	0.00	Formula One	1375827499			a8ba9421e0eb
governance	5	significance	original	auto	original	2	0.00	Formula One	1375827499			5444029e1173
governance	6	significance	original	auto	original	2	0.00	Concorde Agreement	1365300799			890ad13a2de4
governance	7	significance	original	auto	original	2	0.00	Max Mosley	1373910141			4dcf3db2c49d
governance	8	significance	original	auto	original	2	0.00	2022 Formula One World Championship	1373708129			03d668db6284
governance	9	significance	original	auto	original	1	0.00	Formula One	1375827499			62b92459baaa
governance	10	significance	original	auto	original	4	0.17	Formula One	1375827499			6fdfd3857e03
governance	11	significance	original	auto	original	2	0.00	Jean Todt	1374567503			7e9f46dd4182
governance	12	significance	original	auto	original	3	0.00	List of Formula One broadcasters	1376199923			22603221245c
governance	13	significance	original	auto	original	3	0.00	Formula One	1375827499			bbb431346739
governance	15	significance	original	auto	original	2	0.00	Formula One	1375827499			878375569925
governance	16	significance	original	auto	original	2	0.00	Cadillac MAC-26	1374668213			db2422abcb8f
governance	17	significance	original	read	paraphrased	6	0.33	2026 Formula One World Championship	1376997788	for the first time since 2016	stock: the shared words are a stock phrase of English or of the sport	12786d461e27
governance	18	significance	original	auto	original	2	0.00	Formula One	1375827499			bf62306bbd6d
engine_eras	1	notes	original	auto	original	3	0.00	Alfa Romeo in Formula One	1370967280			d05fa7431b91
engine_eras	2	notes	original	auto	original	2	0.00	History of Formula One	1371272002			0a89a1ffd7ae
engine_eras	3	notes	original	auto	original	2	0.00	Formula One engines	1377015801			6ac8dc43725d
engine_eras	4	notes	original	auto	original	2	0.00	Formula One engines	1377015801			268b696b8a7d
engine_eras	5	notes	original	auto	original	3	0.00	Formula One engines	1377015801			cfd6c26e8c26
engine_eras	6	notes	original	read	paraphrased	5	0.07	Honda in Formula One	1372207125	4 0 bar in 1987	figures: the shared words are figures: a points scale, a capacity, a power output	43cea55fabc6
engine_eras	7	notes	original	auto	original	4	0.07	History of Formula One	1371272002			2959c1743cf0
engine_eras	8	notes	original	auto	original	3	0.00	Formula One engines	1377015801			f800cdc4a73f
engine_eras	9	notes	original	auto	original	2	0.00	Formula One engines	1377015801			1abcc3578f61
engine_eras	10	notes	original	auto	original	3	0.00	Honda V6 hybrid Formula One power unit	1377013610			a41baf4e6610
engine_eras	11	notes	original	auto	original	3	0.00	Formula One engines	1377015801			0f333a232e30
eras	1	summary	original	auto	original	3	0.00	Formula One engines	1377015801			eb1fb2b330b1
eras	2	summary	original	auto	original	3	0.00	Rear mid-engine, rear-wheel-drive layout	1376486838			ca56849ba065
eras	3	summary	original	auto	original	3	0.00	History of Formula One	1371272002			e0a08503e196
eras	4	summary	original	auto	original	2	0.00	Formula One car	1371980960			14d5ca6cdd59
eras	5	summary	original	auto	original	4	0.05	Formula One	1375827499			fe1d47ec49b6
eras	6	summary	original	read	paraphrased	6	0.33	Formula One	1375827499	schumacher and ferrari won five consecutive	fact: the shared words state a result, a date or a record in the ordinary words for it	bae08605298f
eras	7	summary	original	auto	original	2	0.00	Bridge design	1376620641			81c6ac72e681
eras	8	summary	original	auto	original	3	0.00	Formula One	1375827499			200ada1575e8
eras	9	summary	original	auto	original	2	0.00	Universe of The Legend of Zelda	1371569044			61a35036bda9
eras	10	summary	original	auto	original	2	0.00	2026 Formula One World Championship	1376997788			be9e12d84f33
eras	1	defining_features	original	auto	original	2	0.00	Formula One engines	1377015801			2aa1ebdb59d5
eras	2	defining_features	original	auto	original	4	0.18	Formula One engines	1377015801			857ee9e380b2
eras	3	defining_features	original	auto	original	4	0.10	Formula One	1375827499			4f82ca9b935f
eras	4	defining_features	original	auto	original	3	0.00	History of Formula One	1371272002			c7442c5e8823
eras	5	defining_features	original	auto	original	3	0.00	Allegations of cheating during the 1994 Formula One World Championship	1356319621			028ae5af1058
eras	6	defining_features	original	auto	original	2	0.00	Formula One	1375827499			d73a0e6da8db
eras	7	defining_features	original	auto	original	3	0.00	History of Formula One	1371272002			75e97777c548
eras	8	defining_features	original	auto	original	4	0.09	Formula One engines	1377015801			72d6f6452e73
eras	9	defining_features	original	auto	original	2	0.00	Formula One	1375827499			d6806fa15f7b
eras	10	defining_features	original	auto	original	2	0.00	2026 Formula One World Championship	1376997788			dcbaf2ccdd70
tyre_suppliers	1	notes	original	auto	original	2	0.00	Formula One tyres	1377016173			fc09ddccd4c2
tyre_suppliers	2	notes	original	auto	original	3	0.00	Formula One tyres	1377016173			5781e97c37d7
tyre_suppliers	3	notes	original	auto	original	2	0.00	Formula One	1375827499			92fb83532ca6
tyre_suppliers	4	notes	original	auto	original	4	0.10	History of Formula One	1371272002			185ecfcaa2cd
tyre_suppliers	5	notes	original	auto	original	3	0.00	List of Formula One World Drivers' Champions	1375995717			49df90be4a0a
tyre_suppliers	6	notes	original	auto	original	3	0.00	Formula One tyres	1377016173			1810a35442c1
tyre_suppliers	7	notes	original	auto	original	1	0.00	Formula One tyres	1377016173			3300043c46c7
tyre_suppliers	8	notes	original	auto	original	2	0.00	Formula One tyres	1377016173			fca8845f99c6
tyre_suppliers	9	notes	original	auto	original	2	0.00	Formula One tyres	1377016173			a6f177324f5c
points_systems	1	notes	original	auto	original	4	0.14	1950 Formula One season	1371248309			8fe857d48125
points_systems	2	notes	original	read	paraphrased	5	0.67	List of Formula One points systems	1377014701	the fastest lap point was	stock: the shared words are a stock phrase of English or of the sport	1ab1c1c23a30
points_systems	3	notes	original	auto	original	2	0.00	List of Formula One points systems	1377014701			3dfd77bd8679
points_systems	4	notes	original	auto	original	2	0.00	History of Formula One	1371272002			1d6e223deb10
points_systems	5	notes	original	auto	original	2	0.00	Formula One	1375827499			5f89d9b311dd
points_systems	6	notes	original	auto	original	2	0.00	List of Formula One points systems	1377014701			e172b52d07f0
points_systems	8	notes	original	read	paraphrased	5	0.67	List of Formula One points systems	1377014701	the fastest lap point was	stock: the shared words are a stock phrase of English or of the sport	f3e35e77701c
points_systems	9	notes	original	auto	original	3	0.00	2021 Formula One World Championship	1371413806			34ef3419b198
points_systems	10	notes	original	auto	original	3	0.00	2022 Formula One World Championship	1373708129			c02a80b5a3ce
team_radio	1	context	original	read	paraphrased	6	0.09	History of Formula One	1371272002	the ban on team orders for	fact: the shared words state a result, a date or a record in the ordinary words for it	20089863e250
team_radio	2	context	original	read	paraphrased	6	0.07	2013 Malaysian Grand Prix	1373046017	multi 21 seb yeah multi 21	quote: the shared words are a quotation both texts quote - a radio message, a period slogan	fb4d510d2c8a
team_radio	3	context	original	auto	original	3	0.00	2015 Japanese Grand Prix	1370166655			aa6e09b133f5
team_radio	4	context	original	read	paraphrased	5	0.06	2021 Abu Dhabi Grand Prix	1373349274	cars between hamilton and verstappen	fact: the shared words state a result, a date or a record in the ordinary words for it	58d77a9c1291
team_radio	5	context	original	read	close	11	0.16	2021 Abu Dhabi Grand Prix	1373349274	toto it's called a motor race ok we went car racing	quote: the shared words are a quotation both texts quote - a radio message, a period slogan	ea24c85d5e81
team_radio	6	context	original	auto	original	3	0.00	Abu Dhabi Grand Prix	1376065521			c1f50ea2d030
circuit_layouts	1	change_reason	original	auto	original	3	0.00	Circuit de Spa-Francorchamps	1376830316			8dc5dbd7b223
circuit_layouts	2	change_reason	original	auto	original	2	0.00	Circuit de Spa-Francorchamps	1376830316			da2e4e5dcb4e
circuit_layouts	3	change_reason	original	auto	original	3	0.00	History of Formula One	1371272002			330582dc45a6
circuit_layouts	4	change_reason	original	auto	original	3	0.00	Formula One	1375827499			0680dfd55542
circuit_layouts	5	change_reason	original	auto	original	3	0.00	Monza Circuit	1377047307			32a9da7aad2a
circuit_layouts	6	change_reason	original	auto	original	2	0.00	Monza Circuit	1377047307			782a56cae01e
circuit_layouts	7	change_reason	original	auto	original	3	0.00	History of Formula One	1371272002			ccf57be15362
circuit_layouts	8	change_reason	original	auto	original	3	0.00	Monza Circuit	1377047307			1e0b615df3ac
circuit_layouts	9	change_reason	original	auto	original	2	0.00	Monza Circuit	1377047307			81430b35dce4
circuit_layouts	10	change_reason	original	auto	original	2	0.00	Monza Circuit	1377047307			01eb4cde4eda
circuit_layouts	11	change_reason	original	auto	original	2	0.00	Monza Circuit	1377047307			ce2b699718d7
circuit_layouts	12	change_reason	original	auto	original	2	0.00	Silverstone Circuit	1377046671			2a19b83d6a6e
circuit_layouts	13	change_reason	original	auto	original	2	0.00	Silverstone Circuit	1377046671			f1c9838fca73
circuit_layouts	14	change_reason	original	auto	original	3	0.00	Silverstone Circuit	1377046671			beb79536b157
circuit_layouts	15	change_reason	original	auto	original	2	0.00	Development history of the Silverstone Circuit	1366037441			44909c1b80ac
circuit_layouts	16	change_reason	original	auto	original	3	0.00	Silverstone Circuit	1377046671			4ac4b3e65903
circuit_layouts	17	change_reason	original	auto	original	3	0.00	Formula One	1375827499			a7dbe727d0cc
circuit_layouts	18	change_reason	original	auto	original	2	0.00	Development history of the Silverstone Circuit	1366037441			d60a9e9de163
circuit_layouts	19	change_reason	original	auto	original	3	0.00	Development history of the Silverstone Circuit	1366037441			a9934bf5153f
circuit_layouts	20	change_reason	original	auto	original	3	0.00	Silverstone Circuit	1377046671			8f520f112ded
circuit_layouts	21	change_reason	original	auto	original	2	0.00	Hockenheimring	1377048136			d028dddec7c6
circuit_layouts	22	change_reason	original	read	paraphrased	5	0.27	Hockenheimring	1377048136	after patrick depailler was killed	fact: the shared words state a result, a date or a record in the ordinary words for it	ff91a33ac415
circuit_layouts	23	change_reason	original	auto	original	3	0.00	Hockenheimring	1377048136			6603fa8daddf
circuit_layouts	24	change_reason	original	auto	original	2	0.00	Hockenheimring	1377048136			3114ba499551
circuit_layouts	25	change_reason	original	auto	original	2	0.00	2012 Formula One World Championship	1376317031			c2352fbdadfc
circuit_layouts	26	change_reason	original	auto	original	3	0.00	History of Formula One	1371272002			0df03ae99153
circuit_layouts	27	change_reason	original	auto	original	1	0.00	2012 Formula One World Championship	1376317031			ec2f766eeb19
circuit_layouts	28	change_reason	original	auto	original	3	0.00	2012 Formula One World Championship	1376317031			fad7f019cab1
circuit_layouts	29	change_reason	original	auto	original	4	0.20	Indianapolis 500	1373470137			068a87c63eb7
circuit_layouts	30	change_reason	original	auto	original	3	0.00	Indianapolis Motor Speedway	1376869578			71f5540c6e00
circuit_layouts	31	change_reason	original	auto	original	2	0.00	Circuit de Barcelona-Catalunya	1375880705			6c25e62a5400
circuit_layouts	32	change_reason	original	auto	original	2	0.00	Circuit de Barcelona-Catalunya	1375880705			1b38dee4301f
circuit_layouts	33	change_reason	original	auto	original	1	0.00	Formula One	1375827499			1dc9f0544241
circuit_layouts	34	change_reason	original	auto	original	2	0.00	Circuit de Barcelona-Catalunya	1375880705			54767a1aed8e
circuit_layouts	35	change_reason	original	auto	original	2	0.00	Circuit de Barcelona-Catalunya	1375880705			94743ca60869
circuit_layouts	36	change_reason	original	auto	original	2	0.00	Circuit de Barcelona-Catalunya	1375880705			aeba42813bc0
circuit_layouts	37	change_reason	original	auto	original	3	0.00	Albert Park, Victoria	1367011511			0c79403b931b
circuit_layouts	38	change_reason	original	auto	original	2	0.00	Albert Park Circuit	1375373118			1e44f4f2d1ba
circuit_layouts	39	change_reason	original	auto	original	2	0.00	Red Bull Ring	1375861088			3901ddeb3939
circuit_layouts	40	change_reason	original	auto	original	3	0.00	Red Bull Ring	1375861088			8a44a64de38b
circuit_layouts	41	change_reason	original	auto	original	3	0.00	Red Bull Ring	1375861088			ef760fee9c83
circuit_layouts	42	change_reason	original	auto	original	3	0.00	Autódromo Hermanos Rodríguez	1376829470			09fc9aeee300
circuit_layouts	43	change_reason	original	read	paraphrased	5	0.15	Autódromo Hermanos Rodríguez	1376829470	pass around the outside of	stock: the shared words are a stock phrase of English or of the sport	bb722cb4e2d5
circuit_layouts	44	change_reason	original	read	paraphrased	5	0.20	Autódromo Hermanos Rodríguez	1376829470	the foro sol baseball stadium	name: the shared words are a name or a title	8d57115e89a9
circuit_layouts	45	change_reason	original	auto	original	3	0.00	Formula One	1375827499			6aa4369779ac
circuit_layouts	46	change_reason	original	auto	original	3	0.00	Bahrain International Circuit	1376805411			e94459a9798c
circuit_layouts	47	change_reason	original	auto	original	2	0.00	Bahrain International Circuit	1376805411			ad1b259b9001
circuit_layouts	48	change_reason	original	auto	original	4	0.10	Marina Bay Street Circuit	1357328473			5d443806c9d9
circuit_layouts	49	change_reason	original	auto	original	3	0.00	Marina Bay Street Circuit	1357328473			4ba5022bd919
circuit_layouts	50	change_reason	original	auto	original	2	0.00	History of Formula One	1371272002			17222aea6750
circuit_layouts	51	change_reason	original	auto	original	3	0.00	Yas Marina Circuit	1376818246			8cf6864c4645
